id_number,last_name,first_name,dob,gender,email,phone,address
20648845,Mbeki,Fatima,2007-12-01,Female,fatima.mbeki8845@student.example.ac.za,060 555 5955,"Flat 19, 55 Helshoogte Rd, Stellenbosch, 7600"
24538493,Khumalo,Reanette,2006-04-18,Female,reanette.khumalo8493@student.example.ac.za,072 555 7424,"Room 391, Oude Molen Hall, Stellenbosch, 7600"
25743251,Radebe,Chanel,2005-08-30,Female,chanel.radebe3251@student.example.ac.za,073 555 1688,"103 Bird St, Stellenbosch, 7600"
20128831,Govender,Aisha,2004-10-03,Female,aisha.govender8831@student.example.ac.za,071 555 9976,"Room 405, Lentelus House, Stellenbosch, 7600"
23669235,Khumalo,Zanele,2005-09-09,Female,zanele.khumalo9235@student.example.ac.za,076 555 8583,"15 Helshoogte Rd, Stellenbosch, 7600"
21884318,Sithole,Anri,2005-11-25,Female,anri.sithole4318@student.example.ac.za,060 555 7592,"8 Neethling St, Stellenbosch, 7600"
24122519,Venter,Nomsa,2005-03-07,Female,nomsa.venter2519@student.example.ac.za,073 555 6259,"Flat 23, 31 Merriman Ave, Stellenbosch, 7600"
25015929,Radebe,Aisha,2004-04-24,Non-binary,aisha.radebe5929@student.example.ac.za,071 555 6583,"154 Merriman Ave, Stellenbosch, 7600"
26910712,Venter,Bianca,2003-10-19,Female,bianca.venter0712@student.example.ac.za,084 555 9402,"81 Church St, Stellenbosch, 7600"
21625788,Le Roux,Xolani,2003-09-27,Male,xolani.leroux5788@student.example.ac.za,082 555 6104,"Flat 20, 42 Plein St, Stellenbosch, 7600"
23580161,Cele,Francois,2006-02-21,Male,francois.cele0161@student.example.ac.za,079 555 4834,"Room 327, Lentelus House, Stellenbosch, 7600"
27721735,Swanepoel,Aisha,2000-08-28,Female,aisha.swanepoel1735@student.example.ac.za,081 555 4081,"Room 198, Pniel Court, Stellenbosch, 7600"
27037403,Naidoo,Imaan,2006-08-26,Female,imaan.naidoo7403@student.example.ac.za,060 555 0148,"110 Bird St, Stellenbosch, 7600"
26739029,Naidoo,Jana,2004-03-30,Female,jana.naidoo9029@student.example.ac.za,072 555 3077,"Room 304, Rozendal Lodge, Stellenbosch, 7600"
27918345,Jacobs,Jaco,2006-10-03,Male,jaco.jacobs8345@student.example.ac.za,060 555 2375,"106 Helshoogte Rd, Stellenbosch, 7600"
21032031,Pather,Imaan,2004-03-26,Female,imaan.pather2031@student.example.ac.za,084 555 0293,"91 Bird St, Stellenbosch, 7600"
27062027,Ndlovu,Tumelo,2002-11-04,Female,tumelo.ndlovu2027@student.example.ac.za,084 555 1371,"Room 386, Rozendal Lodge, Stellenbosch, 7600"
22811928,Nel,Fikile,2004-07-22,Male,fikile.nel1928@student.example.ac.za,073 555 5145,"Flat 20, 19 Ryneveld St, Stellenbosch, 7600"
25692363,Engelbrecht,Themba,2007-09-13,Male,themba.engelbrecht2363@student.example.ac.za,060 555 6866,"Flat 17, 12 Dorp St, Stellenbosch, 7600"
20760712,Adams,Wian,2007-02-26,Male,wian.adams0712@student.example.ac.za,072 555 8214,"Room 361, Pniel Court, Stellenbosch, 7600"
20852794,Adams,Carmen,2003-01-03,Female,carmen.adams2794@student.example.ac.za,071 555 4382,"Room 412, Oude Molen Hall, Stellenbosch, 7600"
24390740,Booysen,Buhle,2006-09-27,Female,buhle.booysen0740@student.example.ac.za,073 555 5086,"Room 195, Lentelus House, Stellenbosch, 7600"
26065922,Lombard,Fikile,2005-03-16,Male,fikile.lombard5922@student.example.ac.za,073 555 7765,"Room 156, Eikestad House, Stellenbosch, 7600"
26573374,Swanepoel,Naledi,2001-07-06,Female,naledi.swanepoel3374@student.example.ac.za,078 555 0300,"Room 345, Bergzicht Residence, Stellenbosch, 7600"
27010063,Pather,Ian,2004-04-03,Male,ian.pather0063@student.example.ac.za,071 555 4562,"Room 290, Rozendal Lodge, Stellenbosch, 7600"
27033848,Mokoena,Thabo,2006-06-18,Male,thabo.mokoena3848@student.example.ac.za,081 555 9408,"Room 210, Rozendal Lodge, Stellenbosch, 7600"
23429968,Pillay,Tumelo,2006-01-24,Female,tumelo.pillay9968@student.example.ac.za,060 555 7932,"Room 395, Pniel Court, Stellenbosch, 7600"
21869380,Mokoena,Imaan,2007-08-18,Female,imaan.mokoena9380@student.example.ac.za,081 555 8249,"79 Banghoek Rd, Stellenbosch, 7600"
24488931,Zulu,Neo,2001-04-15,Male,neo.zulu8931@student.example.ac.za,079 555 6359,"Flat 20, 87 Church St, Stellenbosch, 7600"
23834141,Xaba,Tshepo,2006-02-20,Male,tshepo.xaba4141@student.example.ac.za,076 555 6990,"Flat 24, 52 Merriman Ave, Stellenbosch, 7600"
25739088,Petersen,Palesa,2006-05-13,Female,palesa.petersen9088@student.example.ac.za,084 555 8061,"Room 319, Pniel Court, Stellenbosch, 7600"
21773371,Botha,Zakhele,2005-07-26,Male,zakhele.botha3371@student.example.ac.za,073 555 6807,"Room 158, Lentelus House, Stellenbosch, 7600"
20134473,Williams,Naledi,2004-11-18,Female,naledi.williams4473@student.example.ac.za,084 555 5912,"16 Adam Tas Rd, Stellenbosch, 7600"
25078300,Maharaj,Rohan,2006-04-18,Male,rohan.maharaj8300@student.example.ac.za,072 555 2946,"Flat 23, 88 Church St, Stellenbosch, 7600"
26679755,Dlamini,Callum,2005-05-28,Male,callum.dlamini9755@student.example.ac.za,060 555 6094,"Room 352, Simonsberg House, Stellenbosch, 7600"
23913550,Maharaj,Sibusiso,2004-02-25,Male,sibusiso.maharaj3550@student.example.ac.za,073 555 3791,"Flat 19, 23 Dorp St, Stellenbosch, 7600"
26352902,Khumalo,Nomsa,2002-10-27,Female,nomsa.khumalo2902@student.example.ac.za,060 555 9412,"67 Helshoogte Rd, Stellenbosch, 7600"
25315355,Pillay,Aisha,2000-11-19,Female,aisha.pillay5355@student.example.ac.za,082 555 7471,"50 Merriman Ave, Stellenbosch, 7600"
27912683,Brits,Wian,2002-09-15,Male,wian.brits2683@student.example.ac.za,072 555 1610,"Room 131, Simonsberg House, Stellenbosch, 7600"
27084808,Kruger,Thandi,2007-11-09,Female,thandi.kruger4808@student.example.ac.za,082 555 6099,"52 Plein St, Stellenbosch, 7600"
25783082,Sithole,Fatima,2002-02-21,Female,fatima.sithole3082@student.example.ac.za,079 555 7394,"Room 402, Bergzicht Residence, Stellenbosch, 7600"
26196514,Govender,Lerato,2005-03-01,Female,lerato.govender6514@student.example.ac.za,072 555 8050,"71 Dorp St, Stellenbosch, 7600"
26511780,Meyer,Christiaan,2007-11-24,Male,christiaan.meyer1780@student.example.ac.za,083 555 8648,"Room 256, Kruispad Hall, Stellenbosch, 7600"
22917296,Ndlovu,Ethan,2003-03-31,Male,ethan.ndlovu7296@student.example.ac.za,083 555 4811,"Room 307, Bergzicht Residence, Stellenbosch, 7600"
26560867,Le Roux,Maya,2005-08-24,Female,maya.leroux0867@student.example.ac.za,078 555 5479,"Flat 29, 24 Ryneveld St, Stellenbosch, 7600"
24626342,Williams,Bianca,2005-10-22,Female,bianca.williams6342@student.example.ac.za,071 555 8096,"Room 350, Oude Molen Hall, Stellenbosch, 7600"
20091240,Mahlangu,Anele,2007-05-30,Female,anele.mahlangu1240@student.example.ac.za,079 555 7119,"Room 181, Bergzicht Residence, Stellenbosch, 7600"
25805320,Dlamini,Ashwin,2006-12-12,Male,ashwin.dlamini5320@student.example.ac.za,076 555 7554,"Room 297, Pniel Court, Stellenbosch, 7600"
23744653,Xaba,Liam,2006-04-05,Male,liam.xaba4653@student.example.ac.za,076 555 2337,"Room 261, Bergzicht Residence, Stellenbosch, 7600"
25717751,Maharaj,Imaan,2006-08-09,Female,imaan.maharaj7751@student.example.ac.za,076 555 2277,"129 Helshoogte Rd, Stellenbosch, 7600"
22495433,Williams,Tshepo,2007-12-03,Male,tshepo.williams5433@student.example.ac.za,081 555 9837,"Flat 5, 22 Victoria St, Stellenbosch, 7600"
27441811,Van der Merwe,Carmen,2008-03-05,Female,carmen.vandermerwe1811@student.example.ac.za,079 555 8405,"46 Ryneveld St, Stellenbosch, 7600"
21362024,Pretorius,Lungile,2007-04-14,Male,lungile.pretorius2024@student.example.ac.za,073 555 6001,"Room 391, Simonsberg House, Stellenbosch, 7600"
25809293,Naidoo,Ashwin,2003-05-02,Male,ashwin.naidoo9293@student.example.ac.za,084 555 6514,"Room 288, Lentelus House, Stellenbosch, 7600"
27357122,Williams,Ashwin,2006-09-22,Male,ashwin.williams7122@student.example.ac.za,072 555 4778,"96 Church St, Stellenbosch, 7600"
20114809,Jacobs,Gugu,2002-06-17,Female,gugu.jacobs4809@student.example.ac.za,076 555 6003,"72 Victoria St, Stellenbosch, 7600"
23630180,Hendricks,Lindiwe,2004-03-06,Female,lindiwe.hendricks0180@student.example.ac.za,071 555 0142,"Room 183, Lentelus House, Stellenbosch, 7600"
21844988,Smit,Tumelo,2004-01-12,Female,tumelo.smit4988@student.example.ac.za,076 555 4032,"125 Church St, Stellenbosch, 7600"
24650225,Van der Merwe,Olivia,2006-02-11,Female,olivia.vandermerwe0225@student.example.ac.za,084 555 0661,"Room 158, Kruispad Hall, Stellenbosch, 7600"
27217019,Xaba,Thandi,2006-12-10,Female,thandi.xaba7019@student.example.ac.za,072 555 5188,"Room 300, Bergzicht Residence, Stellenbosch, 7600"
26563079,Radebe,Lungile,2004-06-13,Male,lungile.radebe3079@student.example.ac.za,060 555 4759,"66 Merriman Ave, Stellenbosch, 7600"
22464026,Van Wyk,Zanele,2004-05-27,Female,zanele.vanwyk4026@student.example.ac.za,081 555 6116,"Flat 26, 108 Adam Tas Rd, Stellenbosch, 7600"
20323593,Pillay,Amahle,2006-11-19,Female,amahle.pillay3593@student.example.ac.za,076 555 2151,"155 Neethling St, Stellenbosch, 7600"
27561960,Olivier,Pieter,2002-09-24,Male,pieter.olivier1960@student.example.ac.za,084 555 4739,"Room 377, Bergzicht Residence, Stellenbosch, 7600"
20095037,Petersen,Elri,2004-04-30,Female,elri.petersen5037@student.example.ac.za,071 555 8599,"Room 234, Eikestad House, Stellenbosch, 7600"
25700849,Adams,Maya,2004-06-15,Female,maya.adams0849@student.example.ac.za,083 555 8623,"Room 166, Lentelus House, Stellenbosch, 7600"
22183972,Cele,Kagiso,2005-11-15,Male,kagiso.cele3972@student.example.ac.za,079 555 9647,"125 Banghoek Rd, Stellenbosch, 7600"
20102249,Adams,Tumelo,2006-11-18,Female,tumelo.adams2249@student.example.ac.za,078 555 1427,"Room 115, Lentelus House, Stellenbosch, 7600"
23512879,Zulu,Karabo,2003-06-02,Female,karabo.zulu2879@student.example.ac.za,076 555 0441,"Room 240, Lentelus House, Stellenbosch, 7600"
23560593,Naidoo,Wian,2008-08-21,Male,wian.naidoo0593@student.example.ac.za,081 555 5585,"30 Ryneveld St, Stellenbosch, 7600"
20199987,Swanepoel,Naledi,2001-03-12,Female,naledi.swanepoel9987@student.example.ac.za,060 555 9238,"Room 179, Pniel Court, Stellenbosch, 7600"
23651093,Nel,Imaan,2002-07-23,Female,imaan.nel1093@student.example.ac.za,083 555 7260,"Room 249, Pniel Court, Stellenbosch, 7600"
22989061,Du Plessis,Anri,2007-02-14,Female,anri.duplessis9061@student.example.ac.za,073 555 2744,"Flat 29, 35 Ryneveld St, Stellenbosch, 7600"
21272489,Mbeki,Ethan,2007-11-04,Male,ethan.mbeki2489@student.example.ac.za,083 555 3186,"Room 362, Kruispad Hall, Stellenbosch, 7600"
23612502,Tshabalala,Tumelo,2004-08-11,Female,tumelo.tshabalala2502@student.example.ac.za,076 555 6404,"Room 176, Oude Molen Hall, Stellenbosch, 7600"
27668853,Mbeki,Callum,2006-04-12,Male,callum.mbeki8853@student.example.ac.za,078 555 4946,"Flat 25, 97 Ryneveld St, Stellenbosch, 7600"
27487409,Molefe,Amahle,2006-05-16,Female,amahle.molefe7409@student.example.ac.za,060 555 2292,"63 Neethling St, Stellenbosch, 7600"
24764428,Nel,Reanette,2003-10-19,Female,reanette.nel4428@student.example.ac.za,081 555 6593,"Room 307, Lentelus House, Stellenbosch, 7600"
27586418,Fourie,Xolani,2003-06-16,Male,xolani.fourie6418@student.example.ac.za,081 555 2243,"Room 172, Bergzicht Residence, Stellenbosch, 7600"
23486518,Mahlangu,Anele,2001-01-18,Female,anele.mahlangu6518@student.example.ac.za,073 555 8676,"15 Victoria St, Stellenbosch, 7600"
27786262,Van Wyk,Gareth,2007-11-18,Male,gareth.vanwyk6262@student.example.ac.za,078 555 4108,"152 Bird St, Stellenbosch, 7600"
20171637,Pillay,Lerato,2005-03-18,Female,lerato.pillay1637@student.example.ac.za,078 555 6274,"Room 190, Bergzicht Residence, Stellenbosch, 7600"
25927476,Adams,Gugu,2004-09-18,Female,gugu.adams7476@student.example.ac.za,081 555 5903,"53 Bird St, Stellenbosch, 7600"
23212531,Visser,Chloe,2004-05-04,Female,chloe.visser2531@student.example.ac.za,072 555 7035,"Flat 5, 33 Bird St, Stellenbosch, 7600"
21996146,Dlamini,Pieter,2002-03-12,Male,pieter.dlamini6146@student.example.ac.za,079 555 8013,"Flat 3, 106 Adam Tas Rd, Stellenbosch, 7600"
20345093,Hendricks,Faith,2000-09-12,Female,faith.hendricks5093@student.example.ac.za,084 555 7532,"Flat 13, 77 Adam Tas Rd, Stellenbosch, 7600"
25755065,Nkosi,Emma,2001-06-09,Female,emma.nkosi5065@student.example.ac.za,073 555 7604,"47 Helshoogte Rd, Stellenbosch, 7600"
25465476,Visser,Sibusiso,2002-09-18,Male,sibusiso.visser5476@student.example.ac.za,081 555 0975,"Room 209, Simonsberg House, Stellenbosch, 7600"
26612463,Mahlangu,Kagiso,2003-05-30,Male,kagiso.mahlangu2463@student.example.ac.za,082 555 2652,"138 Adam Tas Rd, Stellenbosch, 7600"
20875966,Meyer,Dineo,2006-03-07,Female,dineo.meyer5966@student.example.ac.za,071 555 4064,"Flat 7, 131 Victoria St, Stellenbosch, 7600"
24968363,Fourie,Jason,2006-01-25,Male,jason.fourie8363@student.example.ac.za,078 555 9499,"Flat 22, 154 Neethling St, Stellenbosch, 7600"
26420262,Jacobs,Riaan,2006-06-22,Male,riaan.jacobs0262@student.example.ac.za,083 555 5699,"Room 304, Simonsberg House, Stellenbosch, 7600"
27841739,Kruger,Dineo,2008-02-23,Female,dineo.kruger1739@student.example.ac.za,079 555 5320,"16 Andringa St, Stellenbosch, 7600"
27434469,Hendricks,Imaan,2004-02-24,Female,imaan.hendricks4469@student.example.ac.za,072 555 1210,"Room 162, Simonsberg House, Stellenbosch, 7600"
26285531,Govender,Neo,2007-07-25,Male,neo.govender5531@student.example.ac.za,076 555 9332,"Flat 5, 18 Andringa St, Stellenbosch, 7600"
23968112,Pather,Palesa,2005-08-15,Female,palesa.pather8112@student.example.ac.za,081 555 9939,"Room 387, Simonsberg House, Stellenbosch, 7600"
27294776,Molefe,Andile,2004-03-08,Prefer not to say,andile.molefe4776@student.example.ac.za,071 555 1180,"Flat 8, 40 Church St, Stellenbosch, 7600"
24348672,Naidoo,Tiaan,2000-03-24,Male,tiaan.naidoo8672@student.example.ac.za,073 555 2446,"Flat 19, 47 Plein St, Stellenbosch, 7600"
23260838,Mbeki,Hannah,2007-08-16,Female,hannah.mbeki0838@student.example.ac.za,076 555 1670,"Flat 2, 42 Andringa St, Stellenbosch, 7600"
24597878,Khumalo,Fatima,2007-10-13,Female,fatima.khumalo7878@student.example.ac.za,076 555 6842,"Room 408, Kruispad Hall, Stellenbosch, 7600"
21901434,Swanepoel,Francois,2006-04-27,Male,francois.swanepoel1434@student.example.ac.za,072 555 6109,"Room 163, Eikestad House, Stellenbosch, 7600"
23216680,Engelbrecht,Zoe,2006-11-17,Female,zoe.engelbrecht6680@student.example.ac.za,073 555 6246,"Flat 27, 98 Victoria St, Stellenbosch, 7600"
20300167,Meyer,Carmen,2001-06-09,Female,carmen.meyer0167@student.example.ac.za,073 555 9065,"Room 128, Oude Molen Hall, Stellenbosch, 7600"
25462482,Le Roux,Francois,2003-11-08,Male,francois.leroux2482@student.example.ac.za,071 555 4209,"Flat 14, 95 Banghoek Rd, Stellenbosch, 7600"
27995129,Molefe,Ashwin,2003-05-09,Male,ashwin.molefe5129@student.example.ac.za,071 555 4212,"140 Merriman Ave, Stellenbosch, 7600"
23744586,Ndlovu,Liezl,2005-01-25,Female,liezl.ndlovu4586@student.example.ac.za,060 555 8356,"Flat 12, 81 Church St, Stellenbosch, 7600"
23937839,Lombard,Ethan,2006-05-21,Male,ethan.lombard7839@student.example.ac.za,072 555 3993,"Room 275, Lentelus House, Stellenbosch, 7600"
26224733,Le Roux,Anele,2006-10-02,Prefer not to say,anele.leroux4733@student.example.ac.za,076 555 8072,"Room 401, Pniel Court, Stellenbosch, 7600"
20946917,Fourie,Thabo,2002-11-30,Male,thabo.fourie6917@student.example.ac.za,084 555 0897,"26 Helshoogte Rd, Stellenbosch, 7600"
21607837,Tshabalala,Jana,2005-10-22,Female,jana.tshabalala7837@student.example.ac.za,076 555 1781,"Room 334, Kruispad Hall, Stellenbosch, 7600"
23301095,Olivier,Wian,2004-02-15,Male,wian.olivier1095@student.example.ac.za,072 555 8121,"Room 119, Lentelus House, Stellenbosch, 7600"
24769599,Govender,Daniel,2003-06-25,Male,daniel.govender9599@student.example.ac.za,082 555 2134,"Room 305, Oude Molen Hall, Stellenbosch, 7600"
26227974,Smit,Deon,2006-12-23,Male,deon.smit7974@student.example.ac.za,081 555 2355,"Room 363, Bergzicht Residence, Stellenbosch, 7600"
20073236,Hendricks,Jana,2006-01-03,Female,jana.hendricks3236@student.example.ac.za,079 555 5607,"Flat 26, 37 Ryneveld St, Stellenbosch, 7600"
24862287,Jansen,Karabo,2007-07-28,Female,karabo.jansen2287@student.example.ac.za,084 555 3728,"125 Banghoek Rd, Stellenbosch, 7600"
22002763,Radebe,Pieter,2003-03-25,Male,pieter.radebe2763@student.example.ac.za,084 555 5334,"Room 401, Rozendal Lodge, Stellenbosch, 7600"
23583586,Mokoena,Palesa,2004-09-26,Female,palesa.mokoena3586@student.example.ac.za,071 555 3673,"150 Plein St, Stellenbosch, 7600"
25585935,Steyn,Maya,2004-06-15,Female,maya.steyn5935@student.example.ac.za,084 555 0690,"Room 223, Lentelus House, Stellenbosch, 7600"
25531480,Mahlangu,Karabo,2004-09-04,Female,karabo.mahlangu1480@student.example.ac.za,060 555 8504,"Flat 18, 4 Plein St, Stellenbosch, 7600"
26176597,Sithole,Amahle,2005-09-26,Female,amahle.sithole6597@student.example.ac.za,078 555 1850,"Room 165, Eikestad House, Stellenbosch, 7600"
23542745,Engelbrecht,Jana,2004-08-03,Female,jana.engelbrecht2745@student.example.ac.za,060 555 3945,"Room 269, Oude Molen Hall, Stellenbosch, 7600"
20420953,Khumalo,Ashwin,2004-10-19,Male,ashwin.khumalo0953@student.example.ac.za,071 555 0297,"51 Neethling St, Stellenbosch, 7600"
20683696,Petersen,Christiaan,2002-05-21,Male,christiaan.petersen3696@student.example.ac.za,083 555 6349,"99 Plein St, Stellenbosch, 7600"
21229839,Pather,Hannah,2005-06-28,Female,hannah.pather9839@student.example.ac.za,060 555 0712,"152 Banghoek Rd, Stellenbosch, 7600"
26668987,Jacobs,Karabo,2008-07-09,Female,karabo.jacobs8987@student.example.ac.za,082 555 1789,"15 Ryneveld St, Stellenbosch, 7600"
20099702,Venter,Zanele,2005-07-25,Female,zanele.venter9702@student.example.ac.za,082 555 6011,"Room 241, Bergzicht Residence, Stellenbosch, 7600"
24843252,Dlamini,Precious,2006-09-08,Female,precious.dlamini3252@student.example.ac.za,079 555 8676,"Room 179, Bergzicht Residence, Stellenbosch, 7600"
26522057,Dlamini,Yusuf,2006-09-04,Male,yusuf.dlamini2057@student.example.ac.za,076 555 4384,"Flat 23, 54 Ryneveld St, Stellenbosch, 7600"
21020038,Visser,Siya,2006-08-31,Male,siya.visser0038@student.example.ac.za,071 555 9557,"Room 285, Oude Molen Hall, Stellenbosch, 7600"
23113190,Meyer,Nomsa,2005-08-03,Female,nomsa.meyer3190@student.example.ac.za,079 555 0699,"Room 186, Lentelus House, Stellenbosch, 7600"
26160357,Venter,Rohan,2007-03-07,Male,rohan.venter0357@student.example.ac.za,079 555 2470,"Room 364, Bergzicht Residence, Stellenbosch, 7600"
20536640,Dlamini,Kabelo,2002-07-30,Male,kabelo.dlamini6640@student.example.ac.za,081 555 2107,"97 Adam Tas Rd, Stellenbosch, 7600"
27215171,Kruger,Christiaan,2001-04-27,Male,christiaan.kruger5171@student.example.ac.za,078 555 3728,"3 Church St, Stellenbosch, 7600"
23946303,Fourie,Imaan,2006-06-21,Female,imaan.fourie6303@student.example.ac.za,079 555 6360,"Room 207, Kruispad Hall, Stellenbosch, 7600"
22971092,Visser,Ethan,2006-04-16,Male,ethan.visser1092@student.example.ac.za,083 555 1475,"Room 204, Pniel Court, Stellenbosch, 7600"
23313037,Molefe,Megan,2007-11-28,Female,megan.molefe3037@student.example.ac.za,072 555 5526,"Room 284, Kruispad Hall, Stellenbosch, 7600"
27920543,Khumalo,Hendrik,2006-03-16,Male,hendrik.khumalo0543@student.example.ac.za,072 555 9726,"Flat 29, 41 Andringa St, Stellenbosch, 7600"
20947996,Hendricks,Nkosana,2004-01-16,Male,nkosana.hendricks7996@student.example.ac.za,060 555 7835,"102 Adam Tas Rd, Stellenbosch, 7600"
20854481,Visser,Callum,2007-05-22,Male,callum.visser4481@student.example.ac.za,084 555 5861,"Flat 26, 115 Helshoogte Rd, Stellenbosch, 7600"
20877606,Pillay,Chloe,2008-06-04,Female,chloe.pillay7606@student.example.ac.za,073 555 7855,"Room 400, Eikestad House, Stellenbosch, 7600"
21878862,Pillay,Elri,2002-02-03,Female,elri.pillay8862@student.example.ac.za,079 555 7864,"Room 240, Lentelus House, Stellenbosch, 7600"
25826932,Le Roux,Tiaan,2003-06-04,Male,tiaan.leroux6932@student.example.ac.za,083 555 4060,"Flat 19, 32 Helshoogte Rd, Stellenbosch, 7600"
27287182,Nkosi,Yusuf,2006-06-04,Male,yusuf.nkosi7182@student.example.ac.za,081 555 4858,"Flat 5, 122 Adam Tas Rd, Stellenbosch, 7600"
21291852,Mahlangu,Naledi,2003-03-15,Female,naledi.mahlangu1852@student.example.ac.za,073 555 4617,"114 Andringa St, Stellenbosch, 7600"
27265730,Radebe,Palesa,2003-02-25,Female,palesa.radebe5730@student.example.ac.za,081 555 6717,"Room 106, Pniel Court, Stellenbosch, 7600"
26689744,Khumalo,Bheki,2006-11-24,Male,bheki.khumalo9744@student.example.ac.za,073 555 5402,"Flat 17, 66 Plein St, Stellenbosch, 7600"
27100465,Mbeki,Ian,2006-03-20,Male,ian.mbeki0465@student.example.ac.za,083 555 7543,"Room 252, Bergzicht Residence, Stellenbosch, 7600"
22941156,Booysen,Ashwin,2006-07-04,Male,ashwin.booysen1156@student.example.ac.za,084 555 5415,"28 Dorp St, Stellenbosch, 7600"
21476971,Olivier,Mpho,2004-06-18,Male,mpho.olivier6971@student.example.ac.za,079 555 1504,"Flat 14, 84 Church St, Stellenbosch, 7600"
22879291,Booysen,Nomsa,2006-11-06,Female,nomsa.booysen9291@student.example.ac.za,076 555 7820,"Room 163, Simonsberg House, Stellenbosch, 7600"
25417977,Hendricks,Naledi,2003-05-07,Female,naledi.hendricks7977@student.example.ac.za,078 555 0097,"Room 340, Kruispad Hall, Stellenbosch, 7600"
21581112,Venter,Tshepo,2005-06-12,Male,tshepo.venter1112@student.example.ac.za,083 555 9425,"Room 305, Eikestad House, Stellenbosch, 7600"
21369342,Steyn,Carmen,2005-01-09,Female,carmen.steyn9342@student.example.ac.za,084 555 5691,"99 Dorp St, Stellenbosch, 7600"
24465590,Engelbrecht,Mpho,2006-08-10,Male,mpho.engelbrecht5590@student.example.ac.za,079 555 5070,"Room 411, Simonsberg House, Stellenbosch, 7600"
26646460,Malan,Faith,2003-07-28,Female,faith.malan6460@student.example.ac.za,083 555 3722,"Flat 5, 142 Neethling St, Stellenbosch, 7600"
21932147,Petersen,Riaan,2005-08-24,Male,riaan.petersen2147@student.example.ac.za,083 555 1267,"124 Adam Tas Rd, Stellenbosch, 7600"
26390642,Van Wyk,Amahle,2004-12-05,Female,amahle.vanwyk0642@student.example.ac.za,060 555 8414,"Room 217, Pniel Court, Stellenbosch, 7600"
27999650,Le Roux,Chloe,2007-11-14,Female,chloe.leroux9650@student.example.ac.za,082 555 9131,"Flat 14, 133 Victoria St, Stellenbosch, 7600"
27063064,Pillay,Anele,2008-02-27,Female,anele.pillay3064@student.example.ac.za,079 555 6742,"72 Bird St, Stellenbosch, 7600"
24405649,Molefe,Maya,2003-01-30,Female,maya.molefe5649@student.example.ac.za,073 555 5348,"40 Plein St, Stellenbosch, 7600"
26690472,Coetzee,Christiaan,2008-04-05,Male,christiaan.coetzee0472@student.example.ac.za,083 555 5810,"Flat 11, 60 Bird St, Stellenbosch, 7600"
20877745,Swanepoel,Emma,2008-02-02,Female,emma.swanepoel7745@student.example.ac.za,072 555 9045,"Room 122, Pniel Court, Stellenbosch, 7600"
20369870,Mbeki,Karabo,2003-07-19,Female,karabo.mbeki9870@student.example.ac.za,084 555 6355,"Flat 12, 14 Bird St, Stellenbosch, 7600"
22050383,Cele,Zinhle,2006-03-18,Female,zinhle.cele0383@student.example.ac.za,072 555 3155,"Room 340, Pniel Court, Stellenbosch, 7600"
23556686,Venter,Kagiso,2005-04-12,Male,kagiso.venter6686@student.example.ac.za,073 555 3438,"Room 311, Bergzicht Residence, Stellenbosch, 7600"
21889855,Jansen,Tumelo,2005-01-08,Female,tumelo.jansen9855@student.example.ac.za,079 555 4828,"Room 398, Bergzicht Residence, Stellenbosch, 7600"
25986650,Williams,Jaco,2008-05-30,Male,jaco.williams6650@student.example.ac.za,072 555 4052,"Flat 11, 118 Banghoek Rd, Stellenbosch, 7600"
26726926,Adams,Rohan,2006-12-20,Male,rohan.adams6926@student.example.ac.za,076 555 2481,"11 Adam Tas Rd, Stellenbosch, 7600"
24601814,Khumalo,Bianca,2006-06-07,Female,bianca.khumalo1814@student.example.ac.za,083 555 2913,"Flat 5, 156 Dorp St, Stellenbosch, 7600"
21594246,Hendricks,Callum,2005-10-14,Male,callum.hendricks4246@student.example.ac.za,073 555 1794,"Room 115, Lentelus House, Stellenbosch, 7600"
20512395,Pillay,Tumelo,2007-02-13,Female,tumelo.pillay2395@student.example.ac.za,084 555 9250,"Room 286, Bergzicht Residence, Stellenbosch, 7600"
20549231,Zulu,Ethan,2004-03-26,Male,ethan.zulu9231@student.example.ac.za,079 555 9290,"Room 133, Kruispad Hall, Stellenbosch, 7600"
22547992,Zulu,Anele,2007-02-06,Female,anele.zulu7992@student.example.ac.za,078 555 9482,"Flat 18, 155 Banghoek Rd, Stellenbosch, 7600"
27375601,Nel,Thandi,2006-08-15,Female,thandi.nel5601@student.example.ac.za,071 555 5593,"Flat 23, 96 Victoria St, Stellenbosch, 7600"
24912114,Khumalo,Imaan,2002-06-03,Female,imaan.khumalo2114@student.example.ac.za,079 555 4096,"Room 250, Lentelus House, Stellenbosch, 7600"
24646120,Engelbrecht,Buhle,2007-09-30,Female,buhle.engelbrecht6120@student.example.ac.za,072 555 2578,"Room 409, Simonsberg House, Stellenbosch, 7600"
27803144,Van Wyk,Hendrik,2006-09-21,Male,hendrik.vanwyk3144@student.example.ac.za,084 555 9887,"Room 210, Lentelus House, Stellenbosch, 7600"
27726660,Nkosi,Zakhele,2007-05-16,Male,zakhele.nkosi6660@student.example.ac.za,071 555 9098,"Flat 12, 65 Church St, Stellenbosch, 7600"
26659007,Pillay,Naledi,2007-12-23,Female,naledi.pillay9007@student.example.ac.za,081 555 5606,"45 Ryneveld St, Stellenbosch, 7600"
23417616,Pather,Zoe,2004-05-18,Female,zoe.pather7616@student.example.ac.za,073 555 7969,"60 Bird St, Stellenbosch, 7600"
26855201,Engelbrecht,Imaan,2007-05-24,Female,imaan.engelbrecht5201@student.example.ac.za,079 555 3851,"Room 402, Bergzicht Residence, Stellenbosch, 7600"
21623469,Fourie,Tiaan,2004-06-29,Male,tiaan.fourie3469@student.example.ac.za,076 555 1515,"121 Adam Tas Rd, Stellenbosch, 7600"
23894002,Zulu,Pieter,2005-03-18,Male,pieter.zulu4002@student.example.ac.za,078 555 5949,"2 Helshoogte Rd, Stellenbosch, 7600"
20614400,Booysen,Gugu,2005-06-30,Female,gugu.booysen4400@student.example.ac.za,079 555 5698,"Flat 3, 27 Dorp St, Stellenbosch, 7600"
21615274,Pillay,Thabo,2007-11-06,Male,thabo.pillay5274@student.example.ac.za,071 555 9834,"94 Andringa St, Stellenbosch, 7600"
21260892,Dlamini,Jana,2006-01-23,Female,jana.dlamini0892@student.example.ac.za,081 555 0452,"147 Ryneveld St, Stellenbosch, 7600"
23447827,Maharaj,Megan,2002-05-10,Female,megan.maharaj7827@student.example.ac.za,072 555 2539,"Room 249, Eikestad House, Stellenbosch, 7600"
20149725,Venter,Siya,2007-12-26,Male,siya.venter9725@student.example.ac.za,078 555 7069,"120 Andringa St, Stellenbosch, 7600"
27996276,Olivier,Siya,2003-12-07,Male,siya.olivier6276@student.example.ac.za,078 555 9319,"Room 282, Lentelus House, Stellenbosch, 7600"
24948119,Fourie,Maya,2005-07-14,Female,maya.fourie8119@student.example.ac.za,071 555 1805,"134 Church St, Stellenbosch, 7600"
21151553,Steyn,Hendrik,2006-06-16,Male,hendrik.steyn1553@student.example.ac.za,081 555 9171,"36 Neethling St, Stellenbosch, 7600"
25251467,Pillay,Daniel,2005-04-01,Male,daniel.pillay1467@student.example.ac.za,081 555 6089,"Room 391, Pniel Court, Stellenbosch, 7600"
20785511,Molefe,Mpho,2006-04-12,Male,mpho.molefe5511@student.example.ac.za,084 555 1540,"Room 122, Oude Molen Hall, Stellenbosch, 7600"
25494447,Naidoo,Tumelo,2007-07-23,Female,tumelo.naidoo4447@student.example.ac.za,083 555 2035,"114 Adam Tas Rd, Stellenbosch, 7600"
24377256,Malan,Jaco,2005-12-20,Male,jaco.malan7256@student.example.ac.za,082 555 4170,"136 Bird St, Stellenbosch, 7600"
22750703,Hendricks,Tshepo,2005-06-10,Male,tshepo.hendricks0703@student.example.ac.za,079 555 6304,"Room 344, Oude Molen Hall, Stellenbosch, 7600"
20831697,Kruger,Bianca,2003-10-22,Female,bianca.kruger1697@student.example.ac.za,060 555 7005,"80 Andringa St, Stellenbosch, 7600"
22750262,Pather,Reanette,2002-03-05,Female,reanette.pather0262@student.example.ac.za,083 555 5967,"77 Helshoogte Rd, Stellenbosch, 7600"
24262176,Molefe,Gugu,2003-04-17,Female,gugu.molefe2176@student.example.ac.za,078 555 7209,"141 Church St, Stellenbosch, 7600"
20564203,Du Plessis,Kabelo,2005-03-04,Male,kabelo.duplessis4203@student.example.ac.za,079 555 2368,"52 Ryneveld St, Stellenbosch, 7600"
21319717,Maharaj,Kayla,2001-11-08,Female,kayla.maharaj9717@student.example.ac.za,079 555 2676,"Room 215, Kruispad Hall, Stellenbosch, 7600"
25393775,Cele,Naledi,2006-08-11,Female,naledi.cele3775@student.example.ac.za,078 555 2759,"Room 106, Eikestad House, Stellenbosch, 7600"
22494713,Van Wyk,Faith,2004-08-24,Female,faith.vanwyk4713@student.example.ac.za,083 555 6948,"Room 141, Pniel Court, Stellenbosch, 7600"
21005400,Mbeki,Yusuf,2006-05-09,Male,yusuf.mbeki5400@student.example.ac.za,072 555 7777,"Room 367, Oude Molen Hall, Stellenbosch, 7600"
21846204,Swanepoel,Bianca,2004-05-30,Female,bianca.swanepoel6204@student.example.ac.za,083 555 2272,"Room 343, Lentelus House, Stellenbosch, 7600"
21987119,Molefe,Aisha,2003-12-22,Female,aisha.molefe7119@student.example.ac.za,072 555 3884,"108 Banghoek Rd, Stellenbosch, 7600"
20482548,Jansen,Francois,2006-06-11,Male,francois.jansen2548@student.example.ac.za,082 555 3207,"Room 252, Kruispad Hall, Stellenbosch, 7600"
26523032,Smit,Ethan,2006-07-25,Male,ethan.smit3032@student.example.ac.za,082 555 3997,"Room 117, Oude Molen Hall, Stellenbosch, 7600"
20801914,Van der Merwe,Callum,2005-10-05,Male,callum.vandermerwe1914@student.example.ac.za,071 555 1104,"Flat 8, 156 Plein St, Stellenbosch, 7600"
23333768,Coetzee,Pieter,2005-06-15,Male,pieter.coetzee3768@student.example.ac.za,071 555 0988,"92 Banghoek Rd, Stellenbosch, 7600"
25668318,Hendricks,Chloe,2003-04-10,Female,chloe.hendricks8318@student.example.ac.za,071 555 7472,"26 Victoria St, Stellenbosch, 7600"
24624367,Kruger,Callum,2007-06-06,Male,callum.kruger4367@student.example.ac.za,078 555 7969,"140 Ryneveld St, Stellenbosch, 7600"
24051134,Pillay,Daniel,2006-02-23,Male,daniel.pillay1134@student.example.ac.za,060 555 2721,"Flat 12, 21 Merriman Ave, Stellenbosch, 7600"
23868414,Nel,Kayla,2006-04-17,Female,kayla.nel8414@student.example.ac.za,076 555 0812,"Room 220, Simonsberg House, Stellenbosch, 7600"
22863204,Ndlovu,Rohan,2004-10-08,Male,rohan.ndlovu3204@student.example.ac.za,071 555 6844,"Flat 2, 47 Victoria St, Stellenbosch, 7600"
23884707,Pretorius,Carmen,2007-01-22,Female,carmen.pretorius4707@student.example.ac.za,083 555 1732,"Room 288, Bergzicht Residence, Stellenbosch, 7600"
20068333,Hendricks,Ian,2004-01-20,Male,ian.hendricks8333@student.example.ac.za,081 555 5994,"20 Helshoogte Rd, Stellenbosch, 7600"
20275541,Pretorius,Bheki,2005-02-20,Male,bheki.pretorius5541@student.example.ac.za,073 555 0370,"25 Adam Tas Rd, Stellenbosch, 7600"
21562393,Hendricks,Chloe,2007-07-25,Female,chloe.hendricks2393@student.example.ac.za,072 555 0712,"Flat 20, 154 Merriman Ave, Stellenbosch, 7600"
27469651,Ndlovu,Buhle,2006-05-22,Female,buhle.ndlovu9651@student.example.ac.za,076 555 4852,"141 Merriman Ave, Stellenbosch, 7600"
20069178,Venter,Kabelo,2005-06-08,Male,kabelo.venter9178@student.example.ac.za,071 555 3046,"Room 147, Simonsberg House, Stellenbosch, 7600"
25187100,Govender,Amahle,2005-02-09,Female,amahle.govender7100@student.example.ac.za,079 555 5095,"Room 278, Rozendal Lodge, Stellenbosch, 7600"
21111090,Adams,Fatima,2005-06-06,Female,fatima.adams1090@student.example.ac.za,082 555 5090,"Room 403, Eikestad House, Stellenbosch, 7600"
23053135,Tshabalala,Faith,2006-05-11,Female,faith.tshabalala3135@student.example.ac.za,078 555 9759,"70 Church St, Stellenbosch, 7600"
21852333,Malan,Jaco,2005-03-14,Male,jaco.malan2333@student.example.ac.za,084 555 9444,"153 Merriman Ave, Stellenbosch, 7600"
21379333,Radebe,Andile,2003-05-09,Male,andile.radebe9333@student.example.ac.za,073 555 4065,"41 Adam Tas Rd, Stellenbosch, 7600"
25619143,Jacobs,Francois,2005-06-28,Male,francois.jacobs9143@student.example.ac.za,072 555 6175,"Room 280, Rozendal Lodge, Stellenbosch, 7600"
22655699,Molefe,Xolani,2004-08-20,Male,xolani.molefe5699@student.example.ac.za,071 555 3331,"Room 179, Oude Molen Hall, Stellenbosch, 7600"
26590165,Molefe,Emma,2004-12-12,Female,emma.molefe0165@student.example.ac.za,083 555 2556,"Room 269, Rozendal Lodge, Stellenbosch, 7600"
25332746,Kruger,Liam,2007-04-27,Male,liam.kruger2746@student.example.ac.za,084 555 3241,"Room 130, Oude Molen Hall, Stellenbosch, 7600"
26764884,Venter,Zinhle,2000-02-26,Female,zinhle.venter4884@student.example.ac.za,083 555 8930,"101 Helshoogte Rd, Stellenbosch, 7600"
27586518,Venter,Thabo,2002-04-15,Male,thabo.venter6518@student.example.ac.za,079 555 3143,"Room 277, Pniel Court, Stellenbosch, 7600"
27547638,Visser,Sibusiso,2006-07-28,Male,sibusiso.visser7638@student.example.ac.za,072 555 4844,"Room 378, Simonsberg House, Stellenbosch, 7600"
26615848,Williams,Carmen,2003-07-08,Female,carmen.williams5848@student.example.ac.za,060 555 3780,"153 Bird St, Stellenbosch, 7600"
25229122,Ndlovu,Kayla,2007-05-07,Female,kayla.ndlovu9122@student.example.ac.za,071 555 2251,"2 Helshoogte Rd, Stellenbosch, 7600"
21423926,Nel,Aisha,2006-02-19,Female,aisha.nel3926@student.example.ac.za,079 555 5287,"Flat 25, 73 Church St, Stellenbosch, 7600"
26315100,Le Roux,Mpho,2003-10-25,Male,mpho.leroux5100@student.example.ac.za,076 555 3106,"Room 150, Bergzicht Residence, Stellenbosch, 7600"
26561809,Tshabalala,Lerato,2003-10-15,Female,lerato.tshabalala1809@student.example.ac.za,071 555 9593,"Room 130, Kruispad Hall, Stellenbosch, 7600"
24401459,Van Wyk,Faith,2006-11-28,Female,faith.vanwyk1459@student.example.ac.za,073 555 5356,"Room 242, Rozendal Lodge, Stellenbosch, 7600"
25592367,Olivier,Nkosana,2001-03-13,Male,nkosana.olivier2367@student.example.ac.za,083 555 4568,"Flat 26, 95 Plein St, Stellenbosch, 7600"
23672547,Venter,Elri,2004-02-07,Female,elri.venter2547@student.example.ac.za,073 555 4474,"46 Adam Tas Rd, Stellenbosch, 7600"
20977450,Mbeki,Aisha,2004-12-05,Female,aisha.mbeki7450@student.example.ac.za,081 555 0345,"Room 200, Eikestad House, Stellenbosch, 7600"
21795515,Meyer,Ethan,2006-01-31,Non-binary,ethan.meyer5515@student.example.ac.za,083 555 3989,"10 Neethling St, Stellenbosch, 7600"
24252722,Sithole,Imaan,2007-12-04,Female,imaan.sithole2722@student.example.ac.za,076 555 6418,"Flat 6, 56 Plein St, Stellenbosch, 7600"
27730596,Mbeki,Faith,2004-08-23,Female,faith.mbeki0596@student.example.ac.za,072 555 0363,"70 Merriman Ave, Stellenbosch, 7600"
20377333,Steyn,Precious,2007-05-09,Female,precious.steyn7333@student.example.ac.za,073 555 1889,"Flat 24, 27 Merriman Ave, Stellenbosch, 7600"
23574878,Mbeki,Carmen,2005-03-22,Female,carmen.mbeki4878@student.example.ac.za,060 555 7779,"116 Andringa St, Stellenbosch, 7600"
22537609,Pretorius,Sarah,2004-01-31,Female,sarah.pretorius7609@student.example.ac.za,073 555 2915,"Flat 1, 47 Merriman Ave, Stellenbosch, 7600"
24309153,Jansen,Neo,2007-07-20,Male,neo.jansen9153@student.example.ac.za,082 555 9410,"75 Merriman Ave, Stellenbosch, 7600"
25613963,Meyer,Chloe,2003-05-28,Female,chloe.meyer3963@student.example.ac.za,073 555 7220,"158 Dorp St, Stellenbosch, 7600"
22608984,Jacobs,Fikile,2005-12-08,Male,fikile.jacobs8984@student.example.ac.za,084 555 1905,"Room 345, Bergzicht Residence, Stellenbosch, 7600"
24476772,Pretorius,Megan,2004-02-05,Female,megan.pretorius6772@student.example.ac.za,083 555 4185,"Flat 28, 158 Ryneveld St, Stellenbosch, 7600"
20932755,Fourie,Elri,2006-03-01,Female,elri.fourie2755@student.example.ac.za,084 555 3244,"Room 184, Simonsberg House, Stellenbosch, 7600"
24171951,Mbeki,Alex,2005-02-07,Prefer not to say,alex.mbeki1951@student.example.ac.za,073 555 4857,"38 Plein St, Stellenbosch, 7600"
21360796,Swanepoel,Nomsa,2004-01-09,Female,nomsa.swanepoel0796@student.example.ac.za,078 555 3854,"Room 380, Eikestad House, Stellenbosch, 7600"
22430839,Pretorius,Liezl,2004-05-18,Female,liezl.pretorius0839@student.example.ac.za,078 555 9926,"Room 246, Lentelus House, Stellenbosch, 7600"
23916702,Visser,Daniel,2006-03-03,Male,daniel.visser6702@student.example.ac.za,078 555 6782,"Room 320, Pniel Court, Stellenbosch, 7600"
21652756,Pillay,Zanele,2005-05-06,Female,zanele.pillay2756@student.example.ac.za,060 555 3341,"132 Ryneveld St, Stellenbosch, 7600"
23471119,Khumalo,Naledi,2003-09-08,Female,naledi.khumalo1119@student.example.ac.za,084 555 4124,"Flat 6, 130 Merriman Ave, Stellenbosch, 7600"
20529320,Cele,Jason,2000-01-13,Male,jason.cele9320@student.example.ac.za,071 555 0707,"Room 330, Rozendal Lodge, Stellenbosch, 7600"
21242679,Pather,Nkosana,2002-10-10,Male,nkosana.pather2679@student.example.ac.za,079 555 4937,"75 Banghoek Rd, Stellenbosch, 7600"
23411965,Maharaj,Tiaan,2003-11-20,Male,tiaan.maharaj1965@student.example.ac.za,081 555 4535,"Room 317, Lentelus House, Stellenbosch, 7600"
26511240,Malan,Zakhele,2004-03-18,Male,zakhele.malan1240@student.example.ac.za,072 555 9854,"Room 352, Pniel Court, Stellenbosch, 7600"
26832801,Fourie,Elri,2008-04-19,Female,elri.fourie2801@student.example.ac.za,083 555 2211,"Room 213, Eikestad House, Stellenbosch, 7600"
25451774,Swanepoel,Rohan,2006-01-11,Male,rohan.swanepoel1774@student.example.ac.za,076 555 3367,"Room 236, Rozendal Lodge, Stellenbosch, 7600"
21760932,Pillay,Nomsa,2008-03-10,Female,nomsa.pillay0932@student.example.ac.za,073 555 2061,"Flat 1, 141 Helshoogte Rd, Stellenbosch, 7600"
22148095,Dlamini,Jana,2005-04-19,Female,jana.dlamini8095@student.example.ac.za,084 555 7894,"Room 377, Bergzicht Residence, Stellenbosch, 7600"
20758620,Radebe,Kagiso,2007-11-25,Male,kagiso.radebe8620@student.example.ac.za,082 555 1474,"Flat 26, 86 Helshoogte Rd, Stellenbosch, 7600"
23931903,Olivier,Elri,2006-08-16,Female,elri.olivier1903@student.example.ac.za,071 555 6848,"Flat 12, 130 Banghoek Rd, Stellenbosch, 7600"
25609889,Pather,Chloe,2004-02-15,Female,chloe.pather9889@student.example.ac.za,078 555 6067,"Room 247, Pniel Court, Stellenbosch, 7600"
23245724,Radebe,Hannah,2001-09-01,Female,hannah.radebe5724@student.example.ac.za,073 555 5260,"5 Victoria St, Stellenbosch, 7600"
24286533,Nkosi,Riaan,2007-02-08,Male,riaan.nkosi6533@student.example.ac.za,078 555 6154,"Room 376, Kruispad Hall, Stellenbosch, 7600"
23879744,Jacobs,Anele,2005-03-11,Female,anele.jacobs9744@student.example.ac.za,071 555 9439,"Room 390, Rozendal Lodge, Stellenbosch, 7600"
20592033,Lombard,Fatima,2005-07-29,Female,fatima.lombard2033@student.example.ac.za,060 555 0489,"Flat 6, 99 Plein St, Stellenbosch, 7600"
24003236,Hendricks,Pieter,2005-07-16,Male,pieter.hendricks3236@student.example.ac.za,082 555 4253,"Room 233, Simonsberg House, Stellenbosch, 7600"
22778328,Dlamini,Callum,2007-04-19,Male,callum.dlamini8328@student.example.ac.za,060 555 9353,"24 Banghoek Rd, Stellenbosch, 7600"
27906830,Engelbrecht,Emma,2006-12-17,Female,emma.engelbrecht6830@student.example.ac.za,078 555 8728,"Room 327, Pniel Court, Stellenbosch, 7600"
26601817,Petersen,Siya,2007-12-30,Male,siya.petersen1817@student.example.ac.za,078 555 8895,"Room 332, Kruispad Hall, Stellenbosch, 7600"
24482552,Tshabalala,Imaan,2004-08-10,Female,imaan.tshabalala2552@student.example.ac.za,072 555 0054,"144 Banghoek Rd, Stellenbosch, 7600"
24457728,Engelbrecht,Lerato,2006-03-21,Female,lerato.engelbrecht7728@student.example.ac.za,071 555 1970,"90 Merriman Ave, Stellenbosch, 7600"
21866458,Coetzee,Nomsa,2006-06-29,Female,nomsa.coetzee6458@student.example.ac.za,084 555 2648,"Room 311, Simonsberg House, Stellenbosch, 7600"
26031471,Malan,Imaan,2004-05-04,Female,imaan.malan1471@student.example.ac.za,060 555 0015,"44 Ryneveld St, Stellenbosch, 7600"
20204706,Adams,Amahle,2002-02-03,Female,amahle.adams4706@student.example.ac.za,071 555 5586,"Flat 22, 85 Bird St, Stellenbosch, 7600"
23392214,Visser,Fikile,2003-04-09,Male,fikile.visser2214@student.example.ac.za,079 555 8145,"Flat 26, 46 Andringa St, Stellenbosch, 7600"
25020185,Nel,Kayla,2004-05-23,Female,kayla.nel0185@student.example.ac.za,084 555 0802,"Room 370, Oude Molen Hall, Stellenbosch, 7600"
20520952,Jacobs,Yusuf,2007-05-03,Male,yusuf.jacobs0952@student.example.ac.za,060 555 4289,"Room 274, Eikestad House, Stellenbosch, 7600"
23987506,Tshabalala,Faith,2005-10-24,Female,faith.tshabalala7506@student.example.ac.za,079 555 9733,"108 Merriman Ave, Stellenbosch, 7600"
22318428,Engelbrecht,Chanel,2004-11-13,Prefer not to say,chanel.engelbrecht8428@student.example.ac.za,084 555 3799,"113 Andringa St, Stellenbosch, 7600"
21349355,Ndlovu,Zoe,2006-03-22,Female,zoe.ndlovu9355@student.example.ac.za,060 555 8109,"Room 121, Rozendal Lodge, Stellenbosch, 7600"
26457236,Petersen,Francois,2004-06-20,Male,francois.petersen7236@student.example.ac.za,084 555 0134,"Room 294, Lentelus House, Stellenbosch, 7600"
20524791,Olivier,Jaco,2005-09-13,Male,jaco.olivier4791@student.example.ac.za,079 555 5990,"43 Adam Tas Rd, Stellenbosch, 7600"
24546925,Meyer,Kabelo,2007-04-17,Male,kabelo.meyer6925@student.example.ac.za,083 555 9033,"Room 178, Rozendal Lodge, Stellenbosch, 7600"
26920554,Naidoo,Callum,2006-12-30,Male,callum.naidoo0554@student.example.ac.za,071 555 5260,"Room 301, Simonsberg House, Stellenbosch, 7600"
25332408,Pather,Fatima,2006-07-02,Female,fatima.pather2408@student.example.ac.za,084 555 1070,"Room 270, Oude Molen Hall, Stellenbosch, 7600"
22587812,Botha,Daniel,2004-08-24,Male,daniel.botha7812@student.example.ac.za,084 555 2738,"2 Plein St, Stellenbosch, 7600"
27110781,Xaba,Xolani,2004-03-21,Male,xolani.xaba0781@student.example.ac.za,078 555 5927,"Flat 26, 17 Helshoogte Rd, Stellenbosch, 7600"
22337820,Steyn,Gareth,2007-03-29,Male,gareth.steyn7820@student.example.ac.za,081 555 2834,"129 Bird St, Stellenbosch, 7600"
22063677,Steyn,Amahle,2007-01-12,Female,amahle.steyn3677@student.example.ac.za,073 555 9432,"Room 304, Rozendal Lodge, Stellenbosch, 7600"
25088048,Dlamini,Buhle,2007-11-24,Female,buhle.dlamini8048@student.example.ac.za,079 555 8004,"Room 330, Lentelus House, Stellenbosch, 7600"
26930168,Dlamini,Aisha,2003-01-16,Female,aisha.dlamini0168@student.example.ac.za,071 555 0140,"112 Bird St, Stellenbosch, 7600"
22142412,Smit,Amahle,2003-10-29,Female,amahle.smit2412@student.example.ac.za,081 555 5378,"44 Merriman Ave, Stellenbosch, 7600"
23520230,Nel,Faith,2006-02-02,Female,faith.nel0230@student.example.ac.za,060 555 6520,"Flat 9, 85 Victoria St, Stellenbosch, 7600"
20978348,Coetzee,Jason,2003-12-03,Male,jason.coetzee8348@student.example.ac.za,060 555 9242,"145 Andringa St, Stellenbosch, 7600"
26824612,Zulu,Thabo,2001-04-25,Male,thabo.zulu4612@student.example.ac.za,082 555 3866,"Room 353, Eikestad House, Stellenbosch, 7600"
22068345,Smit,Bheki,2004-08-15,Male,bheki.smit8345@student.example.ac.za,076 555 6299,"Room 150, Kruispad Hall, Stellenbosch, 7600"
26805689,Govender,Fatima,2005-06-20,Female,fatima.govender5689@student.example.ac.za,076 555 4631,"138 Helshoogte Rd, Stellenbosch, 7600"
20478182,Botha,Bheki,2005-01-08,Male,bheki.botha8182@student.example.ac.za,082 555 4018,"Room 266, Simonsberg House, Stellenbosch, 7600"
21930618,Tshabalala,Gugu,2006-10-06,Female,gugu.tshabalala0618@student.example.ac.za,078 555 8617,"Room 395, Lentelus House, Stellenbosch, 7600"
21472899,Olivier,Ian,2003-09-05,Male,ian.olivier2899@student.example.ac.za,060 555 9950,"Flat 16, 102 Ryneveld St, Stellenbosch, 7600"
22448020,Fourie,Themba,2006-08-14,Male,themba.fourie8020@student.example.ac.za,072 555 4322,"Flat 17, 19 Helshoogte Rd, Stellenbosch, 7600"
24444493,Venter,Daniel,2005-11-18,Male,daniel.venter4493@student.example.ac.za,078 555 1410,"158 Andringa St, Stellenbosch, 7600"
22493606,Le Roux,Precious,2001-12-26,Female,precious.leroux3606@student.example.ac.za,071 555 4144,"Room 262, Eikestad House, Stellenbosch, 7600"
22366810,Khumalo,Aisha,2008-01-21,Female,aisha.khumalo6810@student.example.ac.za,071 555 9684,"45 Bird St, Stellenbosch, 7600"
21964433,Van Wyk,Tshepo,2003-05-06,Male,tshepo.vanwyk4433@student.example.ac.za,084 555 9352,"61 Ryneveld St, Stellenbosch, 7600"
22440671,Le Roux,Chloe,2005-10-16,Female,chloe.leroux0671@student.example.ac.za,072 555 3010,"Room 194, Bergzicht Residence, Stellenbosch, 7600"
20943838,Mahlangu,Hendrik,2004-04-16,Male,hendrik.mahlangu3838@student.example.ac.za,060 555 7794,"Flat 16, 156 Plein St, Stellenbosch, 7600"
23280804,Van Wyk,Neo,2005-02-22,Male,neo.vanwyk0804@student.example.ac.za,084 555 5244,"Room 340, Rozendal Lodge, Stellenbosch, 7600"
21588512,Meyer,Neo,2007-07-24,Male,neo.meyer8512@student.example.ac.za,073 555 2473,"81 Church St, Stellenbosch, 7600"
23084614,Brits,Sibusiso,2007-08-06,Male,sibusiso.brits4614@student.example.ac.za,078 555 2487,"Room 326, Oude Molen Hall, Stellenbosch, 7600"
27474022,Meyer,Imaan,2007-11-03,Female,imaan.meyer4022@student.example.ac.za,072 555 4892,"Room 320, Lentelus House, Stellenbosch, 7600"
25534076,Petersen,Tiaan,2005-09-06,Male,tiaan.petersen4076@student.example.ac.za,083 555 1851,"Room 349, Kruispad Hall, Stellenbosch, 7600"
26373508,Du Plessis,Zinhle,2001-01-12,Female,zinhle.duplessis3508@student.example.ac.za,076 555 5660,"Flat 22, 50 Helshoogte Rd, Stellenbosch, 7600"
21715557,Booysen,Bianca,2007-03-31,Female,bianca.booysen5557@student.example.ac.za,083 555 0747,"Flat 11, 53 Bird St, Stellenbosch, 7600"
23285853,Mbeki,Brandon,2007-01-27,Male,brandon.mbeki5853@student.example.ac.za,076 555 7833,"93 Plein St, Stellenbosch, 7600"
27940931,Smit,Thabo,2005-03-15,Male,thabo.smit0931@student.example.ac.za,082 555 2610,"Room 232, Pniel Court, Stellenbosch, 7600"
20561656,Hendricks,Maya,2004-08-10,Female,maya.hendricks1656@student.example.ac.za,081 555 5323,"Room 380, Lentelus House, Stellenbosch, 7600"
21782180,Van der Merwe,Tiaan,2004-05-16,Male,tiaan.vandermerwe2180@student.example.ac.za,083 555 0880,"14 Church St, Stellenbosch, 7600"
23941963,Malan,Yusuf,2007-12-06,Male,yusuf.malan1963@student.example.ac.za,082 555 6603,"Room 246, Rozendal Lodge, Stellenbosch, 7600"
25555710,Smit,Faith,2000-05-22,Female,faith.smit5710@student.example.ac.za,071 555 3945,"Room 199, Simonsberg House, Stellenbosch, 7600"
23348866,Kruger,Elri,2006-06-03,Female,elri.kruger8866@student.example.ac.za,060 555 9529,"Room 174, Bergzicht Residence, Stellenbosch, 7600"
21739000,Cele,Jordan,2001-01-15,Prefer not to say,jordan.cele9000@student.example.ac.za,082 555 0149,"Flat 24, 135 Neethling St, Stellenbosch, 7600"
26021037,Du Plessis,Hendrik,2006-05-14,Male,hendrik.duplessis1037@student.example.ac.za,084 555 7800,"Room 368, Simonsberg House, Stellenbosch, 7600"
20466584,Govender,Megan,2000-06-18,Female,megan.govender6584@student.example.ac.za,071 555 6466,"Flat 11, 116 Bird St, Stellenbosch, 7600"
27613355,Botha,Daniel,2002-03-17,Male,daniel.botha3355@student.example.ac.za,073 555 8439,"Flat 3, 47 Merriman Ave, Stellenbosch, 7600"
27554386,Steyn,Megan,2005-12-01,Female,megan.steyn4386@student.example.ac.za,082 555 9864,"Room 201, Lentelus House, Stellenbosch, 7600"
21001578,Xaba,Pieter,2004-03-08,Male,pieter.xaba1578@student.example.ac.za,076 555 8953,"118 Helshoogte Rd, Stellenbosch, 7600"
21254829,Venter,Mandla,2006-12-25,Male,mandla.venter4829@student.example.ac.za,060 555 8833,"91 Adam Tas Rd, Stellenbosch, 7600"
24400099,Meyer,Chloe,2004-03-18,Female,chloe.meyer0099@student.example.ac.za,084 555 8675,"105 Ryneveld St, Stellenbosch, 7600"
21355492,Fourie,Lungile,2003-07-21,Male,lungile.fourie5492@student.example.ac.za,076 555 9417,"82 Andringa St, Stellenbosch, 7600"
22794389,Khumalo,Mpho,2006-05-03,Male,mpho.khumalo4389@student.example.ac.za,081 555 6877,"Room 240, Rozendal Lodge, Stellenbosch, 7600"
23634364,Swanepoel,Deon,2004-04-16,Male,deon.swanepoel4364@student.example.ac.za,073 555 8480,"Room 334, Pniel Court, Stellenbosch, 7600"
25117292,Molefe,Robin,2007-02-13,Non-binary,robin.molefe7292@student.example.ac.za,060 555 8338,"104 Ryneveld St, Stellenbosch, 7600"
20652079,Nkosi,Elri,2001-11-02,Female,elri.nkosi2079@student.example.ac.za,078 555 7307,"89 Ryneveld St, Stellenbosch, 7600"
24659786,Nkosi,Ian,2005-08-17,Male,ian.nkosi9786@student.example.ac.za,076 555 3563,"Room 347, Simonsberg House, Stellenbosch, 7600"
21482080,Sithole,Tiaan,2002-11-05,Male,tiaan.sithole2080@student.example.ac.za,084 555 0351,"Room 354, Bergzicht Residence, Stellenbosch, 7600"
26107865,Smit,Karabo,2004-11-13,Female,karabo.smit7865@student.example.ac.za,072 555 3206,"60 Victoria St, Stellenbosch, 7600"
22814130,Meyer,Hendrik,2005-11-16,Male,hendrik.meyer4130@student.example.ac.za,081 555 9042,"Flat 21, 24 Helshoogte Rd, Stellenbosch, 7600"
24585206,Ndlovu,Chloe,2004-08-31,Female,chloe.ndlovu5206@student.example.ac.za,082 555 6499,"Room 233, Simonsberg House, Stellenbosch, 7600"
24916674,Radebe,Palesa,2001-09-03,Female,palesa.radebe6674@student.example.ac.za,060 555 5226,"47 Ryneveld St, Stellenbosch, 7600"
23165771,Pillay,Dineo,2006-10-12,Female,dineo.pillay5771@student.example.ac.za,078 555 1338,"Room 248, Eikestad House, Stellenbosch, 7600"
27999926,Pather,Jason,2004-10-22,Male,jason.pather9926@student.example.ac.za,073 555 6418,"Room 128, Eikestad House, Stellenbosch, 7600"
25541648,Brits,Lindiwe,2005-06-30,Female,lindiwe.brits1648@student.example.ac.za,082 555 1304,"Room 175, Oude Molen Hall, Stellenbosch, 7600"
27342642,Coetzee,Neo,2007-01-13,Male,neo.coetzee2642@student.example.ac.za,081 555 1395,"67 Helshoogte Rd, Stellenbosch, 7600"
21139428,Olivier,Chanel,2006-07-25,Female,chanel.olivier9428@student.example.ac.za,078 555 8202,"63 Helshoogte Rd, Stellenbosch, 7600"
22088075,Molefe,Amahle,2006-02-09,Female,amahle.molefe8075@student.example.ac.za,084 555 4759,"Flat 7, 140 Bird St, Stellenbosch, 7600"
23779333,Engelbrecht,Chanel,2006-04-12,Female,chanel.engelbrecht9333@student.example.ac.za,081 555 7613,"Room 347, Simonsberg House, Stellenbosch, 7600"
20917718,Brits,Zanele,2006-05-12,Female,zanele.brits7718@student.example.ac.za,083 555 9075,"Room 236, Rozendal Lodge, Stellenbosch, 7600"
27445943,Le Roux,Hendrik,2006-11-12,Male,hendrik.leroux5943@student.example.ac.za,072 555 3146,"Room 351, Simonsberg House, Stellenbosch, 7600"
25676203,Mokoena,Kayla,2006-07-05,Female,kayla.mokoena6203@student.example.ac.za,083 555 8642,"Flat 14, 158 Plein St, Stellenbosch, 7600"
24909440,Pillay,Karabo,2008-07-22,Female,karabo.pillay9440@student.example.ac.za,076 555 1007,"Flat 11, 20 Ryneveld St, Stellenbosch, 7600"
22110440,Van der Merwe,Bheki,2000-09-01,Male,bheki.vandermerwe0440@student.example.ac.za,081 555 8720,"Flat 3, 4 Neethling St, Stellenbosch, 7600"
22667624,Meyer,Liam,2007-09-21,Male,liam.meyer7624@student.example.ac.za,082 555 6763,"Flat 13, 84 Andringa St, Stellenbosch, 7600"
21037064,Botha,Rohan,2003-10-28,Male,rohan.botha7064@student.example.ac.za,076 555 7329,"70 Banghoek Rd, Stellenbosch, 7600"
23531666,Xaba,Daniel,2005-03-27,Male,daniel.xaba1666@student.example.ac.za,073 555 0375,"66 Neethling St, Stellenbosch, 7600"
22230976,Pillay,Bianca,2005-01-22,Female,bianca.pillay0976@student.example.ac.za,079 555 2308,"Room 418, Rozendal Lodge, Stellenbosch, 7600"
25434667,Naidoo,Callum,2005-01-11,Male,callum.naidoo4667@student.example.ac.za,073 555 7679,"84 Adam Tas Rd, Stellenbosch, 7600"
25093522,Steyn,Sibusiso,2002-01-12,Male,sibusiso.steyn3522@student.example.ac.za,079 555 1285,"Room 414, Oude Molen Hall, Stellenbosch, 7600"
26225960,Jansen,Tumelo,2005-02-14,Female,tumelo.jansen5960@student.example.ac.za,083 555 3315,"Flat 18, 3 Church St, Stellenbosch, 7600"
27012804,Govender,Sam,2006-05-15,Non-binary,sam.govender2804@student.example.ac.za,079 555 3889,"98 Bird St, Stellenbosch, 7600"
25369656,Tshabalala,Lerato,2007-12-25,Female,lerato.tshabalala9656@student.example.ac.za,073 555 4618,"Room 104, Oude Molen Hall, Stellenbosch, 7600"
24773695,Meyer,Tshepo,2007-11-03,Male,tshepo.meyer3695@student.example.ac.za,079 555 1551,"Flat 16, 10 Adam Tas Rd, Stellenbosch, 7600"
20774336,Tshabalala,Siya,2007-03-06,Male,siya.tshabalala4336@student.example.ac.za,071 555 2386,"Room 186, Rozendal Lodge, Stellenbosch, 7600"
23468255,Naidoo,Riaan,2006-06-02,Male,riaan.naidoo8255@student.example.ac.za,083 555 7382,"61 Bird St, Stellenbosch, 7600"
23930234,Steyn,Xolani,2003-03-27,Male,xolani.steyn0234@student.example.ac.za,076 555 0887,"8 Bird St, Stellenbosch, 7600"
23892952,Van Wyk,Anele,2004-11-10,Female,anele.vanwyk2952@student.example.ac.za,072 555 3001,"Room 235, Kruispad Hall, Stellenbosch, 7600"
24923389,Jansen,Zanele,2003-12-26,Female,zanele.jansen3389@student.example.ac.za,071 555 2833,"Flat 18, 138 Merriman Ave, Stellenbosch, 7600"
25064011,Dlamini,Palesa,2003-10-17,Female,palesa.dlamini4011@student.example.ac.za,071 555 7961,"74 Dorp St, Stellenbosch, 7600"
23204696,Visser,Thandi,2007-05-21,Female,thandi.visser4696@student.example.ac.za,083 555 2736,"Flat 1, 148 Dorp St, Stellenbosch, 7600"
22434532,Botha,Neo,2005-01-07,Male,neo.botha4532@student.example.ac.za,082 555 4257,"Room 196, Simonsberg House, Stellenbosch, 7600"
23031738,Booysen,Jason,2003-08-04,Male,jason.booysen1738@student.example.ac.za,079 555 1626,"Flat 17, 108 Merriman Ave, Stellenbosch, 7600"
22295771,Khumalo,Rohan,2002-09-28,Male,rohan.khumalo5771@student.example.ac.za,084 555 6483,"Room 262, Eikestad House, Stellenbosch, 7600"
21435272,Tshabalala,Jana,2002-02-23,Female,jana.tshabalala5272@student.example.ac.za,084 555 2614,"Flat 25, 87 Plein St, Stellenbosch, 7600"
27149218,Khumalo,Gugu,2005-11-30,Female,gugu.khumalo9218@student.example.ac.za,060 555 1832,"Room 302, Lentelus House, Stellenbosch, 7600"
27583201,Lombard,Rohan,2005-11-14,Male,rohan.lombard3201@student.example.ac.za,081 555 7967,"88 Ryneveld St, Stellenbosch, 7600"
26831633,Naidoo,Naledi,2003-10-02,Female,naledi.naidoo1633@student.example.ac.za,083 555 3336,"Flat 13, 15 Banghoek Rd, Stellenbosch, 7600"
20891666,Olivier,Lerato,2001-07-01,Female,lerato.olivier1666@student.example.ac.za,076 555 6380,"Room 217, Oude Molen Hall, Stellenbosch, 7600"
26398484,Molefe,Palesa,2005-02-12,Female,palesa.molefe8484@student.example.ac.za,060 555 4492,"Room 344, Rozendal Lodge, Stellenbosch, 7600"
20603867,Pretorius,Tshepo,2005-10-17,Male,tshepo.pretorius3867@student.example.ac.za,076 555 8384,"148 Victoria St, Stellenbosch, 7600"
24355849,Jacobs,Callum,2006-09-21,Male,callum.jacobs5849@student.example.ac.za,083 555 9998,"Flat 15, 82 Plein St, Stellenbosch, 7600"
24779515,Van Wyk,Hannah,2008-08-02,Female,hannah.vanwyk9515@student.example.ac.za,073 555 3050,"26 Ryneveld St, Stellenbosch, 7600"
22370101,Venter,Anri,2002-01-20,Female,anri.venter0101@student.example.ac.za,081 555 6053,"Room 160, Eikestad House, Stellenbosch, 7600"
25869266,Jacobs,Callum,2004-07-29,Male,callum.jacobs9266@student.example.ac.za,073 555 5896,"85 Helshoogte Rd, Stellenbosch, 7600"
20838158,Fourie,Daniel,2004-12-24,Male,daniel.fourie8158@student.example.ac.za,060 555 3940,"Room 112, Bergzicht Residence, Stellenbosch, 7600"
23264475,Zulu,Nomsa,2007-08-29,Female,nomsa.zulu4475@student.example.ac.za,081 555 8552,"Room 161, Kruispad Hall, Stellenbosch, 7600"
24670722,Jansen,Lerato,2004-04-07,Female,lerato.jansen0722@student.example.ac.za,060 555 4106,"Flat 14, 27 Neethling St, Stellenbosch, 7600"
24195681,Jacobs,Riaan,2004-06-05,Male,riaan.jacobs5681@student.example.ac.za,060 555 7951,"Room 366, Lentelus House, Stellenbosch, 7600"
21863430,Adams,Chloe,2005-09-22,Prefer not to say,chloe.adams3430@student.example.ac.za,079 555 8602,"99 Plein St, Stellenbosch, 7600"
20090501,Adams,Deon,2004-02-29,Male,deon.adams0501@student.example.ac.za,083 555 6173,"157 Dorp St, Stellenbosch, 7600"
23418829,Adams,Nkosana,2006-06-29,Male,nkosana.adams8829@student.example.ac.za,073 555 6610,"99 Church St, Stellenbosch, 7600"
23927999,Nel,Dineo,2004-10-12,Female,dineo.nel7999@student.example.ac.za,079 555 5375,"Flat 21, 91 Adam Tas Rd, Stellenbosch, 7600"
23785411,Hendricks,Precious,2007-01-04,Female,precious.hendricks5411@student.example.ac.za,079 555 5001,"Room 230, Kruispad Hall, Stellenbosch, 7600"
20848258,Pather,Jana,2003-12-23,Female,jana.pather8258@student.example.ac.za,081 555 6260,"Flat 2, 101 Andringa St, Stellenbosch, 7600"
21774702,Sithole,Sarah,2001-12-15,Female,sarah.sithole4702@student.example.ac.za,081 555 7755,"60 Merriman Ave, Stellenbosch, 7600"
20702577,Le Roux,Liezl,2007-09-30,Female,liezl.leroux2577@student.example.ac.za,083 555 8962,"Flat 22, 17 Ryneveld St, Stellenbosch, 7600"
23046329,Govender,Zakhele,2006-03-24,Male,zakhele.govender6329@student.example.ac.za,078 555 7010,"93 Ryneveld St, Stellenbosch, 7600"
27990912,Van Wyk,Hannah,2008-01-12,Female,hannah.vanwyk0912@student.example.ac.za,072 555 4278,"Room 124, Rozendal Lodge, Stellenbosch, 7600"
22980236,Molefe,Jaco,2003-09-22,Male,jaco.molefe0236@student.example.ac.za,060 555 3871,"4 Adam Tas Rd, Stellenbosch, 7600"
22264265,Fourie,Reanette,2006-03-12,Female,reanette.fourie4265@student.example.ac.za,076 555 3073,"Room 273, Bergzicht Residence, Stellenbosch, 7600"
26020541,Malan,Siya,2006-01-13,Male,siya.malan0541@student.example.ac.za,073 555 5787,"Room 168, Kruispad Hall, Stellenbosch, 7600"
25361305,Khumalo,Brandon,2005-10-08,Male,brandon.khumalo1305@student.example.ac.za,078 555 8745,"39 Bird St, Stellenbosch, 7600"
26105578,Nel,Daniel,2006-08-20,Male,daniel.nel5578@student.example.ac.za,084 555 9404,"128 Church St, Stellenbosch, 7600"
23637125,Fourie,Callum,2005-12-18,Male,callum.fourie7125@student.example.ac.za,084 555 6914,"Room 135, Simonsberg House, Stellenbosch, 7600"
23582526,Lombard,Bheki,2005-04-05,Male,bheki.lombard2526@student.example.ac.za,071 555 2217,"156 Church St, Stellenbosch, 7600"
25289865,Swanepoel,Xolani,2005-01-17,Male,xolani.swanepoel9865@student.example.ac.za,084 555 1180,"Room 179, Lentelus House, Stellenbosch, 7600"
26801860,Khumalo,Zanele,2003-04-22,Female,zanele.khumalo1860@student.example.ac.za,083 555 5543,"135 Bird St, Stellenbosch, 7600"
26844256,Naidoo,Hannah,2006-02-25,Female,hannah.naidoo4256@student.example.ac.za,083 555 6671,"Room 310, Bergzicht Residence, Stellenbosch, 7600"
25763990,Engelbrecht,Yusuf,2004-03-15,Male,yusuf.engelbrecht3990@student.example.ac.za,076 555 6861,"Room 387, Lentelus House, Stellenbosch, 7600"
23642494,Pillay,Jason,2004-03-13,Male,jason.pillay2494@student.example.ac.za,060 555 3890,"Room 378, Lentelus House, Stellenbosch, 7600"
27590348,Jansen,Zanele,2004-02-26,Female,zanele.jansen0348@student.example.ac.za,060 555 2024,"Flat 22, 124 Dorp St, Stellenbosch, 7600"
22184070,Jansen,Riaan,2006-05-04,Male,riaan.jansen4070@student.example.ac.za,083 555 5305,"Room 226, Lentelus House, Stellenbosch, 7600"
26181084,Molefe,Siya,2005-07-11,Male,siya.molefe1084@student.example.ac.za,082 555 4742,"Room 299, Rozendal Lodge, Stellenbosch, 7600"
25269533,Mokoena,Gugu,2006-05-18,Female,gugu.mokoena9533@student.example.ac.za,078 555 0317,"9 Ryneveld St, Stellenbosch, 7600"
25208051,Botha,Karabo,2005-06-25,Female,karabo.botha8051@student.example.ac.za,076 555 3266,"159 Ryneveld St, Stellenbosch, 7600"
20561603,Govender,Tiaan,2005-10-19,Male,tiaan.govender1603@student.example.ac.za,060 555 4525,"144 Helshoogte Rd, Stellenbosch, 7600"
27086862,Fourie,Rohan,2006-09-05,Male,rohan.fourie6862@student.example.ac.za,082 555 3903,"140 Church St, Stellenbosch, 7600"
26851549,Booysen,Bianca,2004-03-01,Female,bianca.booysen1549@student.example.ac.za,071 555 1379,"Room 407, Rozendal Lodge, Stellenbosch, 7600"
25803882,Sithole,Callum,2003-11-14,Male,callum.sithole3882@student.example.ac.za,073 555 0105,"Flat 19, 112 Helshoogte Rd, Stellenbosch, 7600"
25051806,Pretorius,Sarah,2006-05-13,Female,sarah.pretorius1806@student.example.ac.za,078 555 2532,"Room 419, Rozendal Lodge, Stellenbosch, 7600"
26526001,Booysen,Bheki,2007-11-05,Male,bheki.booysen6001@student.example.ac.za,079 555 8218,"41 Andringa St, Stellenbosch, 7600"
23217543,Naidoo,Hendrik,2006-06-11,Male,hendrik.naidoo7543@student.example.ac.za,083 555 0270,"Room 397, Eikestad House, Stellenbosch, 7600"
24684279,Mbeki,Liezl,2001-08-14,Female,liezl.mbeki4279@student.example.ac.za,071 555 0546,"Flat 25, 135 Victoria St, Stellenbosch, 7600"
24674520,Maharaj,Liam,2004-05-22,Male,liam.maharaj4520@student.example.ac.za,076 555 0262,"Room 166, Lentelus House, Stellenbosch, 7600"
22521982,Tshabalala,Jana,2003-06-01,Female,jana.tshabalala1982@student.example.ac.za,082 555 5292,"Flat 5, 41 Plein St, Stellenbosch, 7600"
25574445,Maharaj,Sibusiso,2006-03-19,Male,sibusiso.maharaj4445@student.example.ac.za,084 555 7332,"104 Ryneveld St, Stellenbosch, 7600"
23988614,Du Plessis,Chloe,2005-08-25,Non-binary,chloe.duplessis8614@student.example.ac.za,078 555 4658,"Room 258, Kruispad Hall, Stellenbosch, 7600"
27856556,Coetzee,Buhle,2006-04-11,Female,buhle.coetzee6556@student.example.ac.za,083 555 2366,"63 Plein St, Stellenbosch, 7600"
27442880,Pretorius,Maya,2005-02-10,Female,maya.pretorius2880@student.example.ac.za,084 555 7132,"Room 269, Rozendal Lodge, Stellenbosch, 7600"
27759801,Cele,Andile,2003-05-18,Male,andile.cele9801@student.example.ac.za,071 555 7570,"Room 256, Pniel Court, Stellenbosch, 7600"
26826872,Pather,Fatima,2005-08-19,Female,fatima.pather6872@student.example.ac.za,084 555 8217,"Flat 25, 26 Plein St, Stellenbosch, 7600"
22662167,Malan,Megan,2003-02-08,Female,megan.malan2167@student.example.ac.za,078 555 6534,"Room 211, Oude Molen Hall, Stellenbosch, 7600"
22293446,Khumalo,Gugu,2006-10-15,Female,gugu.khumalo3446@student.example.ac.za,060 555 9116,"138 Neethling St, Stellenbosch, 7600"
23991859,Botha,Gareth,2006-10-06,Male,gareth.botha1859@student.example.ac.za,073 555 1291,"45 Ryneveld St, Stellenbosch, 7600"
21924932,Nkosi,Naledi,2007-04-12,Female,naledi.nkosi4932@student.example.ac.za,083 555 2872,"Flat 3, 93 Andringa St, Stellenbosch, 7600"
24220150,Khumalo,Tshepo,2005-12-15,Male,tshepo.khumalo0150@student.example.ac.za,071 555 5819,"Room 379, Oude Molen Hall, Stellenbosch, 7600"
21108044,Smit,Sibusiso,2005-11-15,Male,sibusiso.smit8044@student.example.ac.za,082 555 6403,"Flat 4, 82 Ryneveld St, Stellenbosch, 7600"
27409132,Pretorius,Rohan,2007-05-27,Male,rohan.pretorius9132@student.example.ac.za,079 555 1280,"Flat 29, 17 Helshoogte Rd, Stellenbosch, 7600"
21330068,Booysen,Liam,2005-08-25,Male,liam.booysen0068@student.example.ac.za,081 555 9281,"Room 286, Oude Molen Hall, Stellenbosch, 7600"
21376216,Zulu,Buhle,2004-01-27,Female,buhle.zulu6216@student.example.ac.za,079 555 7326,"Room 151, Simonsberg House, Stellenbosch, 7600"
23708708,Jansen,Deon,2007-08-25,Male,deon.jansen8708@student.example.ac.za,084 555 1341,"Flat 3, 127 Plein St, Stellenbosch, 7600"
27765006,Pretorius,Nomsa,2006-09-28,Female,nomsa.pretorius5006@student.example.ac.za,072 555 8855,"Room 367, Simonsberg House, Stellenbosch, 7600"
20221634,Venter,Themba,2006-10-04,Male,themba.venter1634@student.example.ac.za,078 555 0063,"Room 322, Eikestad House, Stellenbosch, 7600"
23941044,Pretorius,Chanel,2005-02-10,Female,chanel.pretorius1044@student.example.ac.za,073 555 4248,"Flat 16, 25 Adam Tas Rd, Stellenbosch, 7600"
20930797,Pretorius,Daniel,2007-12-11,Male,daniel.pretorius0797@student.example.ac.za,071 555 0859,"Flat 9, 71 Plein St, Stellenbosch, 7600"
25156886,Pather,Hannah,2007-02-20,Female,hannah.pather6886@student.example.ac.za,084 555 6061,"85 Dorp St, Stellenbosch, 7600"
21032221,Dlamini,Zakhele,2006-11-09,Male,zakhele.dlamini2221@student.example.ac.za,082 555 0220,"Flat 3, 10 Helshoogte Rd, Stellenbosch, 7600"
22882801,Molefe,Chloe,2006-11-08,Female,chloe.molefe2801@student.example.ac.za,083 555 6726,"157 Andringa St, Stellenbosch, 7600"
27621514,Jansen,Andile,2003-08-31,Male,andile.jansen1514@student.example.ac.za,060 555 9618,"104 Dorp St, Stellenbosch, 7600"
24638698,Petersen,Jason,2005-11-13,Male,jason.petersen8698@student.example.ac.za,083 555 5666,"124 Victoria St, Stellenbosch, 7600"
22593992,Mokoena,Riaan,2001-07-02,Male,riaan.mokoena3992@student.example.ac.za,081 555 1592,"72 Merriman Ave, Stellenbosch, 7600"
24586414,Engelbrecht,Tumelo,2006-12-25,Female,tumelo.engelbrecht6414@student.example.ac.za,079 555 9626,"Room 107, Oude Molen Hall, Stellenbosch, 7600"
26272064,Petersen,Jaco,2006-10-02,Male,jaco.petersen2064@student.example.ac.za,076 555 6779,"Room 173, Oude Molen Hall, Stellenbosch, 7600"
22801023,Mokoena,Brandon,2006-12-01,Male,brandon.mokoena1023@student.example.ac.za,082 555 3911,"Room 236, Oude Molen Hall, Stellenbosch, 7600"
26687909,Jansen,Andile,2005-09-17,Male,andile.jansen7909@student.example.ac.za,079 555 6477,"Room 119, Kruispad Hall, Stellenbosch, 7600"
26887597,Pretorius,Imaan,2004-02-01,Female,imaan.pretorius7597@student.example.ac.za,084 555 3276,"136 Bird St, Stellenbosch, 7600"
27375246,Smit,Yusuf,2007-01-13,Male,yusuf.smit5246@student.example.ac.za,082 555 7003,"120 Bird St, Stellenbosch, 7600"
23665742,Meyer,Lerato,2004-03-01,Female,lerato.meyer5742@student.example.ac.za,060 555 9624,"86 Church St, Stellenbosch, 7600"
25839360,Nel,Naledi,2003-04-05,Female,naledi.nel9360@student.example.ac.za,072 555 9813,"80 Ryneveld St, Stellenbosch, 7600"
20237990,Le Roux,Zakhele,2004-08-31,Male,zakhele.leroux7990@student.example.ac.za,082 555 8443,"Room 338, Kruispad Hall, Stellenbosch, 7600"
24824436,Venter,Daniel,2005-03-01,Male,daniel.venter4436@student.example.ac.za,073 555 0575,"Room 216, Kruispad Hall, Stellenbosch, 7600"
20696643,Jacobs,Imaan,2006-11-19,Female,imaan.jacobs6643@student.example.ac.za,083 555 7592,"Room 387, Oude Molen Hall, Stellenbosch, 7600"
23513341,Zulu,Fatima,2006-08-26,Female,fatima.zulu3341@student.example.ac.za,083 555 3637,"148 Plein St, Stellenbosch, 7600"
23424986,Pillay,Mandla,2003-10-05,Male,mandla.pillay4986@student.example.ac.za,079 555 5170,"Room 132, Bergzicht Residence, Stellenbosch, 7600"
26852953,Van Wyk,Tshepo,2002-05-21,Male,tshepo.vanwyk2953@student.example.ac.za,084 555 6945,"Room 237, Pniel Court, Stellenbosch, 7600"
27892326,Botha,Sarah,2004-02-04,Female,sarah.botha2326@student.example.ac.za,083 555 6471,"102 Merriman Ave, Stellenbosch, 7600"
27736044,Molefe,Fikile,2006-11-19,Male,fikile.molefe6044@student.example.ac.za,082 555 0806,"21 Dorp St, Stellenbosch, 7600"
20883038,Adams,Naledi,2005-12-20,Female,naledi.adams3038@student.example.ac.za,060 555 4756,"Room 359, Rozendal Lodge, Stellenbosch, 7600"
21931214,Mahlangu,Yusuf,2004-06-25,Male,yusuf.mahlangu1214@student.example.ac.za,060 555 8790,"Flat 18, 158 Banghoek Rd, Stellenbosch, 7600"
23047492,Adams,Daniel,2006-01-24,Male,daniel.adams7492@student.example.ac.za,072 555 8617,"Room 104, Rozendal Lodge, Stellenbosch, 7600"
23057338,Pretorius,Pieter,2005-08-02,Male,pieter.pretorius7338@student.example.ac.za,082 555 1786,"Room 275, Kruispad Hall, Stellenbosch, 7600"
20291631,Fourie,Andile,2007-11-10,Male,andile.fourie1631@student.example.ac.za,060 555 2671,"147 Dorp St, Stellenbosch, 7600"
27236545,Xaba,Imaan,2006-12-08,Female,imaan.xaba6545@student.example.ac.za,078 555 7506,"Flat 26, 14 Neethling St, Stellenbosch, 7600"
26937939,Pather,Siya,2004-02-18,Male,siya.pather7939@student.example.ac.za,083 555 2583,"137 Merriman Ave, Stellenbosch, 7600"
21808189,Cele,Christiaan,2005-08-19,Male,christiaan.cele8189@student.example.ac.za,078 555 2235,"Room 110, Eikestad House, Stellenbosch, 7600"
25172384,Nel,Mpho,2006-05-05,Male,mpho.nel2384@student.example.ac.za,071 555 5031,"Room 102, Simonsberg House, Stellenbosch, 7600"
20900934,Jansen,Buhle,2008-07-08,Female,buhle.jansen0934@student.example.ac.za,071 555 8510,"Flat 1, 139 Dorp St, Stellenbosch, 7600"
25899039,Visser,Andile,2002-05-01,Male,andile.visser9039@student.example.ac.za,060 555 7027,"Flat 4, 14 Neethling St, Stellenbosch, 7600"
22515347,Pillay,Tiaan,2006-03-02,Male,tiaan.pillay5347@student.example.ac.za,072 555 8064,"55 Merriman Ave, Stellenbosch, 7600"
26700919,Van Wyk,Anele,2007-11-04,Female,anele.vanwyk0919@student.example.ac.za,084 555 1631,"Room 126, Kruispad Hall, Stellenbosch, 7600"
25168366,Mbeki,Tiaan,2002-02-01,Male,tiaan.mbeki8366@student.example.ac.za,083 555 8476,"Room 227, Oude Molen Hall, Stellenbosch, 7600"
20772472,Jansen,Sibusiso,2006-03-20,Male,sibusiso.jansen2472@student.example.ac.za,071 555 5921,"Room 180, Lentelus House, Stellenbosch, 7600"
23097824,Molefe,Jana,2006-06-16,Female,jana.molefe7824@student.example.ac.za,072 555 9369,"43 Andringa St, Stellenbosch, 7600"
21252797,Kruger,Liam,2006-03-10,Male,liam.kruger2797@student.example.ac.za,060 555 2712,"Room 366, Kruispad Hall, Stellenbosch, 7600"
22216350,Radebe,Naledi,2005-01-10,Female,naledi.radebe6350@student.example.ac.za,076 555 3507,"126 Banghoek Rd, Stellenbosch, 7600"
25976245,Pather,Kagiso,2004-02-03,Male,kagiso.pather6245@student.example.ac.za,084 555 4287,"Room 327, Oude Molen Hall, Stellenbosch, 7600"
25477430,Steyn,Jaco,2003-03-06,Male,jaco.steyn7430@student.example.ac.za,071 555 9955,"Room 322, Pniel Court, Stellenbosch, 7600"
24282740,Mahlangu,Ari,2003-12-26,Non-binary,ari.mahlangu2740@student.example.ac.za,072 555 5890,"Room 415, Lentelus House, Stellenbosch, 7600"
27007519,Smit,Dineo,2005-10-29,Female,dineo.smit7519@student.example.ac.za,078 555 6193,"7 Andringa St, Stellenbosch, 7600"
22567152,Pillay,Sarah,2004-03-27,Female,sarah.pillay7152@student.example.ac.za,081 555 8023,"Flat 14, 78 Plein St, Stellenbosch, 7600"
25376494,Mokoena,Chloe,2001-07-04,Female,chloe.mokoena6494@student.example.ac.za,084 555 3012,"Room 231, Rozendal Lodge, Stellenbosch, 7600"
27643661,Steyn,Brandon,2005-06-13,Male,brandon.steyn3661@student.example.ac.za,084 555 7958,"Room 169, Eikestad House, Stellenbosch, 7600"
23587751,Ndlovu,Dineo,2006-10-31,Female,dineo.ndlovu7751@student.example.ac.za,076 555 2445,"98 Merriman Ave, Stellenbosch, 7600"
26676231,Molefe,Naledi,2003-08-15,Female,naledi.molefe6231@student.example.ac.za,082 555 4044,"Room 418, Bergzicht Residence, Stellenbosch, 7600"
23938285,Van Wyk,Neo,2005-12-04,Male,neo.vanwyk8285@student.example.ac.za,079 555 2217,"13 Victoria St, Stellenbosch, 7600"
23927560,Molefe,Kabelo,2002-12-26,Male,kabelo.molefe7560@student.example.ac.za,060 555 8199,"Room 165, Oude Molen Hall, Stellenbosch, 7600"
26177370,Maharaj,Xolani,2007-01-17,Male,xolani.maharaj7370@student.example.ac.za,078 555 4822,"Room 352, Kruispad Hall, Stellenbosch, 7600"
24952227,Cele,Kayla,2007-03-05,Female,kayla.cele2227@student.example.ac.za,072 555 1487,"81 Dorp St, Stellenbosch, 7600"
23460953,Malan,Reanette,2008-01-29,Female,reanette.malan0953@student.example.ac.za,072 555 4234,"37 Victoria St, Stellenbosch, 7600"
24409802,Mokoena,Faith,2005-06-28,Female,faith.mokoena9802@student.example.ac.za,073 555 7517,"101 Helshoogte Rd, Stellenbosch, 7600"
27244064,Pather,Faith,2006-12-26,Female,faith.pather4064@student.example.ac.za,072 555 6413,"Room 174, Pniel Court, Stellenbosch, 7600"
27959081,Van der Merwe,Mpho,2004-07-23,Male,mpho.vandermerwe9081@student.example.ac.za,081 555 3171,"Flat 23, 133 Church St, Stellenbosch, 7600"
26101597,Engelbrecht,Faith,2007-06-03,Female,faith.engelbrecht1597@student.example.ac.za,060 555 7090,"131 Victoria St, Stellenbosch, 7600"
23845817,Meyer,Liezl,2006-07-26,Female,liezl.meyer5817@student.example.ac.za,071 555 0485,"Room 196, Simonsberg House, Stellenbosch, 7600"
27147457,Botha,Lerato,2007-01-01,Female,lerato.botha7457@student.example.ac.za,084 555 6486,"Room 335, Rozendal Lodge, Stellenbosch, 7600"
24783354,Smit,Jaco,2007-03-07,Male,jaco.smit3354@student.example.ac.za,076 555 8317,"Room 417, Oude Molen Hall, Stellenbosch, 7600"
24089689,Swanepoel,Mpho,2005-02-09,Male,mpho.swanepoel9689@student.example.ac.za,078 555 1207,"Flat 17, 61 Adam Tas Rd, Stellenbosch, 7600"
22113724,Ndlovu,Pieter,2005-03-15,Male,pieter.ndlovu3724@student.example.ac.za,071 555 4911,"Flat 22, 141 Victoria St, Stellenbosch, 7600"
24305043,Botha,Xolani,2007-08-06,Male,xolani.botha5043@student.example.ac.za,076 555 4912,"Room 150, Eikestad House, Stellenbosch, 7600"
25628470,Visser,Siya,2004-09-15,Male,siya.visser8470@student.example.ac.za,083 555 2805,"Flat 9, 77 Victoria St, Stellenbosch, 7600"
27018878,Sithole,Kayla,2005-11-21,Female,kayla.sithole8878@student.example.ac.za,072 555 9564,"Room 331, Lentelus House, Stellenbosch, 7600"
22951564,Brits,Nomsa,2003-07-08,Female,nomsa.brits1564@student.example.ac.za,073 555 7837,"51 Neethling St, Stellenbosch, 7600"
22793987,Williams,Zanele,2007-03-27,Female,zanele.williams3987@student.example.ac.za,076 555 5915,"101 Church St, Stellenbosch, 7600"
23929115,Fourie,Rohan,2005-09-01,Male,rohan.fourie9115@student.example.ac.za,083 555 3091,"126 Banghoek Rd, Stellenbosch, 7600"
25820271,Jacobs,Daniel,2005-04-10,Male,daniel.jacobs0271@student.example.ac.za,060 555 3361,"Flat 7, 44 Ryneveld St, Stellenbosch, 7600"
23037419,Pather,Zoe,2007-03-31,Female,zoe.pather7419@student.example.ac.za,082 555 6309,"Room 381, Eikestad House, Stellenbosch, 7600"
23204927,Steyn,Zoe,2004-04-25,Female,zoe.steyn4927@student.example.ac.za,072 555 1838,"Flat 15, 158 Church St, Stellenbosch, 7600"
21822341,Dlamini,Faith,2005-04-09,Female,faith.dlamini2341@student.example.ac.za,081 555 9444,"8 Banghoek Rd, Stellenbosch, 7600"
23142977,Tshabalala,Kayla,2007-11-08,Female,kayla.tshabalala2977@student.example.ac.za,082 555 5552,"Room 378, Oude Molen Hall, Stellenbosch, 7600"
22420469,Williams,Ari,2006-05-29,Prefer not to say,ari.williams0469@student.example.ac.za,060 555 2800,"152 Banghoek Rd, Stellenbosch, 7600"
26308536,Hendricks,Neo,2006-06-21,Male,neo.hendricks8536@student.example.ac.za,084 555 5543,"Flat 18, 3 Helshoogte Rd, Stellenbosch, 7600"
21675508,Du Plessis,Elri,2006-08-28,Female,elri.duplessis5508@student.example.ac.za,083 555 8338,"66 Neethling St, Stellenbosch, 7600"
24436350,Van Wyk,Daniel,2002-11-28,Male,daniel.vanwyk6350@student.example.ac.za,079 555 3972,"Flat 27, 129 Adam Tas Rd, Stellenbosch, 7600"
23579775,Sithole,Gugu,2003-10-02,Female,gugu.sithole9775@student.example.ac.za,084 555 7183,"Room 416, Eikestad House, Stellenbosch, 7600"
21982173,Brits,Chloe,2006-12-28,Female,chloe.brits2173@student.example.ac.za,081 555 8848,"78 Dorp St, Stellenbosch, 7600"
22220123,Dlamini,Olivia,2005-10-18,Female,olivia.dlamini0123@student.example.ac.za,083 555 1065,"Flat 1, 124 Adam Tas Rd, Stellenbosch, 7600"
23695491,Dlamini,Wian,2005-08-23,Male,wian.dlamini5491@student.example.ac.za,071 555 3446,"Room 127, Lentelus House, Stellenbosch, 7600"
20237993,Ndlovu,Hannah,2005-11-25,Female,hannah.ndlovu7993@student.example.ac.za,060 555 1600,"Room 155, Eikestad House, Stellenbosch, 7600"
25632305,Tshabalala,Jana,2005-11-26,Female,jana.tshabalala2305@student.example.ac.za,081 555 3447,"109 Victoria St, Stellenbosch, 7600"
22795774,Booysen,Carmen,2005-02-27,Female,carmen.booysen5774@student.example.ac.za,083 555 3587,"Flat 8, 119 Helshoogte Rd, Stellenbosch, 7600"
24727794,Tshabalala,Sarah,2007-08-30,Female,sarah.tshabalala7794@student.example.ac.za,084 555 3148,"12 Merriman Ave, Stellenbosch, 7600"
27623670,Jansen,Palesa,2003-12-04,Female,palesa.jansen3670@student.example.ac.za,079 555 3108,"Flat 17, 148 Plein St, Stellenbosch, 7600"
22561226,Steyn,Kayla,2006-09-25,Female,kayla.steyn1226@student.example.ac.za,073 555 3239,"Room 120, Kruispad Hall, Stellenbosch, 7600"
22796946,Venter,Mpho,2005-09-02,Male,mpho.venter6946@student.example.ac.za,084 555 3691,"Flat 10, 20 Andringa St, Stellenbosch, 7600"
20706050,Steyn,Anri,2008-02-04,Female,anri.steyn6050@student.example.ac.za,084 555 0865,"147 Merriman Ave, Stellenbosch, 7600"
22581504,Williams,Lungile,2004-03-31,Male,lungile.williams1504@student.example.ac.za,076 555 0108,"Room 162, Oude Molen Hall, Stellenbosch, 7600"
23256333,Hendricks,Gareth,2005-10-23,Male,gareth.hendricks6333@student.example.ac.za,082 555 7148,"90 Helshoogte Rd, Stellenbosch, 7600"
23395130,Maharaj,Deon,2000-06-19,Male,deon.maharaj5130@student.example.ac.za,084 555 7175,"Room 137, Kruispad Hall, Stellenbosch, 7600"
25043713,Naidoo,Sibusiso,2007-09-23,Male,sibusiso.naidoo3713@student.example.ac.za,082 555 5138,"Flat 11, 11 Victoria St, Stellenbosch, 7600"
21344577,Van Wyk,Hannah,2000-09-26,Female,hannah.vanwyk4577@student.example.ac.za,076 555 6549,"Flat 29, 14 Victoria St, Stellenbosch, 7600"
23316326,Ndlovu,Thandi,2006-04-02,Female,thandi.ndlovu6326@student.example.ac.za,082 555 7576,"Flat 24, 8 Adam Tas Rd, Stellenbosch, 7600"
27812421,Smit,Precious,2007-07-15,Female,precious.smit2421@student.example.ac.za,078 555 5043,"Room 268, Eikestad House, Stellenbosch, 7600"
20487631,Radebe,Jana,2003-02-01,Female,jana.radebe7631@student.example.ac.za,078 555 0558,"83 Adam Tas Rd, Stellenbosch, 7600"
24924151,Khumalo,Christiaan,2006-06-16,Male,christiaan.khumalo4151@student.example.ac.za,071 555 7454,"Flat 3, 53 Ryneveld St, Stellenbosch, 7600"
25781312,Venter,Buhle,2007-11-26,Female,buhle.venter1312@student.example.ac.za,060 555 6239,"Room 106, Simonsberg House, Stellenbosch, 7600"
23118873,Mbeki,Palesa,2005-09-07,Female,palesa.mbeki8873@student.example.ac.za,078 555 0354,"Room 406, Oude Molen Hall, Stellenbosch, 7600"
24755455,Meyer,Mpho,2004-06-19,Male,mpho.meyer5455@student.example.ac.za,073 555 8877,"105 Bird St, Stellenbosch, 7600"
20211552,Nel,Thabo,2004-07-22,Male,thabo.nel1552@student.example.ac.za,084 555 5778,"142 Banghoek Rd, Stellenbosch, 7600"
21034437,Engelbrecht,Kabelo,2006-07-28,Male,kabelo.engelbrecht4437@student.example.ac.za,071 555 4942,"14 Merriman Ave, Stellenbosch, 7600"
20810600,Lombard,Fikile,2007-04-30,Male,fikile.lombard0600@student.example.ac.za,084 555 8237,"6 Neethling St, Stellenbosch, 7600"
26463437,Olivier,Sibusiso,2005-01-11,Male,sibusiso.olivier3437@student.example.ac.za,072 555 3328,"Flat 2, 107 Ryneveld St, Stellenbosch, 7600"
22111128,Xaba,Tiaan,2005-11-09,Male,tiaan.xaba1128@student.example.ac.za,084 555 3378,"Room 225, Bergzicht Residence, Stellenbosch, 7600"
27422487,Ndlovu,Zoe,2007-08-09,Female,zoe.ndlovu2487@student.example.ac.za,072 555 7169,"86 Helshoogte Rd, Stellenbosch, 7600"
24967576,Mbeki,Anri,2006-12-11,Female,anri.mbeki7576@student.example.ac.za,084 555 6023,"Room 394, Rozendal Lodge, Stellenbosch, 7600"
22422702,Swanepoel,Maya,2006-10-30,Female,maya.swanepoel2702@student.example.ac.za,071 555 8384,"Room 402, Simonsberg House, Stellenbosch, 7600"
22158929,Lombard,Tshepo,2006-08-16,Male,tshepo.lombard8929@student.example.ac.za,082 555 4341,"138 Andringa St, Stellenbosch, 7600"
21863122,Mahlangu,Daniel,2007-01-16,Male,daniel.mahlangu3122@student.example.ac.za,081 555 1780,"78 Merriman Ave, Stellenbosch, 7600"
27467456,Le Roux,Precious,2005-06-14,Female,precious.leroux7456@student.example.ac.za,076 555 5890,"77 Dorp St, Stellenbosch, 7600"
24017592,Sithole,Dineo,2008-08-02,Female,dineo.sithole7592@student.example.ac.za,081 555 8942,"Room 378, Eikestad House, Stellenbosch, 7600"
27294798,Zulu,Gugu,2007-06-06,Female,gugu.zulu4798@student.example.ac.za,084 555 0959,"Room 214, Oude Molen Hall, Stellenbosch, 7600"
26212582,Sithole,Fatima,2005-11-23,Female,fatima.sithole2582@student.example.ac.za,071 555 0348,"Room 201, Bergzicht Residence, Stellenbosch, 7600"
23965571,Jacobs,Precious,2000-10-15,Female,precious.jacobs5571@student.example.ac.za,082 555 0589,"127 Victoria St, Stellenbosch, 7600"
25994592,Tshabalala,Daniel,2005-05-14,Male,daniel.tshabalala4592@student.example.ac.za,084 555 3409,"Room 312, Oude Molen Hall, Stellenbosch, 7600"
25663687,Xaba,Pieter,2005-08-18,Male,pieter.xaba3687@student.example.ac.za,078 555 1698,"Flat 1, 144 Neethling St, Stellenbosch, 7600"
23046584,Jansen,Wian,2006-02-02,Male,wian.jansen6584@student.example.ac.za,060 555 6626,"Room 227, Oude Molen Hall, Stellenbosch, 7600"
26160144,Radebe,Liezl,2007-06-04,Female,liezl.radebe0144@student.example.ac.za,072 555 1973,"25 Helshoogte Rd, Stellenbosch, 7600"
26042836,Mahlangu,Mandla,2004-10-31,Male,mandla.mahlangu2836@student.example.ac.za,071 555 9112,"Room 158, Pniel Court, Stellenbosch, 7600"
22789667,Tshabalala,Liam,2006-07-11,Male,liam.tshabalala9667@student.example.ac.za,076 555 3651,"Room 145, Rozendal Lodge, Stellenbosch, 7600"
24453356,Adams,Chloe,2006-07-17,Female,chloe.adams3356@student.example.ac.za,078 555 6375,"Room 178, Simonsberg House, Stellenbosch, 7600"
20486819,Radebe,Imaan,2006-09-28,Female,imaan.radebe6819@student.example.ac.za,078 555 0453,"153 Church St, Stellenbosch, 7600"
24047065,Mokoena,Megan,2008-02-17,Female,megan.mokoena7065@student.example.ac.za,071 555 7949,"43 Dorp St, Stellenbosch, 7600"
21011230,Nel,Palesa,2007-07-17,Female,palesa.nel1230@student.example.ac.za,082 555 0931,"155 Andringa St, Stellenbosch, 7600"
27236349,Visser,Carmen,2005-06-21,Female,carmen.visser6349@student.example.ac.za,076 555 4458,"Room 185, Simonsberg House, Stellenbosch, 7600"
24589415,Tshabalala,Nkosana,2007-01-11,Male,nkosana.tshabalala9415@student.example.ac.za,060 555 6476,"133 Adam Tas Rd, Stellenbosch, 7600"
20903626,Hendricks,Zoe,2002-09-01,Female,zoe.hendricks3626@student.example.ac.za,081 555 6117,"105 Bird St, Stellenbosch, 7600"
22434221,Mokoena,Precious,2008-02-23,Female,precious.mokoena4221@student.example.ac.za,071 555 2866,"Room 226, Oude Molen Hall, Stellenbosch, 7600"
21398704,Steyn,Tiaan,2005-04-16,Male,tiaan.steyn8704@student.example.ac.za,082 555 2849,"Flat 24, 58 Dorp St, Stellenbosch, 7600"
27610320,Dlamini,Ashwin,2001-01-27,Male,ashwin.dlamini0320@student.example.ac.za,084 555 6306,"105 Plein St, Stellenbosch, 7600"
21262019,Nkosi,Kayla,2004-11-18,Female,kayla.nkosi2019@student.example.ac.za,076 555 4942,"153 Merriman Ave, Stellenbosch, 7600"
22500328,Khumalo,Ashwin,2006-09-28,Male,ashwin.khumalo0328@student.example.ac.za,081 555 0372,"35 Ryneveld St, Stellenbosch, 7600"
26102835,Engelbrecht,Naledi,2000-01-29,Female,naledi.engelbrecht2835@student.example.ac.za,083 555 0648,"Room 139, Oude Molen Hall, Stellenbosch, 7600"
22013854,Jansen,Palesa,2001-09-30,Female,palesa.jansen3854@student.example.ac.za,076 555 8766,"124 Adam Tas Rd, Stellenbosch, 7600"
21490346,Ndlovu,Callum,2002-10-09,Male,callum.ndlovu0346@student.example.ac.za,081 555 9173,"Flat 29, 118 Dorp St, Stellenbosch, 7600"
21685809,Fourie,Zinhle,2006-11-20,Female,zinhle.fourie5809@student.example.ac.za,082 555 7088,"52 Helshoogte Rd, Stellenbosch, 7600"
20268177,Swanepoel,Francois,2007-01-14,Male,francois.swanepoel8177@student.example.ac.za,071 555 6576,"Flat 20, 58 Helshoogte Rd, Stellenbosch, 7600"
21329201,Pather,Christiaan,2002-09-22,Male,christiaan.pather9201@student.example.ac.za,076 555 4261,"12 Helshoogte Rd, Stellenbosch, 7600"
20194332,Brits,Megan,2006-10-08,Female,megan.brits4332@student.example.ac.za,076 555 4159,"Room 177, Pniel Court, Stellenbosch, 7600"
26348926,Govender,Sam,2007-07-06,Prefer not to say,sam.govender8926@student.example.ac.za,078 555 4327,"Flat 20, 46 Dorp St, Stellenbosch, 7600"
21923625,Le Roux,Francois,2006-03-11,Male,francois.leroux3625@student.example.ac.za,078 555 6286,"Flat 23, 113 Neethling St, Stellenbosch, 7600"
24690297,Le Roux,Thabo,2006-11-09,Male,thabo.leroux0297@student.example.ac.za,060 555 1862,"Room 253, Simonsberg House, Stellenbosch, 7600"
27555572,Zulu,Pieter,2005-05-31,Male,pieter.zulu5572@student.example.ac.za,073 555 8698,"Flat 18, 96 Merriman Ave, Stellenbosch, 7600"
27091094,Malan,Brandon,2007-01-29,Male,brandon.malan1094@student.example.ac.za,076 555 5374,"113 Dorp St, Stellenbosch, 7600"
25632553,Visser,Riaan,2006-03-28,Male,riaan.visser2553@student.example.ac.za,076 555 9712,"Room 110, Pniel Court, Stellenbosch, 7600"
26679205,Steyn,Carmen,2004-11-29,Female,carmen.steyn9205@student.example.ac.za,084 555 5981,"Room 224, Simonsberg House, Stellenbosch, 7600"
22278105,Le Roux,Lindiwe,2008-08-17,Female,lindiwe.leroux8105@student.example.ac.za,084 555 2358,"Room 222, Lentelus House, Stellenbosch, 7600"
21859486,Jacobs,Fikile,2003-10-10,Male,fikile.jacobs9486@student.example.ac.za,083 555 9400,"6 Helshoogte Rd, Stellenbosch, 7600"
22955930,Khumalo,Ian,2007-02-16,Male,ian.khumalo5930@student.example.ac.za,081 555 8804,"Room 419, Pniel Court, Stellenbosch, 7600"
27602605,Khumalo,Gareth,2004-08-27,Male,gareth.khumalo2605@student.example.ac.za,081 555 5983,"59 Neethling St, Stellenbosch, 7600"
27446627,Olivier,Zinhle,2006-05-24,Female,zinhle.olivier6627@student.example.ac.za,084 555 8315,"Room 139, Eikestad House, Stellenbosch, 7600"
22015738,Steyn,Callum,2006-02-28,Male,callum.steyn5738@student.example.ac.za,083 555 7120,"126 Bird St, Stellenbosch, 7600"
20904506,Nel,Themba,2005-06-10,Male,themba.nel4506@student.example.ac.za,073 555 6692,"Room 351, Lentelus House, Stellenbosch, 7600"
25042944,Van Wyk,Callum,2005-11-01,Male,callum.vanwyk2944@student.example.ac.za,078 555 0900,"66 Victoria St, Stellenbosch, 7600"
26088773,Sithole,Rohan,2004-02-09,Male,rohan.sithole8773@student.example.ac.za,084 555 3949,"Flat 1, 101 Adam Tas Rd, Stellenbosch, 7600"
20055549,Malan,Anele,2005-09-04,Female,anele.malan5549@student.example.ac.za,084 555 4527,"3 Helshoogte Rd, Stellenbosch, 7600"
25897428,Radebe,Anri,2006-02-15,Female,anri.radebe7428@student.example.ac.za,073 555 0885,"44 Andringa St, Stellenbosch, 7600"
22855187,Nel,Wian,2005-06-30,Male,wian.nel5187@student.example.ac.za,081 555 4331,"Room 254, Rozendal Lodge, Stellenbosch, 7600"
27100340,Pather,Jana,2007-08-02,Female,jana.pather0340@student.example.ac.za,060 555 5559,"Flat 8, 152 Merriman Ave, Stellenbosch, 7600"
24629541,Williams,Zanele,2004-01-26,Female,zanele.williams9541@student.example.ac.za,084 555 1465,"Room 103, Eikestad House, Stellenbosch, 7600"
27698520,Govender,Bianca,2000-12-01,Non-binary,bianca.govender8520@student.example.ac.za,072 555 4445,"Room 117, Bergzicht Residence, Stellenbosch, 7600"
21944776,Petersen,Hendrik,2007-02-10,Male,hendrik.petersen4776@student.example.ac.za,072 555 5417,"Room 395, Eikestad House, Stellenbosch, 7600"
20510820,Petersen,Sarah,2007-07-12,Female,sarah.petersen0820@student.example.ac.za,082 555 1575,"67 Church St, Stellenbosch, 7600"
22781715,Nel,Gareth,2004-11-25,Male,gareth.nel1715@student.example.ac.za,072 555 4184,"25 Victoria St, Stellenbosch, 7600"
23233337,Kruger,Imaan,2005-12-14,Female,imaan.kruger3337@student.example.ac.za,076 555 8829,"65 Dorp St, Stellenbosch, 7600"
26332022,Williams,Jason,2005-12-25,Male,jason.williams2022@student.example.ac.za,060 555 8628,"Room 334, Simonsberg House, Stellenbosch, 7600"
23865944,Pillay,Elri,2007-09-24,Female,elri.pillay5944@student.example.ac.za,084 555 2037,"35 Banghoek Rd, Stellenbosch, 7600"
23583688,Williams,Lindiwe,2005-02-15,Female,lindiwe.williams3688@student.example.ac.za,071 555 0585,"59 Merriman Ave, Stellenbosch, 7600"
26067445,Govender,Francois,2003-10-09,Male,francois.govender7445@student.example.ac.za,082 555 9346,"Room 113, Kruispad Hall, Stellenbosch, 7600"
20152126,Coetzee,Brandon,2006-04-01,Male,brandon.coetzee2126@student.example.ac.za,078 555 7458,"Room 282, Pniel Court, Stellenbosch, 7600"
23296598,Nel,Precious,2005-09-26,Female,precious.nel6598@student.example.ac.za,071 555 5558,"Room 389, Oude Molen Hall, Stellenbosch, 7600"
25787709,Brits,Daniel,2005-02-22,Male,daniel.brits7709@student.example.ac.za,076 555 8082,"150 Ryneveld St, Stellenbosch, 7600"
20607878,Pillay,Kagiso,2005-11-02,Male,kagiso.pillay7878@student.example.ac.za,083 555 9224,"Room 247, Lentelus House, Stellenbosch, 7600"
25866526,Khumalo,Zakhele,2001-07-28,Male,zakhele.khumalo6526@student.example.ac.za,083 555 6750,"Flat 25, 36 Merriman Ave, Stellenbosch, 7600"
22243714,Brits,Rohan,2002-04-10,Male,rohan.brits3714@student.example.ac.za,072 555 7014,"Room 247, Simonsberg House, Stellenbosch, 7600"
22933190,Le Roux,Lungile,2005-09-04,Male,lungile.leroux3190@student.example.ac.za,078 555 5294,"Room 225, Rozendal Lodge, Stellenbosch, 7600"
21084671,Van Wyk,Zoe,2008-01-28,Female,zoe.vanwyk4671@student.example.ac.za,071 555 2324,"Room 394, Rozendal Lodge, Stellenbosch, 7600"
21812887,Fourie,Gugu,2002-12-08,Female,gugu.fourie2887@student.example.ac.za,073 555 1883,"156 Ryneveld St, Stellenbosch, 7600"
26057448,Jansen,Chanel,2005-11-30,Female,chanel.jansen7448@student.example.ac.za,079 555 5150,"Flat 16, 25 Dorp St, Stellenbosch, 7600"
25460495,Malan,Neo,2007-12-29,Male,neo.malan0495@student.example.ac.za,082 555 6328,"Flat 18, 97 Bird St, Stellenbosch, 7600"
20250779,Cele,Carmen,2008-04-02,Female,carmen.cele0779@student.example.ac.za,073 555 2530,"Flat 10, 54 Banghoek Rd, Stellenbosch, 7600"
25150067,Booysen,Jana,2005-08-09,Female,jana.booysen0067@student.example.ac.za,083 555 0363,"Flat 8, 128 Helshoogte Rd, Stellenbosch, 7600"
21792214,Engelbrecht,Callum,2002-05-12,Male,callum.engelbrecht2214@student.example.ac.za,073 555 9035,"Room 348, Lentelus House, Stellenbosch, 7600"
22073176,Mbeki,Fatima,2007-09-14,Female,fatima.mbeki3176@student.example.ac.za,083 555 1758,"105 Dorp St, Stellenbosch, 7600"
25044953,Engelbrecht,Kabelo,2003-04-13,Male,kabelo.engelbrecht4953@student.example.ac.za,072 555 5728,"Flat 26, 11 Adam Tas Rd, Stellenbosch, 7600"
24909008,Xaba,Francois,2007-05-07,Male,francois.xaba9008@student.example.ac.za,071 555 5287,"Flat 15, 73 Andringa St, Stellenbosch, 7600"
22372617,Sithole,Maya,2005-11-21,Female,maya.sithole2617@student.example.ac.za,083 555 1121,"Room 359, Rozendal Lodge, Stellenbosch, 7600"
20044497,Van der Merwe,Chloe,2003-05-09,Female,chloe.vandermerwe4497@student.example.ac.za,072 555 0247,"149 Banghoek Rd, Stellenbosch, 7600"
24217230,Olivier,Megan,2005-08-25,Female,megan.olivier7230@student.example.ac.za,082 555 2376,"Room 340, Eikestad House, Stellenbosch, 7600"
21309397,Jansen,Zakhele,2001-03-27,Male,zakhele.jansen9397@student.example.ac.za,079 555 6051,"Room 135, Simonsberg House, Stellenbosch, 7600"
20793140,Swanepoel,Zoe,2006-02-17,Female,zoe.swanepoel3140@student.example.ac.za,076 555 8760,"13 Neethling St, Stellenbosch, 7600"
20006055,Coetzee,Callum,2007-05-04,Male,callum.coetzee6055@student.example.ac.za,079 555 7591,"Room 397, Bergzicht Residence, Stellenbosch, 7600"
22034756,Lombard,Anri,2007-09-29,Non-binary,anri.lombard4756@student.example.ac.za,078 555 1816,"114 Church St, Stellenbosch, 7600"
22713513,Smit,Zanele,2006-11-08,Female,zanele.smit3513@student.example.ac.za,079 555 9418,"111 Adam Tas Rd, Stellenbosch, 7600"
24132740,Booysen,Carmen,2005-06-01,Female,carmen.booysen2740@student.example.ac.za,084 555 3202,"Room 142, Bergzicht Residence, Stellenbosch, 7600"
27712489,Naidoo,Daniel,2005-04-06,Male,daniel.naidoo2489@student.example.ac.za,076 555 8143,"Room 128, Pniel Court, Stellenbosch, 7600"
21815473,Petersen,Yusuf,2004-07-18,Male,yusuf.petersen5473@student.example.ac.za,083 555 0168,"Flat 21, 156 Dorp St, Stellenbosch, 7600"
20894741,Adams,Brandon,2007-03-10,Male,brandon.adams4741@student.example.ac.za,060 555 3951,"Room 234, Oude Molen Hall, Stellenbosch, 7600"
23782843,Jansen,Nkosana,2004-06-19,Male,nkosana.jansen2843@student.example.ac.za,078 555 7057,"125 Plein St, Stellenbosch, 7600"
26172779,Naidoo,Jaco,2005-09-01,Male,jaco.naidoo2779@student.example.ac.za,081 555 5168,"Room 288, Lentelus House, Stellenbosch, 7600"
22666109,Visser,Zanele,2005-04-30,Female,zanele.visser6109@student.example.ac.za,060 555 5757,"144 Victoria St, Stellenbosch, 7600"
21233063,Hendricks,Thandi,2004-10-08,Female,thandi.hendricks3063@student.example.ac.za,072 555 0443,"Flat 5, 116 Plein St, Stellenbosch, 7600"
27820672,Nkosi,Anri,2004-07-30,Non-binary,anri.nkosi0672@student.example.ac.za,073 555 2882,"99 Merriman Ave, Stellenbosch, 7600"
22445797,Mahlangu,Pieter,2008-08-01,Male,pieter.mahlangu5797@student.example.ac.za,083 555 0149,"Room 299, Oude Molen Hall, Stellenbosch, 7600"
24900753,Maharaj,Christiaan,2006-11-29,Male,christiaan.maharaj0753@student.example.ac.za,060 555 4059,"Room 221, Kruispad Hall, Stellenbosch, 7600"
24293744,Coetzee,Zoe,2006-09-12,Female,zoe.coetzee3744@student.example.ac.za,082 555 5754,"Flat 24, 94 Andringa St, Stellenbosch, 7600"
23060456,Visser,Ethan,2006-06-12,Male,ethan.visser0456@student.example.ac.za,072 555 6029,"113 Victoria St, Stellenbosch, 7600"
25853186,Meyer,Karabo,2006-08-09,Female,karabo.meyer3186@student.example.ac.za,060 555 8800,"73 Merriman Ave, Stellenbosch, 7600"
27612894,Brits,Lungile,2006-09-14,Male,lungile.brits2894@student.example.ac.za,078 555 3987,"142 Bird St, Stellenbosch, 7600"
25665750,Olivier,Faith,2007-02-14,Female,faith.olivier5750@student.example.ac.za,079 555 7781,"Room 408, Lentelus House, Stellenbosch, 7600"
21581615,Lombard,Anele,2003-10-29,Female,anele.lombard1615@student.example.ac.za,082 555 1691,"133 Banghoek Rd, Stellenbosch, 7600"
21209952,Brits,Yusuf,2007-09-19,Male,yusuf.brits9952@student.example.ac.za,076 555 9396,"Room 327, Rozendal Lodge, Stellenbosch, 7600"
26162935,Molefe,Pieter,2006-03-21,Male,pieter.molefe2935@student.example.ac.za,079 555 8948,"Room 406, Kruispad Hall, Stellenbosch, 7600"
22979390,Mahlangu,Kagiso,2004-11-24,Male,kagiso.mahlangu9390@student.example.ac.za,081 555 9552,"Flat 21, 148 Banghoek Rd, Stellenbosch, 7600"
21071875,Nkosi,Elri,2003-02-10,Female,elri.nkosi1875@student.example.ac.za,078 555 7620,"Room 350, Simonsberg House, Stellenbosch, 7600"
25741678,Venter,Ethan,2006-06-21,Male,ethan.venter1678@student.example.ac.za,081 555 4714,"Room 351, Pniel Court, Stellenbosch, 7600"
24492314,Williams,Pieter,2006-08-26,Male,pieter.williams2314@student.example.ac.za,079 555 4331,"Room 290, Simonsberg House, Stellenbosch, 7600"
22319563,Mbeki,Emma,2003-02-27,Female,emma.mbeki9563@student.example.ac.za,072 555 4472,"Room 128, Kruispad Hall, Stellenbosch, 7600"
24758136,Dlamini,Anri,2007-11-21,Female,anri.dlamini8136@student.example.ac.za,081 555 9835,"Room 299, Simonsberg House, Stellenbosch, 7600"
25888117,Mahlangu,Sibusiso,2006-02-21,Male,sibusiso.mahlangu8117@student.example.ac.za,072 555 5498,"Room 282, Rozendal Lodge, Stellenbosch, 7600"
23876394,Maharaj,Liezl,2004-02-15,Female,liezl.maharaj6394@student.example.ac.za,076 555 4254,"118 Bird St, Stellenbosch, 7600"
23549832,Govender,Jaco,2006-09-13,Male,jaco.govender9832@student.example.ac.za,076 555 0438,"Room 103, Bergzicht Residence, Stellenbosch, 7600"
25013577,Van der Merwe,Francois,2007-12-31,Non-binary,francois.vandermerwe3577@student.example.ac.za,084 555 7023,"Room 289, Pniel Court, Stellenbosch, 7600"
21899964,Lombard,Andile,2007-11-09,Male,andile.lombard9964@student.example.ac.za,073 555 1066,"Room 172, Oude Molen Hall, Stellenbosch, 7600"
21497622,Mbeki,Liezl,2008-03-11,Female,liezl.mbeki7622@student.example.ac.za,084 555 5485,"122 Ryneveld St, Stellenbosch, 7600"
25807343,Van Wyk,Elri,2006-11-11,Female,elri.vanwyk7343@student.example.ac.za,082 555 7055,"Room 240, Bergzicht Residence, Stellenbosch, 7600"
26960973,Van Wyk,Wian,2005-03-27,Male,wian.vanwyk0973@student.example.ac.za,071 555 7529,"Room 286, Pniel Court, Stellenbosch, 7600"
26995453,Nel,Callum,2006-01-21,Male,callum.nel5453@student.example.ac.za,071 555 5313,"39 Church St, Stellenbosch, 7600"
26266551,Du Plessis,Megan,2006-09-03,Female,megan.duplessis6551@student.example.ac.za,081 555 4217,"Room 222, Rozendal Lodge, Stellenbosch, 7600"
24710842,Le Roux,Thandi,2005-08-14,Female,thandi.leroux0842@student.example.ac.za,072 555 3825,"Flat 2, 5 Ryneveld St, Stellenbosch, 7600"
21485582,Swanepoel,Christiaan,2003-04-09,Male,christiaan.swanepoel5582@student.example.ac.za,076 555 9822,"Room 339, Simonsberg House, Stellenbosch, 7600"
23106594,Naidoo,Kagiso,2005-11-13,Male,kagiso.naidoo6594@student.example.ac.za,079 555 5866,"Room 174, Simonsberg House, Stellenbosch, 7600"
20792669,Khumalo,Andile,2006-06-24,Male,andile.khumalo2669@student.example.ac.za,060 555 6702,"140 Bird St, Stellenbosch, 7600"
25499278,Tshabalala,Liezl,2004-01-17,Female,liezl.tshabalala9278@student.example.ac.za,071 555 3253,"Flat 4, 5 Banghoek Rd, Stellenbosch, 7600"
27085394,Cele,Zanele,2004-08-19,Female,zanele.cele5394@student.example.ac.za,084 555 1462,"Room 159, Pniel Court, Stellenbosch, 7600"
27191874,Zulu,Amahle,2002-03-29,Non-binary,amahle.zulu1874@student.example.ac.za,060 555 9170,"Flat 26, 54 Bird St, Stellenbosch, 7600"
23603023,Zulu,Ashwin,2007-06-19,Male,ashwin.zulu3023@student.example.ac.za,072 555 4055,"157 Plein St, Stellenbosch, 7600"
22805873,Mokoena,Gugu,2008-06-20,Female,gugu.mokoena5873@student.example.ac.za,076 555 0975,"Flat 20, 28 Merriman Ave, Stellenbosch, 7600"
27430123,Swanepoel,Wian,2005-08-14,Male,wian.swanepoel0123@student.example.ac.za,081 555 3672,"Room 327, Rozendal Lodge, Stellenbosch, 7600"
25537398,Du Plessis,Mandla,2007-02-25,Male,mandla.duplessis7398@student.example.ac.za,084 555 1837,"Room 345, Oude Molen Hall, Stellenbosch, 7600"
21584575,Hendricks,Maya,2005-02-18,Female,maya.hendricks4575@student.example.ac.za,082 555 8505,"Room 197, Kruispad Hall, Stellenbosch, 7600"
21292428,Naidoo,Emma,2005-09-09,Female,emma.naidoo2428@student.example.ac.za,078 555 5462,"18 Adam Tas Rd, Stellenbosch, 7600"
23903636,Nkosi,Ashwin,2003-11-13,Male,ashwin.nkosi3636@student.example.ac.za,073 555 2125,"Room 375, Kruispad Hall, Stellenbosch, 7600"
27527327,Kruger,Chloe,2002-05-12,Female,chloe.kruger7327@student.example.ac.za,072 555 7914,"Room 364, Oude Molen Hall, Stellenbosch, 7600"
22997983,Nkosi,Hannah,2005-02-20,Female,hannah.nkosi7983@student.example.ac.za,081 555 4561,"Room 182, Oude Molen Hall, Stellenbosch, 7600"
27818334,Brits,Bheki,2005-02-15,Male,bheki.brits8334@student.example.ac.za,079 555 2911,"Flat 6, 116 Bird St, Stellenbosch, 7600"
20938708,Lombard,Hendrik,2003-05-26,Male,hendrik.lombard8708@student.example.ac.za,060 555 4540,"60 Helshoogte Rd, Stellenbosch, 7600"
22588158,Engelbrecht,Callum,2007-10-07,Male,callum.engelbrecht8158@student.example.ac.za,060 555 0006,"Flat 21, 99 Victoria St, Stellenbosch, 7600"
24716809,Olivier,Mandla,2005-06-16,Male,mandla.olivier6809@student.example.ac.za,060 555 6284,"Room 207, Lentelus House, Stellenbosch, 7600"
26929429,Govender,Callum,2004-11-02,Male,callum.govender9429@student.example.ac.za,083 555 7187,"Room 107, Oude Molen Hall, Stellenbosch, 7600"
27151631,Naidoo,Siya,2002-10-28,Male,siya.naidoo1631@student.example.ac.za,060 555 4294,"Flat 28, 137 Merriman Ave, Stellenbosch, 7600"
21991933,Ndlovu,Jason,2005-02-10,Male,jason.ndlovu1933@student.example.ac.za,081 555 0451,"Room 111, Kruispad Hall, Stellenbosch, 7600"
25776375,Mbeki,Karabo,2006-09-21,Female,karabo.mbeki6375@student.example.ac.za,083 555 8692,"Room 306, Lentelus House, Stellenbosch, 7600"
27430519,Visser,Buhle,2004-10-08,Female,buhle.visser0519@student.example.ac.za,078 555 3563,"90 Church St, Stellenbosch, 7600"
21012600,Petersen,Thandi,2000-01-25,Female,thandi.petersen2600@student.example.ac.za,071 555 5124,"Flat 10, 102 Plein St, Stellenbosch, 7600"
24629904,Smit,Nkosana,2006-11-02,Male,nkosana.smit9904@student.example.ac.za,078 555 8290,"Room 398, Bergzicht Residence, Stellenbosch, 7600"
26824336,Hendricks,Lerato,2008-06-30,Female,lerato.hendricks4336@student.example.ac.za,071 555 4779,"Room 200, Rozendal Lodge, Stellenbosch, 7600"
21824606,Zulu,Kagiso,2003-09-21,Male,kagiso.zulu4606@student.example.ac.za,073 555 1651,"Flat 3, 94 Banghoek Rd, Stellenbosch, 7600"
27317469,Smit,Tumelo,2006-01-23,Female,tumelo.smit7469@student.example.ac.za,082 555 7035,"Room 162, Kruispad Hall, Stellenbosch, 7600"
23137699,Brits,Zakhele,2003-06-19,Male,zakhele.brits7699@student.example.ac.za,060 555 0931,"Room 202, Rozendal Lodge, Stellenbosch, 7600"
26748633,Coetzee,Karabo,2003-03-16,Female,karabo.coetzee8633@student.example.ac.za,073 555 4641,"Room 210, Bergzicht Residence, Stellenbosch, 7600"
22976135,Khumalo,Mandla,2005-09-28,Male,mandla.khumalo6135@student.example.ac.za,060 555 6610,"Flat 22, 12 Banghoek Rd, Stellenbosch, 7600"
24735523,Booysen,Kayla,2003-05-08,Female,kayla.booysen5523@student.example.ac.za,081 555 8215,"Room 201, Lentelus House, Stellenbosch, 7600"
24433725,Jacobs,Thandi,2006-12-28,Female,thandi.jacobs3725@student.example.ac.za,078 555 9482,"Room 113, Pniel Court, Stellenbosch, 7600"
22986871,Coetzee,Jaco,2005-03-25,Male,jaco.coetzee6871@student.example.ac.za,060 555 9562,"Room 387, Pniel Court, Stellenbosch, 7600"
26249645,Van Wyk,Nkosana,2005-03-25,Male,nkosana.vanwyk9645@student.example.ac.za,076 555 8996,"Room 367, Oude Molen Hall, Stellenbosch, 7600"
21180079,Jansen,Tiaan,2004-01-15,Male,tiaan.jansen0079@student.example.ac.za,078 555 2804,"73 Helshoogte Rd, Stellenbosch, 7600"
26687775,Pretorius,Elri,2004-06-29,Female,elri.pretorius7775@student.example.ac.za,078 555 9878,"Flat 6, 6 Plein St, Stellenbosch, 7600"
26230980,Lombard,Wian,2007-10-04,Male,wian.lombard0980@student.example.ac.za,083 555 0631,"37 Andringa St, Stellenbosch, 7600"
23001345,Venter,Karabo,2004-06-21,Female,karabo.venter1345@student.example.ac.za,078 555 2218,"Room 145, Oude Molen Hall, Stellenbosch, 7600"
20809029,Jansen,Emma,2003-02-15,Female,emma.jansen9029@student.example.ac.za,079 555 6994,"6 Neethling St, Stellenbosch, 7600"
22735737,Radebe,Daniel,2007-12-22,Male,daniel.radebe5737@student.example.ac.za,073 555 0112,"Room 207, Bergzicht Residence, Stellenbosch, 7600"
26882055,Nkosi,Jordan,2005-01-23,Non-binary,jordan.nkosi2055@student.example.ac.za,072 555 9704,"151 Church St, Stellenbosch, 7600"
25463530,Pillay,Lerato,2006-02-01,Female,lerato.pillay3530@student.example.ac.za,083 555 1407,"Room 105, Simonsberg House, Stellenbosch, 7600"
27053635,Olivier,Ashwin,2006-03-26,Male,ashwin.olivier3635@student.example.ac.za,083 555 2427,"93 Banghoek Rd, Stellenbosch, 7600"
22778864,Meyer,Brandon,2006-08-17,Male,brandon.meyer8864@student.example.ac.za,082 555 9388,"25 Andringa St, Stellenbosch, 7600"
22933682,Ndlovu,Kagiso,2005-10-22,Male,kagiso.ndlovu3682@student.example.ac.za,082 555 6145,"63 Bird St, Stellenbosch, 7600"
25092281,Xaba,Christiaan,2002-12-09,Male,christiaan.xaba2281@student.example.ac.za,079 555 5416,"155 Dorp St, Stellenbosch, 7600"
20859320,Petersen,Hannah,2005-11-01,Female,hannah.petersen9320@student.example.ac.za,079 555 6722,"Room 200, Rozendal Lodge, Stellenbosch, 7600"
25900335,Dlamini,Ian,2007-05-26,Male,ian.dlamini0335@student.example.ac.za,079 555 7080,"Room 403, Pniel Court, Stellenbosch, 7600"
21723691,Mahlangu,Elri,2005-07-29,Female,elri.mahlangu3691@student.example.ac.za,072 555 3850,"Room 175, Pniel Court, Stellenbosch, 7600"
26957851,Brits,Buhle,2002-06-22,Female,buhle.brits7851@student.example.ac.za,081 555 6812,"Room 201, Bergzicht Residence, Stellenbosch, 7600"
20394325,Le Roux,Christiaan,2003-10-26,Male,christiaan.leroux4325@student.example.ac.za,073 555 9186,"Flat 8, 134 Plein St, Stellenbosch, 7600"
25315298,Mahlangu,Fatima,2006-06-14,Female,fatima.mahlangu5298@student.example.ac.za,060 555 2831,"Flat 8, 26 Neethling St, Stellenbosch, 7600"
20679329,Le Roux,Carmen,2003-11-13,Female,carmen.leroux9329@student.example.ac.za,082 555 7928,"85 Ryneveld St, Stellenbosch, 7600"
26792706,Adams,Themba,2007-08-02,Male,themba.adams2706@student.example.ac.za,083 555 9352,"83 Dorp St, Stellenbosch, 7600"
20592522,Du Plessis,Dineo,2005-01-19,Female,dineo.duplessis2522@student.example.ac.za,082 555 2433,"Room 125, Kruispad Hall, Stellenbosch, 7600"
20548564,Smit,Jana,2003-07-14,Female,jana.smit8564@student.example.ac.za,060 555 9513,"Room 240, Lentelus House, Stellenbosch, 7600"
25788188,Khumalo,Hannah,2003-08-06,Female,hannah.khumalo8188@student.example.ac.za,073 555 8914,"Room 196, Oude Molen Hall, Stellenbosch, 7600"
27423664,Engelbrecht,Faith,2003-11-30,Female,faith.engelbrecht3664@student.example.ac.za,082 555 8893,"87 Bird St, Stellenbosch, 7600"
21746227,Visser,Rohan,2007-04-06,Male,rohan.visser6227@student.example.ac.za,060 555 7407,"Flat 4, 105 Andringa St, Stellenbosch, 7600"
24619181,Dlamini,Lindiwe,2004-10-02,Female,lindiwe.dlamini9181@student.example.ac.za,084 555 0331,"Room 163, Eikestad House, Stellenbosch, 7600"
20853917,Brits,Anri,2001-11-11,Female,anri.brits3917@student.example.ac.za,060 555 9337,"88 Church St, Stellenbosch, 7600"
20856402,Radebe,Gareth,2001-05-05,Male,gareth.radebe6402@student.example.ac.za,083 555 5381,"Room 400, Kruispad Hall, Stellenbosch, 7600"
27672044,Kruger,Mpho,2003-04-21,Male,mpho.kruger2044@student.example.ac.za,082 555 9932,"Room 241, Pniel Court, Stellenbosch, 7600"
25838551,Swanepoel,Themba,2004-04-26,Male,themba.swanepoel8551@student.example.ac.za,073 555 7354,"21 Merriman Ave, Stellenbosch, 7600"
20773737,Le Roux,Faith,2003-06-30,Female,faith.leroux3737@student.example.ac.za,076 555 2648,"Room 279, Oude Molen Hall, Stellenbosch, 7600"
22549215,Sithole,Andile,2006-09-04,Male,andile.sithole9215@student.example.ac.za,082 555 7065,"Flat 29, 16 Helshoogte Rd, Stellenbosch, 7600"
25364785,Naidoo,Pieter,2007-11-20,Male,pieter.naidoo4785@student.example.ac.za,060 555 4136,"Room 292, Rozendal Lodge, Stellenbosch, 7600"
24963077,Swanepoel,Precious,2002-04-19,Female,precious.swanepoel3077@student.example.ac.za,072 555 4707,"Flat 4, 135 Victoria St, Stellenbosch, 7600"
24871279,Steyn,Elri,2008-02-28,Female,elri.steyn1279@student.example.ac.za,084 555 2080,"Room 318, Kruispad Hall, Stellenbosch, 7600"
27956550,Williams,Wian,2003-06-20,Male,wian.williams6550@student.example.ac.za,081 555 5262,"Room 411, Lentelus House, Stellenbosch, 7600"
23924781,Hendricks,Nomsa,2004-07-08,Female,nomsa.hendricks4781@student.example.ac.za,079 555 7208,"85 Dorp St, Stellenbosch, 7600"
24609590,Mbeki,Fatima,2007-03-17,Female,fatima.mbeki9590@student.example.ac.za,076 555 7519,"159 Plein St, Stellenbosch, 7600"
25147431,Mokoena,Jason,2005-06-18,Male,jason.mokoena7431@student.example.ac.za,073 555 6292,"Room 374, Bergzicht Residence, Stellenbosch, 7600"
27136562,Smit,Sibusiso,2004-01-14,Male,sibusiso.smit6562@student.example.ac.za,084 555 9548,"94 Church St, Stellenbosch, 7600"
20294340,Mokoena,Anri,2003-07-27,Female,anri.mokoena4340@student.example.ac.za,083 555 3196,"Room 232, Kruispad Hall, Stellenbosch, 7600"
22191510,Hendricks,Ethan,2005-07-19,Male,ethan.hendricks1510@student.example.ac.za,071 555 4639,"15 Bird St, Stellenbosch, 7600"
25143204,Pretorius,Chanel,2003-02-12,Non-binary,chanel.pretorius3204@student.example.ac.za,079 555 1803,"Room 324, Kruispad Hall, Stellenbosch, 7600"
27825443,Ndlovu,Ashwin,2004-07-14,Male,ashwin.ndlovu5443@student.example.ac.za,081 555 5634,"Room 253, Kruispad Hall, Stellenbosch, 7600"
23916962,Petersen,Thabo,2006-11-18,Male,thabo.petersen6962@student.example.ac.za,072 555 2469,"Room 374, Kruispad Hall, Stellenbosch, 7600"
21775477,Sithole,Jason,2003-07-08,Male,jason.sithole5477@student.example.ac.za,083 555 6687,"Room 330, Oude Molen Hall, Stellenbosch, 7600"
21288538,Mbeki,Anri,2004-10-03,Female,anri.mbeki8538@student.example.ac.za,071 555 8097,"Room 264, Eikestad House, Stellenbosch, 7600"
26340176,Steyn,Christiaan,2001-01-29,Male,christiaan.steyn0176@student.example.ac.za,071 555 6132,"Room 255, Oude Molen Hall, Stellenbosch, 7600"
24892091,Ndlovu,Neo,2004-03-05,Male,neo.ndlovu2091@student.example.ac.za,072 555 5144,"Room 233, Eikestad House, Stellenbosch, 7600"
26165744,Malan,Aisha,2004-03-18,Female,aisha.malan5744@student.example.ac.za,072 555 1488,"53 Victoria St, Stellenbosch, 7600"
22796609,Mbeki,Sibusiso,2000-02-02,Male,sibusiso.mbeki6609@student.example.ac.za,078 555 4023,"Flat 28, 74 Victoria St, Stellenbosch, 7600"
25913301,Botha,Lindiwe,2006-08-16,Female,lindiwe.botha3301@student.example.ac.za,079 555 8279,"Room 207, Simonsberg House, Stellenbosch, 7600"
27821790,Govender,Liam,2007-11-07,Male,liam.govender1790@student.example.ac.za,076 555 7697,"Flat 6, 47 Dorp St, Stellenbosch, 7600"
24096396,Lombard,Ian,2006-12-02,Male,ian.lombard6396@student.example.ac.za,071 555 1424,"Room 305, Lentelus House, Stellenbosch, 7600"
23895505,Jacobs,Francois,2005-09-22,Non-binary,francois.jacobs5505@student.example.ac.za,084 555 0678,"Room 328, Lentelus House, Stellenbosch, 7600"
22835186,Botha,Kabelo,2003-06-03,Male,kabelo.botha5186@student.example.ac.za,083 555 7282,"Room 397, Simonsberg House, Stellenbosch, 7600"
20074751,Radebe,Zoe,2005-04-30,Female,zoe.radebe4751@student.example.ac.za,071 555 9584,"Room 180, Bergzicht Residence, Stellenbosch, 7600"
27602351,Naidoo,Gareth,2006-06-30,Male,gareth.naidoo2351@student.example.ac.za,084 555 7933,"Flat 16, 142 Dorp St, Stellenbosch, 7600"
22069699,Dlamini,Bheki,2005-10-01,Male,bheki.dlamini9699@student.example.ac.za,073 555 6419,"117 Helshoogte Rd, Stellenbosch, 7600"
23682110,Le Roux,Mandla,2006-02-09,Male,mandla.leroux2110@student.example.ac.za,071 555 9923,"Room 177, Kruispad Hall, Stellenbosch, 7600"
27111311,Smit,Kagiso,2007-12-02,Male,kagiso.smit1311@student.example.ac.za,078 555 0512,"Flat 6, 147 Banghoek Rd, Stellenbosch, 7600"
24172220,Tshabalala,Hannah,2005-10-11,Female,hannah.tshabalala2220@student.example.ac.za,082 555 7873,"Room 342, Eikestad House, Stellenbosch, 7600"
24468149,Engelbrecht,Zinhle,2004-08-13,Female,zinhle.engelbrecht8149@student.example.ac.za,082 555 9384,"148 Neethling St, Stellenbosch, 7600"
25184371,Molefe,Amahle,2005-10-05,Female,amahle.molefe4371@student.example.ac.za,081 555 7949,"Room 255, Pniel Court, Stellenbosch, 7600"
24728334,Engelbrecht,Zanele,2004-03-26,Female,zanele.engelbrecht8334@student.example.ac.za,084 555 2911,"7 Church St, Stellenbosch, 7600"
27461698,Meyer,Yusuf,2006-12-06,Male,yusuf.meyer1698@student.example.ac.za,084 555 6460,"Room 346, Rozendal Lodge, Stellenbosch, 7600"
23507223,Kruger,Bheki,2001-02-17,Male,bheki.kruger7223@student.example.ac.za,079 555 1882,"Flat 1, 150 Adam Tas Rd, Stellenbosch, 7600"
25470699,Pretorius,Gareth,2002-09-27,Male,gareth.pretorius0699@student.example.ac.za,060 555 2510,"Room 360, Simonsberg House, Stellenbosch, 7600"
24587099,Maharaj,Callum,2005-01-06,Male,callum.maharaj7099@student.example.ac.za,060 555 6967,"Room 380, Kruispad Hall, Stellenbosch, 7600"
23405758,Naidoo,Nomsa,2006-02-14,Female,nomsa.naidoo5758@student.example.ac.za,083 555 0223,"Room 295, Kruispad Hall, Stellenbosch, 7600"
25444429,Radebe,Kagiso,2005-04-19,Male,kagiso.radebe4429@student.example.ac.za,084 555 3317,"Room 315, Eikestad House, Stellenbosch, 7600"
24274263,Engelbrecht,Yusuf,2006-11-17,Male,yusuf.engelbrecht4263@student.example.ac.za,081 555 2342,"Flat 1, 147 Adam Tas Rd, Stellenbosch, 7600"
21610932,Fourie,Ian,2007-07-28,Male,ian.fourie0932@student.example.ac.za,084 555 7449,"Flat 17, 108 Plein St, Stellenbosch, 7600"
20018650,Fourie,Anri,2003-08-23,Non-binary,anri.fourie8650@student.example.ac.za,060 555 5532,"Room 189, Simonsberg House, Stellenbosch, 7600"
27228866,Mokoena,Jaco,2006-07-24,Male,jaco.mokoena8866@student.example.ac.za,076 555 9234,"Room 211, Kruispad Hall, Stellenbosch, 7600"
23871770,Engelbrecht,Deon,2001-03-13,Male,deon.engelbrecht1770@student.example.ac.za,083 555 0893,"Flat 13, 21 Banghoek Rd, Stellenbosch, 7600"
20979000,Olivier,Andile,2005-02-06,Male,andile.olivier9000@student.example.ac.za,072 555 7836,"Room 160, Oude Molen Hall, Stellenbosch, 7600"
27722603,Khumalo,Naledi,2005-01-18,Female,naledi.khumalo2603@student.example.ac.za,079 555 0994,"52 Banghoek Rd, Stellenbosch, 7600"
26095688,Visser,Gareth,2001-12-18,Male,gareth.visser5688@student.example.ac.za,071 555 3193,"Room 138, Rozendal Lodge, Stellenbosch, 7600"
25945407,Maharaj,Tshepo,2007-09-17,Male,tshepo.maharaj5407@student.example.ac.za,082 555 1500,"Room 109, Simonsberg House, Stellenbosch, 7600"
21108203,Jacobs,Gareth,2005-01-03,Male,gareth.jacobs8203@student.example.ac.za,072 555 4883,"Room 228, Kruispad Hall, Stellenbosch, 7600"
21198667,Radebe,Lindiwe,2008-01-07,Female,lindiwe.radebe8667@student.example.ac.za,071 555 2950,"Room 203, Simonsberg House, Stellenbosch, 7600"
26985440,Khumalo,Lerato,2005-02-24,Female,lerato.khumalo5440@student.example.ac.za,071 555 0192,"Room 417, Pniel Court, Stellenbosch, 7600"
24730651,Brits,Thandi,2006-08-23,Female,thandi.brits0651@student.example.ac.za,081 555 4592,"Room 362, Lentelus House, Stellenbosch, 7600"
24926296,Pretorius,Deon,2007-08-25,Male,deon.pretorius6296@student.example.ac.za,071 555 7956,"Room 312, Pniel Court, Stellenbosch, 7600"
24303698,Le Roux,Zoe,2006-06-22,Female,zoe.leroux3698@student.example.ac.za,076 555 1131,"Room 119, Eikestad House, Stellenbosch, 7600"
26239165,Pillay,Kayla,2004-10-25,Female,kayla.pillay9165@student.example.ac.za,060 555 1718,"Room 262, Simonsberg House, Stellenbosch, 7600"
26296706,Molefe,Lindiwe,2004-05-25,Female,lindiwe.molefe6706@student.example.ac.za,081 555 1680,"Flat 4, 63 Adam Tas Rd, Stellenbosch, 7600"
22009503,Cele,Hendrik,2003-11-02,Male,hendrik.cele9503@student.example.ac.za,073 555 0292,"Flat 1, 114 Neethling St, Stellenbosch, 7600"
24583748,Dlamini,Liam,2007-08-20,Male,liam.dlamini3748@student.example.ac.za,082 555 9262,"Room 235, Simonsberg House, Stellenbosch, 7600"
21003826,Engelbrecht,Thandi,2007-06-01,Female,thandi.engelbrecht3826@student.example.ac.za,081 555 1303,"Room 251, Eikestad House, Stellenbosch, 7600"
20545922,Mahlangu,Neo,2005-11-28,Male,neo.mahlangu5922@student.example.ac.za,073 555 5178,"Room 338, Oude Molen Hall, Stellenbosch, 7600"
22435287,Cele,Sarah,2007-06-26,Female,sarah.cele5287@student.example.ac.za,082 555 8346,"Room 364, Eikestad House, Stellenbosch, 7600"
24687795,Brits,Faith,2002-07-05,Female,faith.brits7795@student.example.ac.za,078 555 4429,"Flat 25, 62 Merriman Ave, Stellenbosch, 7600"
27134094,Molefe,Tumelo,2007-04-30,Female,tumelo.molefe4094@student.example.ac.za,084 555 3322,"Room 364, Kruispad Hall, Stellenbosch, 7600"
22320407,Zulu,Lungile,2001-02-06,Male,lungile.zulu0407@student.example.ac.za,084 555 8403,"Flat 10, 149 Banghoek Rd, Stellenbosch, 7600"
22223784,Pillay,Fatima,2007-07-14,Female,fatima.pillay3784@student.example.ac.za,079 555 1799,"115 Banghoek Rd, Stellenbosch, 7600"
27321036,Williams,Palesa,2005-03-05,Female,palesa.williams1036@student.example.ac.za,083 555 7825,"Flat 25, 34 Banghoek Rd, Stellenbosch, 7600"
24354163,Lombard,Lindiwe,2007-02-14,Female,lindiwe.lombard4163@student.example.ac.za,072 555 9834,"Room 307, Pniel Court, Stellenbosch, 7600"
25576056,Petersen,Deon,2007-04-25,Male,deon.petersen6056@student.example.ac.za,078 555 1851,"18 Church St, Stellenbosch, 7600"
24699794,Botha,Chanel,2007-05-16,Non-binary,chanel.botha9794@student.example.ac.za,060 555 6110,"Room 247, Oude Molen Hall, Stellenbosch, 7600"
22657143,Lombard,Sibusiso,2004-11-14,Male,sibusiso.lombard7143@student.example.ac.za,083 555 7044,"Flat 15, 21 Andringa St, Stellenbosch, 7600"
24542982,Govender,Rohan,2007-07-30,Male,rohan.govender2982@student.example.ac.za,081 555 1948,"112 Neethling St, Stellenbosch, 7600"
21510380,Nkosi,Jason,2007-07-14,Male,jason.nkosi0380@student.example.ac.za,060 555 8388,"Room 369, Lentelus House, Stellenbosch, 7600"
21302691,Adams,Pieter,2005-04-08,Male,pieter.adams2691@student.example.ac.za,082 555 7121,"Room 195, Pniel Court, Stellenbosch, 7600"
22929434,Pillay,Callum,2003-07-17,Male,callum.pillay9434@student.example.ac.za,076 555 3312,"66 Merriman Ave, Stellenbosch, 7600"
26495934,Swanepoel,Sarah,2004-09-01,Female,sarah.swanepoel5934@student.example.ac.za,083 555 4960,"Flat 14, 101 Bird St, Stellenbosch, 7600"
23242968,Engelbrecht,Neo,2006-06-13,Male,neo.engelbrecht2968@student.example.ac.za,072 555 9960,"Flat 27, 91 Adam Tas Rd, Stellenbosch, 7600"
22233055,Engelbrecht,Andile,2005-05-22,Male,andile.engelbrecht3055@student.example.ac.za,078 555 8406,"Flat 16, 5 Adam Tas Rd, Stellenbosch, 7600"
25351180,Tshabalala,Hendrik,2008-08-22,Male,hendrik.tshabalala1180@student.example.ac.za,076 555 2732,"Room 326, Rozendal Lodge, Stellenbosch, 7600"
22384886,Booysen,Chloe,2003-12-06,Female,chloe.booysen4886@student.example.ac.za,071 555 5683,"Room 104, Oude Molen Hall, Stellenbosch, 7600"
24494875,Mokoena,Bheki,2005-09-26,Male,bheki.mokoena4875@student.example.ac.za,081 555 6511,"Flat 24, 88 Ryneveld St, Stellenbosch, 7600"
21447391,Petersen,Imaan,2003-03-16,Female,imaan.petersen7391@student.example.ac.za,060 555 6504,"Room 373, Rozendal Lodge, Stellenbosch, 7600"
23114370,Swanepoel,Sibusiso,2004-12-05,Male,sibusiso.swanepoel4370@student.example.ac.za,079 555 3853,"95 Andringa St, Stellenbosch, 7600"
23768603,Mahlangu,Jason,2004-09-07,Male,jason.mahlangu8603@student.example.ac.za,076 555 3707,"35 Helshoogte Rd, Stellenbosch, 7600"
20888599,Adams,Deon,2004-06-23,Prefer not to say,deon.adams8599@student.example.ac.za,060 555 2760,"Flat 29, 18 Ryneveld St, Stellenbosch, 7600"
23172840,Jansen,Mpho,2005-03-09,Male,mpho.jansen2840@student.example.ac.za,082 555 5240,"Room 112, Oude Molen Hall, Stellenbosch, 7600"
22719593,Coetzee,Xolani,2003-07-12,Male,xolani.coetzee9593@student.example.ac.za,076 555 2196,"137 Banghoek Rd, Stellenbosch, 7600"
23956714,Meyer,Megan,2004-10-23,Female,megan.meyer6714@student.example.ac.za,060 555 4657,"Room 240, Eikestad House, Stellenbosch, 7600"
20684459,Nkosi,Bheki,2005-04-27,Male,bheki.nkosi4459@student.example.ac.za,060 555 5272,"Room 267, Eikestad House, Stellenbosch, 7600"
20815096,Nel,Zakhele,2002-06-18,Male,zakhele.nel5096@student.example.ac.za,078 555 1835,"Room 389, Bergzicht Residence, Stellenbosch, 7600"
26158864,Booysen,Jaco,2005-11-18,Male,jaco.booysen8864@student.example.ac.za,081 555 4748,"Room 179, Simonsberg House, Stellenbosch, 7600"
24495828,Steyn,Fatima,2006-02-23,Female,fatima.steyn5828@student.example.ac.za,083 555 5275,"Room 234, Oude Molen Hall, Stellenbosch, 7600"
24579343,Molefe,Ethan,2005-02-17,Male,ethan.molefe9343@student.example.ac.za,072 555 8194,"Room 354, Pniel Court, Stellenbosch, 7600"
26739297,Smit,Sarah,2004-05-31,Female,sarah.smit9297@student.example.ac.za,071 555 2765,"122 Dorp St, Stellenbosch, 7600"
25316411,Molefe,Themba,2006-03-27,Male,themba.molefe6411@student.example.ac.za,060 555 0884,"Room 174, Rozendal Lodge, Stellenbosch, 7600"
25981625,Booysen,Olivia,2007-07-28,Female,olivia.booysen1625@student.example.ac.za,083 555 5966,"Flat 7, 119 Merriman Ave, Stellenbosch, 7600"
23353542,Pretorius,Zanele,2008-02-17,Female,zanele.pretorius3542@student.example.ac.za,072 555 3614,"Flat 3, 46 Plein St, Stellenbosch, 7600"
21528734,Swanepoel,Dineo,2002-02-08,Female,dineo.swanepoel8734@student.example.ac.za,071 555 0130,"Room 370, Rozendal Lodge, Stellenbosch, 7600"
27907267,Van der Merwe,Jana,2007-11-10,Female,jana.vandermerwe7267@student.example.ac.za,078 555 8955,"Room 334, Bergzicht Residence, Stellenbosch, 7600"
21418231,Botha,Nkosana,2004-08-21,Male,nkosana.botha8231@student.example.ac.za,078 555 9212,"66 Ryneveld St, Stellenbosch, 7600"
24074269,Booysen,Ethan,2004-01-23,Male,ethan.booysen4269@student.example.ac.za,082 555 0186,"Room 120, Pniel Court, Stellenbosch, 7600"
20088786,Jacobs,Sarah,2004-03-30,Female,sarah.jacobs8786@student.example.ac.za,083 555 0316,"Room 391, Lentelus House, Stellenbosch, 7600"
22333108,Jansen,Elri,2004-11-18,Female,elri.jansen3108@student.example.ac.za,081 555 2990,"64 Merriman Ave, Stellenbosch, 7600"
24609949,Nel,Hannah,2006-03-14,Female,hannah.nel9949@student.example.ac.za,078 555 7499,"Room 206, Simonsberg House, Stellenbosch, 7600"
27060227,Radebe,Zoe,2008-05-31,Female,zoe.radebe0227@student.example.ac.za,083 555 4188,"Flat 15, 45 Victoria St, Stellenbosch, 7600"
25836560,Maharaj,Thandi,2004-04-14,Female,thandi.maharaj6560@student.example.ac.za,060 555 2410,"Flat 21, 56 Helshoogte Rd, Stellenbosch, 7600"
22829472,Steyn,Ashwin,2007-06-01,Male,ashwin.steyn9472@student.example.ac.za,079 555 8123,"Room 137, Simonsberg House, Stellenbosch, 7600"
26562043,Malan,Elri,2005-02-21,Female,elri.malan2043@student.example.ac.za,071 555 6850,"Room 125, Eikestad House, Stellenbosch, 7600"
26731085,Coetzee,Daniel,2004-05-28,Male,daniel.coetzee1085@student.example.ac.za,071 555 6202,"Flat 19, 33 Dorp St, Stellenbosch, 7600"
24363409,Visser,Ethan,2003-08-24,Male,ethan.visser3409@student.example.ac.za,073 555 7095,"Flat 17, 72 Banghoek Rd, Stellenbosch, 7600"
20366950,Malan,Amahle,2004-09-08,Female,amahle.malan6950@student.example.ac.za,082 555 9227,"Room 394, Lentelus House, Stellenbosch, 7600"
24331228,Coetzee,Deon,2008-08-11,Male,deon.coetzee1228@student.example.ac.za,082 555 3061,"Room 275, Bergzicht Residence, Stellenbosch, 7600"
21515525,Meyer,Aisha,2002-05-23,Female,aisha.meyer5525@student.example.ac.za,072 555 4058,"Room 408, Eikestad House, Stellenbosch, 7600"
20859407,Petersen,Sarah,2003-04-22,Female,sarah.petersen9407@student.example.ac.za,078 555 5080,"157 Church St, Stellenbosch, 7600"
27844999,Khumalo,Gugu,2006-05-08,Female,gugu.khumalo4999@student.example.ac.za,083 555 3686,"Room 291, Simonsberg House, Stellenbosch, 7600"
23556218,Williams,Liam,2002-11-08,Male,liam.williams6218@student.example.ac.za,084 555 2749,"Room 136, Oude Molen Hall, Stellenbosch, 7600"
23585917,Ndlovu,Sarah,2005-07-29,Female,sarah.ndlovu5917@student.example.ac.za,073 555 9709,"Room 375, Pniel Court, Stellenbosch, 7600"
26357412,Sithole,Dineo,2001-10-26,Female,dineo.sithole7412@student.example.ac.za,081 555 9767,"Room 328, Oude Molen Hall, Stellenbosch, 7600"
26673204,Khumalo,Tiaan,2006-02-18,Male,tiaan.khumalo3204@student.example.ac.za,073 555 3532,"Room 202, Bergzicht Residence, Stellenbosch, 7600"
26237457,Ndlovu,Francois,2008-06-18,Male,francois.ndlovu7457@student.example.ac.za,081 555 3982,"66 Andringa St, Stellenbosch, 7600"
26345208,Van Wyk,Kagiso,2007-05-12,Male,kagiso.vanwyk5208@student.example.ac.za,084 555 4697,"Flat 23, 9 Neethling St, Stellenbosch, 7600"
22722406,Nkosi,Zinhle,2004-03-02,Female,zinhle.nkosi2406@student.example.ac.za,071 555 4653,"Room 266, Pniel Court, Stellenbosch, 7600"
23960236,Naidoo,Dineo,2004-06-20,Female,dineo.naidoo0236@student.example.ac.za,072 555 0597,"Flat 14, 18 Plein St, Stellenbosch, 7600"
20741394,Steyn,Rohan,2003-11-09,Male,rohan.steyn1394@student.example.ac.za,081 555 2446,"105 Ryneveld St, Stellenbosch, 7600"
25659455,Jansen,Maya,2005-12-31,Female,maya.jansen9455@student.example.ac.za,081 555 4103,"Room 175, Kruispad Hall, Stellenbosch, 7600"
24067443,Xaba,Aisha,2005-04-22,Female,aisha.xaba7443@student.example.ac.za,082 555 4006,"Room 131, Kruispad Hall, Stellenbosch, 7600"
27946150,Swanepoel,Jaco,2003-05-02,Male,jaco.swanepoel6150@student.example.ac.za,082 555 9478,"Room 235, Eikestad House, Stellenbosch, 7600"
23118952,Mahlangu,Jason,2005-10-25,Male,jason.mahlangu8952@student.example.ac.za,084 555 3900,"Flat 3, 22 Victoria St, Stellenbosch, 7600"
22672310,Smit,Ian,2005-07-23,Male,ian.smit2310@student.example.ac.za,082 555 9485,"Flat 13, 142 Bird St, Stellenbosch, 7600"
22184576,Hendricks,Karabo,2004-08-05,Female,karabo.hendricks4576@student.example.ac.za,072 555 9298,"108 Banghoek Rd, Stellenbosch, 7600"
21845889,Mokoena,Kagiso,2003-05-26,Male,kagiso.mokoena5889@student.example.ac.za,081 555 4261,"Room 386, Bergzicht Residence, Stellenbosch, 7600"
26006281,Kruger,Chanel,2008-03-15,Female,chanel.kruger6281@student.example.ac.za,073 555 9780,"84 Plein St, Stellenbosch, 7600"
22941469,Govender,Ashwin,2008-05-06,Male,ashwin.govender1469@student.example.ac.za,078 555 4279,"26 Plein St, Stellenbosch, 7600"
24866745,Sithole,Christiaan,2002-01-23,Male,christiaan.sithole6745@student.example.ac.za,083 555 8609,"Room 116, Pniel Court, Stellenbosch, 7600"
20033937,Coetzee,Christiaan,2004-01-02,Non-binary,christiaan.coetzee3937@student.example.ac.za,076 555 5834,"86 Plein St, Stellenbosch, 7600"
26307668,Engelbrecht,Andile,2007-05-09,Male,andile.engelbrecht7668@student.example.ac.za,078 555 1474,"Room 285, Oude Molen Hall, Stellenbosch, 7600"
23329065,Maharaj,Jaco,2005-12-15,Male,jaco.maharaj9065@student.example.ac.za,084 555 6908,"Room 398, Rozendal Lodge, Stellenbosch, 7600"
22840238,Coetzee,Elri,2003-03-23,Female,elri.coetzee0238@student.example.ac.za,082 555 6048,"Room 328, Eikestad House, Stellenbosch, 7600"
20995881,Maharaj,Carmen,2004-12-30,Female,carmen.maharaj5881@student.example.ac.za,072 555 7791,"Room 413, Kruispad Hall, Stellenbosch, 7600"
20732531,Coetzee,Callum,2003-08-21,Male,callum.coetzee2531@student.example.ac.za,072 555 7997,"Room 287, Oude Molen Hall, Stellenbosch, 7600"
24290521,Mahlangu,Chanel,2000-12-17,Female,chanel.mahlangu0521@student.example.ac.za,076 555 4313,"Flat 21, 78 Adam Tas Rd, Stellenbosch, 7600"
21408165,Xaba,Neo,2005-08-19,Male,neo.xaba8165@student.example.ac.za,072 555 3000,"Room 212, Pniel Court, Stellenbosch, 7600"
26380928,Smit,Daniel,2005-07-02,Male,daniel.smit0928@student.example.ac.za,079 555 9626,"Flat 21, 76 Church St, Stellenbosch, 7600"
20076271,Khumalo,Nkosana,2007-01-11,Male,nkosana.khumalo6271@student.example.ac.za,079 555 1365,"Flat 14, 85 Banghoek Rd, Stellenbosch, 7600"
24662708,Jacobs,Faith,2005-10-16,Female,faith.jacobs2708@student.example.ac.za,072 555 7385,"132 Dorp St, Stellenbosch, 7600"
23767675,Khumalo,Fikile,2003-08-28,Male,fikile.khumalo7675@student.example.ac.za,076 555 4160,"Room 163, Bergzicht Residence, Stellenbosch, 7600"
23886253,Steyn,Jaco,2004-04-05,Male,jaco.steyn6253@student.example.ac.za,081 555 2053,"77 Ryneveld St, Stellenbosch, 7600"
23301032,Botha,Bheki,2004-02-09,Male,bheki.botha1032@student.example.ac.za,060 555 0250,"Room 288, Lentelus House, Stellenbosch, 7600"
22046605,Adams,Tumelo,2005-10-05,Female,tumelo.adams6605@student.example.ac.za,060 555 4601,"113 Andringa St, Stellenbosch, 7600"
24835035,Jacobs,Maya,2007-05-07,Female,maya.jacobs5035@student.example.ac.za,072 555 3816,"Flat 20, 121 Andringa St, Stellenbosch, 7600"
23327581,Williams,Chloe,2004-06-24,Non-binary,chloe.williams7581@student.example.ac.za,060 555 3325,"Room 281, Rozendal Lodge, Stellenbosch, 7600"
23509865,Mokoena,Nkosana,2005-06-08,Male,nkosana.mokoena9865@student.example.ac.za,076 555 5429,"56 Helshoogte Rd, Stellenbosch, 7600"
23118355,Naidoo,Neo,2005-09-23,Male,neo.naidoo8355@student.example.ac.za,078 555 1346,"Room 192, Lentelus House, Stellenbosch, 7600"
24362485,Kruger,Naledi,2004-07-27,Female,naledi.kruger2485@student.example.ac.za,079 555 6940,"105 Victoria St, Stellenbosch, 7600"
22920477,Govender,Francois,2006-05-19,Male,francois.govender0477@student.example.ac.za,082 555 1819,"35 Ryneveld St, Stellenbosch, 7600"
26772294,Botha,Faith,2005-12-11,Female,faith.botha2294@student.example.ac.za,079 555 9857,"Room 126, Simonsberg House, Stellenbosch, 7600"
20897740,Jansen,Imaan,2003-09-16,Female,imaan.jansen7740@student.example.ac.za,060 555 7829,"Room 208, Oude Molen Hall, Stellenbosch, 7600"
27904127,Petersen,Kagiso,2004-09-26,Male,kagiso.petersen4127@student.example.ac.za,081 555 5259,"116 Adam Tas Rd, Stellenbosch, 7600"
23205894,Meyer,Tshepo,2005-08-04,Male,tshepo.meyer5894@student.example.ac.za,081 555 7575,"31 Banghoek Rd, Stellenbosch, 7600"
23879876,Fourie,Buhle,2008-06-05,Female,buhle.fourie9876@student.example.ac.za,082 555 2803,"154 Andringa St, Stellenbosch, 7600"
21541725,Pillay,Ian,2007-09-05,Male,ian.pillay1725@student.example.ac.za,079 555 5297,"116 Neethling St, Stellenbosch, 7600"
24341213,Steyn,Kabelo,2004-09-19,Male,kabelo.steyn1213@student.example.ac.za,071 555 0813,"Room 138, Oude Molen Hall, Stellenbosch, 7600"
23629916,Venter,Maya,2004-11-11,Female,maya.venter9916@student.example.ac.za,076 555 7049,"Room 239, Kruispad Hall, Stellenbosch, 7600"
20593204,Venter,Faith,2006-11-24,Female,faith.venter3204@student.example.ac.za,082 555 9887,"Flat 25, 75 Victoria St, Stellenbosch, 7600"
24219236,Nkosi,Riley,2006-06-11,Prefer not to say,riley.nkosi9236@student.example.ac.za,076 555 9951,"Room 302, Lentelus House, Stellenbosch, 7600"
23330266,Maharaj,Zinhle,2005-12-09,Female,zinhle.maharaj0266@student.example.ac.za,076 555 7216,"5 Banghoek Rd, Stellenbosch, 7600"
26269758,Radebe,Kagiso,2007-01-11,Male,kagiso.radebe9758@student.example.ac.za,071 555 1349,"112 Andringa St, Stellenbosch, 7600"
23401567,Maharaj,Carmen,2004-01-09,Female,carmen.maharaj1567@student.example.ac.za,072 555 4286,"Room 110, Rozendal Lodge, Stellenbosch, 7600"
27716518,Maharaj,Precious,2004-09-09,Female,precious.maharaj6518@student.example.ac.za,078 555 3816,"Flat 15, 149 Andringa St, Stellenbosch, 7600"
21357561,Hendricks,Naledi,2002-08-18,Female,naledi.hendricks7561@student.example.ac.za,060 555 4604,"Room 171, Simonsberg House, Stellenbosch, 7600"
24812022,Du Plessis,Precious,2003-08-26,Female,precious.duplessis2022@student.example.ac.za,076 555 4613,"Room 199, Eikestad House, Stellenbosch, 7600"
21794855,Nkosi,Anele,2005-08-05,Female,anele.nkosi4855@student.example.ac.za,083 555 5453,"Flat 14, 13 Plein St, Stellenbosch, 7600"
23107965,Malan,Dineo,2002-03-10,Female,dineo.malan7965@student.example.ac.za,082 555 2568,"Room 150, Oude Molen Hall, Stellenbosch, 7600"
20824579,Steyn,Nkosana,2006-11-07,Male,nkosana.steyn4579@student.example.ac.za,072 555 9117,"Room 125, Simonsberg House, Stellenbosch, 7600"
20664125,Swanepoel,Carmen,2005-04-30,Female,carmen.swanepoel4125@student.example.ac.za,060 555 3376,"18 Banghoek Rd, Stellenbosch, 7600"
26935031,Pather,Liezl,2007-02-14,Female,liezl.pather5031@student.example.ac.za,082 555 5624,"Flat 8, 36 Helshoogte Rd, Stellenbosch, 7600"
24834961,Du Plessis,Gugu,2006-09-24,Female,gugu.duplessis4961@student.example.ac.za,079 555 8831,"Flat 9, 42 Banghoek Rd, Stellenbosch, 7600"
26673874,Khumalo,Fatima,2006-05-25,Female,fatima.khumalo3874@student.example.ac.za,083 555 4713,"35 Plein St, Stellenbosch, 7600"
26614233,Cele,Zanele,2007-07-15,Female,zanele.cele4233@student.example.ac.za,076 555 3967,"24 Helshoogte Rd, Stellenbosch, 7600"
26153494,Ndlovu,Sarah,2006-01-07,Female,sarah.ndlovu3494@student.example.ac.za,071 555 3543,"Room 404, Kruispad Hall, Stellenbosch, 7600"
25304448,Xaba,Kayla,2005-11-28,Female,kayla.xaba4448@student.example.ac.za,082 555 8667,"Flat 1, 6 Adam Tas Rd, Stellenbosch, 7600"
23091313,Visser,Gugu,2005-06-18,Female,gugu.visser1313@student.example.ac.za,078 555 7484,"Flat 25, 146 Dorp St, Stellenbosch, 7600"
27477161,Zulu,Callum,2003-09-14,Male,callum.zulu7161@student.example.ac.za,084 555 0982,"Room 234, Rozendal Lodge, Stellenbosch, 7600"
23484784,Nel,Riaan,2008-07-11,Male,riaan.nel4784@student.example.ac.za,079 555 3322,"112 Helshoogte Rd, Stellenbosch, 7600"
22170407,Visser,Pieter,2004-04-20,Male,pieter.visser0407@student.example.ac.za,072 555 8821,"Room 110, Pniel Court, Stellenbosch, 7600"
21561737,Mokoena,Aisha,2006-06-10,Female,aisha.mokoena1737@student.example.ac.za,076 555 1335,"Flat 21, 45 Adam Tas Rd, Stellenbosch, 7600"
22931095,Dlamini,Anri,2004-10-09,Female,anri.dlamini1095@student.example.ac.za,078 555 3318,"Room 377, Simonsberg House, Stellenbosch, 7600"
21212859,Radebe,Pieter,2006-10-19,Male,pieter.radebe2859@student.example.ac.za,083 555 7001,"Flat 16, 135 Merriman Ave, Stellenbosch, 7600"
20966411,Dlamini,Francois,2005-02-02,Male,francois.dlamini6411@student.example.ac.za,071 555 3287,"121 Andringa St, Stellenbosch, 7600"
22362118,Hendricks,Neo,2005-05-23,Male,neo.hendricks2118@student.example.ac.za,079 555 6017,"Room 407, Pniel Court, Stellenbosch, 7600"
22665275,Kruger,Anri,2000-10-27,Female,anri.kruger5275@student.example.ac.za,071 555 4989,"Room 414, Oude Molen Hall, Stellenbosch, 7600"
20203323,Van Wyk,Gugu,2005-12-30,Female,gugu.vanwyk3323@student.example.ac.za,083 555 0104,"Room 269, Lentelus House, Stellenbosch, 7600"
26462832,Botha,Carmen,2005-02-07,Female,carmen.botha2832@student.example.ac.za,072 555 3946,"Room 129, Oude Molen Hall, Stellenbosch, 7600"
20669200,Naidoo,Liezl,2006-02-11,Female,liezl.naidoo9200@student.example.ac.za,083 555 2980,"Room 134, Oude Molen Hall, Stellenbosch, 7600"
23305692,Jacobs,Deon,2005-02-21,Male,deon.jacobs5692@student.example.ac.za,072 555 0341,"155 Plein St, Stellenbosch, 7600"
23232324,Zulu,Brandon,2006-10-27,Male,brandon.zulu2324@student.example.ac.za,079 555 0788,"Flat 28, 16 Banghoek Rd, Stellenbosch, 7600"
20249855,Khumalo,Sibusiso,2007-07-22,Male,sibusiso.khumalo9855@student.example.ac.za,071 555 6422,"111 Andringa St, Stellenbosch, 7600"
21366866,Jansen,Jaco,2004-01-18,Male,jaco.jansen6866@student.example.ac.za,060 555 4938,"140 Neethling St, Stellenbosch, 7600"
22207465,Molefe,Zakhele,2004-08-25,Male,zakhele.molefe7465@student.example.ac.za,078 555 8603,"Room 115, Rozendal Lodge, Stellenbosch, 7600"
20000587,Olivier,Bheki,2007-10-25,Male,bheki.olivier0587@student.example.ac.za,076 555 3199,"Flat 20, 135 Victoria St, Stellenbosch, 7600"
27573647,Pillay,Brandon,2005-10-16,Male,brandon.pillay3647@student.example.ac.za,073 555 4042,"Room 185, Pniel Court, Stellenbosch, 7600"
22251438,Sithole,Aisha,2006-11-06,Female,aisha.sithole1438@student.example.ac.za,082 555 0629,"108 Bird St, Stellenbosch, 7600"
22322625,Zulu,Jaco,2007-10-11,Male,jaco.zulu2625@student.example.ac.za,073 555 4175,"Room 305, Eikestad House, Stellenbosch, 7600"
22663636,Zulu,Tshepo,2007-05-10,Male,tshepo.zulu3636@student.example.ac.za,060 555 4329,"140 Adam Tas Rd, Stellenbosch, 7600"
22170349,Olivier,Fikile,2005-12-01,Male,fikile.olivier0349@student.example.ac.za,072 555 5648,"Flat 10, 118 Bird St, Stellenbosch, 7600"
24984299,Pillay,Deon,2003-12-18,Male,deon.pillay4299@student.example.ac.za,078 555 4494,"Room 371, Bergzicht Residence, Stellenbosch, 7600"
20476005,Jacobs,Andile,2006-04-20,Male,andile.jacobs6005@student.example.ac.za,072 555 9146,"Room 132, Lentelus House, Stellenbosch, 7600"
22686879,Tshabalala,Yusuf,2004-02-10,Male,yusuf.tshabalala6879@student.example.ac.za,081 555 8224,"Room 327, Eikestad House, Stellenbosch, 7600"
22403593,Pather,Lindiwe,2005-11-02,Female,lindiwe.pather3593@student.example.ac.za,083 555 8507,"67 Dorp St, Stellenbosch, 7600"
21226570,Mbeki,Megan,2003-06-25,Female,megan.mbeki6570@student.example.ac.za,060 555 7807,"48 Adam Tas Rd, Stellenbosch, 7600"
20890067,Jacobs,Ethan,2005-01-05,Male,ethan.jacobs0067@student.example.ac.za,084 555 3857,"Flat 1, 73 Ryneveld St, Stellenbosch, 7600"
25392879,Adams,Ian,2003-02-11,Male,ian.adams2879@student.example.ac.za,060 555 7863,"Room 406, Oude Molen Hall, Stellenbosch, 7600"
26951141,Ndlovu,Francois,2003-01-06,Male,francois.ndlovu1141@student.example.ac.za,060 555 8110,"Room 264, Rozendal Lodge, Stellenbosch, 7600"
27777331,Cele,Tiaan,2004-11-18,Male,tiaan.cele7331@student.example.ac.za,081 555 5693,"110 Dorp St, Stellenbosch, 7600"
20453291,Nel,Hendrik,2007-01-12,Male,hendrik.nel3291@student.example.ac.za,060 555 6378,"19 Neethling St, Stellenbosch, 7600"
22351337,Smit,Gugu,2006-10-23,Female,gugu.smit1337@student.example.ac.za,082 555 8236,"153 Andringa St, Stellenbosch, 7600"
26582178,Nel,Lungile,2003-11-27,Male,lungile.nel2178@student.example.ac.za,081 555 3581,"Room 298, Rozendal Lodge, Stellenbosch, 7600"
26313216,Swanepoel,Kagiso,2006-08-28,Male,kagiso.swanepoel3216@student.example.ac.za,084 555 0986,"Flat 6, 118 Plein St, Stellenbosch, 7600"
25278902,Cele,Anri,2005-01-17,Female,anri.cele8902@student.example.ac.za,081 555 4491,"55 Bird St, Stellenbosch, 7600"
22862916,Mahlangu,Tumelo,2007-07-22,Female,tumelo.mahlangu2916@student.example.ac.za,081 555 2742,"119 Neethling St, Stellenbosch, 7600"
27211266,Le Roux,Deon,2007-03-17,Non-binary,deon.leroux1266@student.example.ac.za,082 555 0603,"Room 358, Lentelus House, Stellenbosch, 7600"
20318644,Khumalo,Precious,2000-05-20,Female,precious.khumalo8644@student.example.ac.za,072 555 6421,"44 Victoria St, Stellenbosch, 7600"
24167443,Visser,Bheki,2006-10-15,Male,bheki.visser7443@student.example.ac.za,071 555 7081,"101 Neethling St, Stellenbosch, 7600"
24111643,Jacobs,Kabelo,2005-01-13,Male,kabelo.jacobs1643@student.example.ac.za,071 555 1171,"Flat 18, 2 Church St, Stellenbosch, 7600"
24272152,Zulu,Kabelo,2008-07-23,Male,kabelo.zulu2152@student.example.ac.za,079 555 6840,"104 Andringa St, Stellenbosch, 7600"
20029868,Pillay,Anele,2005-05-28,Female,anele.pillay9868@student.example.ac.za,079 555 7298,"Room 415, Eikestad House, Stellenbosch, 7600"
20883865,Coetzee,Elri,2003-03-14,Female,elri.coetzee3865@student.example.ac.za,082 555 6103,"Room 324, Simonsberg House, Stellenbosch, 7600"
25849392,Xaba,Tumi,2005-05-05,Prefer not to say,tumi.xaba9392@student.example.ac.za,076 555 7521,"Flat 17, 101 Neethling St, Stellenbosch, 7600"
24639184,Nkosi,Thabo,2007-07-27,Male,thabo.nkosi9184@student.example.ac.za,084 555 1230,"Room 247, Eikestad House, Stellenbosch, 7600"
22514528,Nel,Pieter,2005-09-09,Male,pieter.nel4528@student.example.ac.za,084 555 1087,"Room 387, Bergzicht Residence, Stellenbosch, 7600"
20836740,Botha,Yusuf,2007-09-03,Male,yusuf.botha6740@student.example.ac.za,083 555 9523,"95 Banghoek Rd, Stellenbosch, 7600"
23714702,Ndlovu,Kayla,2006-07-01,Female,kayla.ndlovu4702@student.example.ac.za,079 555 5837,"159 Andringa St, Stellenbosch, 7600"
26928508,Kruger,Bheki,2005-06-02,Male,bheki.kruger8508@student.example.ac.za,079 555 2562,"127 Ryneveld St, Stellenbosch, 7600"
26432172,Van der Merwe,Karabo,2006-02-15,Female,karabo.vandermerwe2172@student.example.ac.za,060 555 4145,"Flat 6, 105 Adam Tas Rd, Stellenbosch, 7600"
20511647,Petersen,Themba,2004-02-09,Male,themba.petersen1647@student.example.ac.za,071 555 6692,"Room 200, Eikestad House, Stellenbosch, 7600"
26824670,Mokoena,Olivia,2007-01-21,Female,olivia.mokoena4670@student.example.ac.za,081 555 5588,"Room 350, Simonsberg House, Stellenbosch, 7600"
23308544,Pillay,Imaan,2008-08-22,Female,imaan.pillay8544@student.example.ac.za,081 555 6637,"Flat 21, 147 Church St, Stellenbosch, 7600"
27457037,Malan,Zoe,2006-06-07,Female,zoe.malan7037@student.example.ac.za,083 555 2200,"Room 293, Simonsberg House, Stellenbosch, 7600"
20047652,Zulu,Kagiso,2006-12-26,Male,kagiso.zulu7652@student.example.ac.za,079 555 9322,"Room 212, Simonsberg House, Stellenbosch, 7600"
23255699,Jansen,Themba,2005-08-29,Male,themba.jansen5699@student.example.ac.za,060 555 1834,"Room 116, Oude Molen Hall, Stellenbosch, 7600"
25283429,Du Plessis,Hendrik,2007-03-23,Male,hendrik.duplessis3429@student.example.ac.za,081 555 1039,"Room 164, Pniel Court, Stellenbosch, 7600"
26633199,Botha,Liezl,2004-01-05,Female,liezl.botha3199@student.example.ac.za,071 555 0040,"Room 306, Bergzicht Residence, Stellenbosch, 7600"
24791653,Kruger,Tshepo,2007-10-03,Male,tshepo.kruger1653@student.example.ac.za,084 555 2073,"Flat 17, 122 Adam Tas Rd, Stellenbosch, 7600"
26004157,Smit,Zakhele,2003-04-03,Male,zakhele.smit4157@student.example.ac.za,060 555 5838,"Room 246, Kruispad Hall, Stellenbosch, 7600"
20113089,Smit,Christiaan,2006-09-18,Male,christiaan.smit3089@student.example.ac.za,082 555 5014,"117 Plein St, Stellenbosch, 7600"
25435044,Brits,Christiaan,2005-06-21,Male,christiaan.brits5044@student.example.ac.za,076 555 9069,"74 Plein St, Stellenbosch, 7600"
23000225,Mahlangu,Jana,2003-06-09,Female,jana.mahlangu0225@student.example.ac.za,060 555 0150,"3 Ryneveld St, Stellenbosch, 7600"
27368111,Khumalo,Liezl,2002-11-17,Female,liezl.khumalo8111@student.example.ac.za,060 555 6231,"Room 140, Simonsberg House, Stellenbosch, 7600"
27866773,Pillay,Zanele,2007-04-08,Female,zanele.pillay6773@student.example.ac.za,083 555 9858,"Flat 14, 34 Neethling St, Stellenbosch, 7600"
25846171,Cele,Andile,2005-10-07,Male,andile.cele6171@student.example.ac.za,078 555 5292,"81 Ryneveld St, Stellenbosch, 7600"
24456870,Coetzee,Kabelo,2005-10-28,Male,kabelo.coetzee6870@student.example.ac.za,081 555 5735,"103 Church St, Stellenbosch, 7600"
24388713,Le Roux,Bianca,2006-02-03,Female,bianca.leroux8713@student.example.ac.za,083 555 5467,"Flat 12, 148 Andringa St, Stellenbosch, 7600"
23954035,Sithole,Anele,2005-01-31,Female,anele.sithole4035@student.example.ac.za,082 555 2357,"Room 349, Bergzicht Residence, Stellenbosch, 7600"
25559484,Fourie,Kayla,2003-10-31,Female,kayla.fourie9484@student.example.ac.za,079 555 0291,"32 Church St, Stellenbosch, 7600"
22920371,Pretorius,Gareth,2005-01-26,Male,gareth.pretorius0371@student.example.ac.za,084 555 9355,"Flat 22, 31 Neethling St, Stellenbosch, 7600"
23768780,Adams,Ian,2006-06-19,Male,ian.adams8780@student.example.ac.za,073 555 5530,"Flat 3, 52 Merriman Ave, Stellenbosch, 7600"
26115899,Ndlovu,Amahle,2003-09-29,Non-binary,amahle.ndlovu5899@student.example.ac.za,071 555 0616,"2 Victoria St, Stellenbosch, 7600"
23944006,Lombard,Mpho,2002-10-12,Male,mpho.lombard4006@student.example.ac.za,073 555 0486,"116 Dorp St, Stellenbosch, 7600"
25274482,Adams,Nomsa,2005-01-09,Female,nomsa.adams4482@student.example.ac.za,073 555 2860,"Flat 6, 62 Bird St, Stellenbosch, 7600"
20677610,Botha,Liezl,2002-07-29,Female,liezl.botha7610@student.example.ac.za,083 555 6503,"Flat 9, 120 Merriman Ave, Stellenbosch, 7600"
20072857,Mokoena,Fikile,2002-12-25,Male,fikile.mokoena2857@student.example.ac.za,079 555 8884,"Room 277, Kruispad Hall, Stellenbosch, 7600"
21191310,Olivier,Kayla,2002-02-10,Female,kayla.olivier1310@student.example.ac.za,079 555 1194,"Room 247, Rozendal Lodge, Stellenbosch, 7600"
21241171,Sithole,Ashwin,2004-02-01,Male,ashwin.sithole1171@student.example.ac.za,082 555 4144,"Flat 1, 148 Merriman Ave, Stellenbosch, 7600"
26750552,Mokoena,Nomsa,2004-07-28,Female,nomsa.mokoena0552@student.example.ac.za,072 555 9236,"Room 125, Bergzicht Residence, Stellenbosch, 7600"
22876570,Fourie,Fikile,2006-08-02,Male,fikile.fourie6570@student.example.ac.za,060 555 5364,"89 Banghoek Rd, Stellenbosch, 7600"
22971599,Hendricks,Neo,2006-07-02,Male,neo.hendricks1599@student.example.ac.za,079 555 5893,"68 Dorp St, Stellenbosch, 7600"
22616379,Kruger,Maya,2001-08-29,Female,maya.kruger6379@student.example.ac.za,060 555 7197,"Flat 1, 21 Ryneveld St, Stellenbosch, 7600"
24631803,Govender,Thandi,2005-10-21,Female,thandi.govender1803@student.example.ac.za,083 555 4151,"Room 360, Pniel Court, Stellenbosch, 7600"
23203274,Du Plessis,Ian,2003-02-01,Male,ian.duplessis3274@student.example.ac.za,073 555 9319,"105 Helshoogte Rd, Stellenbosch, 7600"
26007222,Hendricks,Mpho,2008-05-25,Male,mpho.hendricks7222@student.example.ac.za,078 555 1085,"Room 401, Pniel Court, Stellenbosch, 7600"
26791117,Van der Merwe,Ashwin,2006-10-24,Male,ashwin.vandermerwe1117@student.example.ac.za,073 555 5961,"Room 335, Kruispad Hall, Stellenbosch, 7600"
20001894,Xaba,Tiaan,2001-06-09,Male,tiaan.xaba1894@student.example.ac.za,060 555 5772,"Flat 5, 102 Ryneveld St, Stellenbosch, 7600"
20940388,Xaba,Emma,2005-10-13,Female,emma.xaba0388@student.example.ac.za,082 555 9365,"Flat 18, 23 Andringa St, Stellenbosch, 7600"
23095089,Nel,Precious,2005-02-22,Female,precious.nel5089@student.example.ac.za,081 555 5054,"Room 272, Rozendal Lodge, Stellenbosch, 7600"
26880464,Van der Merwe,Precious,2007-10-26,Female,precious.vandermerwe0464@student.example.ac.za,079 555 6889,"Flat 6, 154 Victoria St, Stellenbosch, 7600"
27784743,Naidoo,Aisha,2006-10-15,Female,aisha.naidoo4743@student.example.ac.za,082 555 2697,"Room 319, Eikestad House, Stellenbosch, 7600"
20117267,Jansen,Brandon,2004-07-19,Male,brandon.jansen7267@student.example.ac.za,078 555 5184,"Flat 14, 133 Neethling St, Stellenbosch, 7600"
26383308,Lombard,Precious,2007-07-07,Female,precious.lombard3308@student.example.ac.za,060 555 4710,"Room 352, Eikestad House, Stellenbosch, 7600"
27683086,Brits,Sarah,2006-08-06,Female,sarah.brits3086@student.example.ac.za,078 555 7125,"Room 139, Kruispad Hall, Stellenbosch, 7600"
20473846,Van Wyk,Mandla,2005-01-03,Male,mandla.vanwyk3846@student.example.ac.za,076 555 3276,"Room 348, Lentelus House, Stellenbosch, 7600"
26203152,Zulu,Liezl,2002-09-28,Female,liezl.zulu3152@student.example.ac.za,079 555 1131,"81 Merriman Ave, Stellenbosch, 7600"
20043116,Adams,Lerato,2006-05-19,Female,lerato.adams3116@student.example.ac.za,073 555 3524,"74 Plein St, Stellenbosch, 7600"
23159708,Nel,Maya,2003-01-04,Female,maya.nel9708@student.example.ac.za,072 555 9065,"Room 178, Oude Molen Hall, Stellenbosch, 7600"
22682304,Naidoo,Thabo,2004-10-10,Male,thabo.naidoo2304@student.example.ac.za,078 555 6228,"80 Plein St, Stellenbosch, 7600"
21127701,Du Plessis,Megan,2006-08-02,Female,megan.duplessis7701@student.example.ac.za,076 555 5298,"Flat 19, 92 Adam Tas Rd, Stellenbosch, 7600"
23361102,Fourie,Daniel,2005-12-21,Male,daniel.fourie1102@student.example.ac.za,081 555 0461,"Flat 24, 10 Victoria St, Stellenbosch, 7600"
25237309,Le Roux,Ashwin,2006-06-23,Male,ashwin.leroux7309@student.example.ac.za,071 555 1291,"Room 417, Pniel Court, Stellenbosch, 7600"
22065761,Adams,Bheki,2008-04-02,Male,bheki.adams5761@student.example.ac.za,083 555 8008,"Flat 4, 54 Dorp St, Stellenbosch, 7600"
25689411,Van Wyk,Maya,2007-09-11,Female,maya.vanwyk9411@student.example.ac.za,060 555 6991,"Flat 20, 142 Church St, Stellenbosch, 7600"
21540223,Ndlovu,Nkosana,2005-10-01,Male,nkosana.ndlovu0223@student.example.ac.za,060 555 2949,"Flat 10, 83 Dorp St, Stellenbosch, 7600"
24658273,Zulu,Wian,2006-12-03,Male,wian.zulu8273@student.example.ac.za,083 555 0410,"Room 306, Bergzicht Residence, Stellenbosch, 7600"
21778916,Pather,Carmen,2003-06-23,Non-binary,carmen.pather8916@student.example.ac.za,076 555 2308,"Flat 24, 111 Neethling St, Stellenbosch, 7600"
21754970,Jacobs,Chloe,2004-02-25,Female,chloe.jacobs4970@student.example.ac.za,073 555 7954,"85 Dorp St, Stellenbosch, 7600"
27993828,Coetzee,Jana,2005-03-11,Female,jana.coetzee3828@student.example.ac.za,081 555 1103,"Room 361, Oude Molen Hall, Stellenbosch, 7600"
20272823,Booysen,Jason,2005-06-12,Male,jason.booysen2823@student.example.ac.za,081 555 6191,"85 Helshoogte Rd, Stellenbosch, 7600"
22493896,Van der Merwe,Siya,2004-05-18,Male,siya.vandermerwe3896@student.example.ac.za,081 555 3043,"Room 138, Oude Molen Hall, Stellenbosch, 7600"
20576935,Hendricks,Amahle,2003-02-24,Female,amahle.hendricks6935@student.example.ac.za,081 555 1215,"Flat 23, 137 Church St, Stellenbosch, 7600"
27091685,Malan,Palesa,2005-01-28,Female,palesa.malan1685@student.example.ac.za,072 555 1840,"87 Helshoogte Rd, Stellenbosch, 7600"
27434262,Zulu,Lindiwe,2006-01-27,Female,lindiwe.zulu4262@student.example.ac.za,084 555 1887,"7 Banghoek Rd, Stellenbosch, 7600"
27096026,Nkosi,Zakhele,2007-03-07,Male,zakhele.nkosi6026@student.example.ac.za,082 555 3563,"Flat 5, 114 Plein St, Stellenbosch, 7600"
20218295,Coetzee,Pieter,2006-10-21,Male,pieter.coetzee8295@student.example.ac.za,073 555 9110,"149 Helshoogte Rd, Stellenbosch, 7600"
27704000,Tshabalala,Faith,2006-04-10,Female,faith.tshabalala4000@student.example.ac.za,082 555 1911,"Flat 28, 154 Andringa St, Stellenbosch, 7600"
23610387,Govender,Zanele,2006-01-29,Female,zanele.govender0387@student.example.ac.za,072 555 9214,"Room 205, Oude Molen Hall, Stellenbosch, 7600"
26707419,Sithole,Bheki,2007-10-24,Male,bheki.sithole7419@student.example.ac.za,081 555 5352,"Room 364, Lentelus House, Stellenbosch, 7600"
24179277,Kruger,Riaan,2003-10-25,Male,riaan.kruger9277@student.example.ac.za,079 555 5366,"Room 396, Bergzicht Residence, Stellenbosch, 7600"
25916554,Tshabalala,Xolani,2005-10-16,Male,xolani.tshabalala6554@student.example.ac.za,084 555 5320,"Room 396, Simonsberg House, Stellenbosch, 7600"
25159561,Khumalo,Imaan,2004-10-18,Female,imaan.khumalo9561@student.example.ac.za,072 555 1562,"Room 329, Pniel Court, Stellenbosch, 7600"
23992619,Jacobs,Lungile,2001-12-28,Male,lungile.jacobs2619@student.example.ac.za,081 555 0628,"Room 222, Simonsberg House, Stellenbosch, 7600"
27614312,Naidoo,Ethan,2005-02-06,Male,ethan.naidoo4312@student.example.ac.za,060 555 8307,"Flat 6, 148 Banghoek Rd, Stellenbosch, 7600"
26264466,Visser,Reanette,2007-11-26,Female,reanette.visser4466@student.example.ac.za,083 555 0131,"Room 336, Kruispad Hall, Stellenbosch, 7600"
24010432,Hendricks,Hannah,2006-05-02,Female,hannah.hendricks0432@student.example.ac.za,082 555 6602,"Room 206, Eikestad House, Stellenbosch, 7600"
27805112,Booysen,Maya,2003-06-11,Female,maya.booysen5112@student.example.ac.za,071 555 3305,"103 Church St, Stellenbosch, 7600"
26889092,Coetzee,Ashwin,2004-01-04,Male,ashwin.coetzee9092@student.example.ac.za,084 555 3055,"Room 255, Oude Molen Hall, Stellenbosch, 7600"
20681790,Van der Merwe,Themba,2006-04-01,Male,themba.vandermerwe1790@student.example.ac.za,083 555 5755,"Room 230, Lentelus House, Stellenbosch, 7600"
23410188,Malan,Mpho,2007-11-09,Male,mpho.malan0188@student.example.ac.za,076 555 9112,"Room 182, Simonsberg House, Stellenbosch, 7600"
26726678,Nel,Nkosana,2004-08-01,Male,nkosana.nel6678@student.example.ac.za,079 555 0496,"Room 192, Bergzicht Residence, Stellenbosch, 7600"
26473543,Mahlangu,Riaan,2004-08-21,Male,riaan.mahlangu3543@student.example.ac.za,078 555 7503,"Room 402, Rozendal Lodge, Stellenbosch, 7600"
25920487,Radebe,Lungile,2005-03-19,Male,lungile.radebe0487@student.example.ac.za,060 555 4986,"116 Ryneveld St, Stellenbosch, 7600"
26792894,Maharaj,Wian,2006-11-18,Male,wian.maharaj2894@student.example.ac.za,078 555 8165,"Room 255, Simonsberg House, Stellenbosch, 7600"
25046756,Brits,Kayla,2005-12-14,Female,kayla.brits6756@student.example.ac.za,073 555 0083,"Room 236, Bergzicht Residence, Stellenbosch, 7600"
26137310,Fourie,Noa,2004-04-11,Non-binary,noa.fourie7310@student.example.ac.za,060 555 2017,"Room 361, Pniel Court, Stellenbosch, 7600"
20553023,Mokoena,Lungile,2007-07-22,Male,lungile.mokoena3023@student.example.ac.za,072 555 7298,"Room 249, Eikestad House, Stellenbosch, 7600"
24653110,Radebe,Nkosana,2004-03-30,Male,nkosana.radebe3110@student.example.ac.za,079 555 2755,"28 Plein St, Stellenbosch, 7600"
27504035,Steyn,Hendrik,2005-02-26,Male,hendrik.steyn4035@student.example.ac.za,076 555 8590,"Room 207, Rozendal Lodge, Stellenbosch, 7600"
22322399,Molefe,Olivia,2006-03-24,Female,olivia.molefe2399@student.example.ac.za,082 555 8312,"76 Neethling St, Stellenbosch, 7600"
25668897,Govender,Zinhle,2005-11-07,Female,zinhle.govender8897@student.example.ac.za,072 555 7256,"Room 350, Lentelus House, Stellenbosch, 7600"
21079596,Swanepoel,Kabelo,2002-09-08,Male,kabelo.swanepoel9596@student.example.ac.za,073 555 5903,"Flat 21, 112 Helshoogte Rd, Stellenbosch, 7600"
25459982,Coetzee,Tumelo,2006-09-11,Female,tumelo.coetzee9982@student.example.ac.za,083 555 1842,"33 Merriman Ave, Stellenbosch, 7600"
20157987,Mokoena,Nomsa,2000-09-26,Female,nomsa.mokoena7987@student.example.ac.za,071 555 1330,"Room 377, Eikestad House, Stellenbosch, 7600"
22983915,Petersen,Megan,2006-06-23,Female,megan.petersen3915@student.example.ac.za,081 555 4660,"61 Dorp St, Stellenbosch, 7600"
22599818,Mbeki,Tshepo,2005-03-17,Male,tshepo.mbeki9818@student.example.ac.za,076 555 5770,"22 Church St, Stellenbosch, 7600"
22458358,Visser,Zanele,2005-04-08,Female,zanele.visser8358@student.example.ac.za,078 555 6340,"25 Plein St, Stellenbosch, 7600"
23965406,Dlamini,Chanel,2002-07-22,Female,chanel.dlamini5406@student.example.ac.za,073 555 8560,"23 Victoria St, Stellenbosch, 7600"
27586790,Olivier,Kagiso,2004-03-18,Male,kagiso.olivier6790@student.example.ac.za,078 555 3350,"115 Helshoogte Rd, Stellenbosch, 7600"
22164108,Coetzee,Siya,2004-11-24,Male,siya.coetzee4108@student.example.ac.za,076 555 5316,"128 Plein St, Stellenbosch, 7600"
23853651,Swanepoel,Reanette,2008-06-14,Female,reanette.swanepoel3651@student.example.ac.za,071 555 9222,"3 Bird St, Stellenbosch, 7600"
22363605,Sithole,Jason,2003-03-25,Male,jason.sithole3605@student.example.ac.za,071 555 6806,"Room 331, Lentelus House, Stellenbosch, 7600"
27273203,Govender,Callum,2004-05-14,Male,callum.govender3203@student.example.ac.za,073 555 5914,"73 Church St, Stellenbosch, 7600"
27203630,Govender,Liezl,2005-12-27,Female,liezl.govender3630@student.example.ac.za,084 555 2963,"157 Adam Tas Rd, Stellenbosch, 7600"
20013958,Xaba,Mandla,2006-12-15,Male,mandla.xaba3958@student.example.ac.za,081 555 9933,"Flat 22, 122 Neethling St, Stellenbosch, 7600"
27245958,Fourie,Lerato,2003-03-29,Female,lerato.fourie5958@student.example.ac.za,078 555 8354,"Room 126, Lentelus House, Stellenbosch, 7600"
22108440,Govender,Xolani,2007-09-19,Male,xolani.govender8440@student.example.ac.za,071 555 8244,"Flat 19, 159 Church St, Stellenbosch, 7600"
22759280,Botha,Riaan,2005-04-06,Male,riaan.botha9280@student.example.ac.za,060 555 1415,"Room 256, Bergzicht Residence, Stellenbosch, 7600"
27447710,Radebe,Dineo,2000-09-30,Female,dineo.radebe7710@student.example.ac.za,083 555 6502,"Room 126, Simonsberg House, Stellenbosch, 7600"
23059943,Williams,Brandon,2002-10-05,Male,brandon.williams9943@student.example.ac.za,060 555 3342,"14 Ryneveld St, Stellenbosch, 7600"
27517245,Zulu,Ethan,2006-01-11,Male,ethan.zulu7245@student.example.ac.za,078 555 1563,"Flat 12, 52 Church St, Stellenbosch, 7600"
24610408,Van der Merwe,Megan,2006-08-22,Female,megan.vandermerwe0408@student.example.ac.za,076 555 0381,"Room 122, Rozendal Lodge, Stellenbosch, 7600"
20835887,Jacobs,Daniel,2005-09-01,Male,daniel.jacobs5887@student.example.ac.za,078 555 4800,"61 Merriman Ave, Stellenbosch, 7600"
25004981,Williams,Mandla,2006-04-30,Male,mandla.williams4981@student.example.ac.za,073 555 7961,"Room 105, Rozendal Lodge, Stellenbosch, 7600"
24461764,Cele,Deon,2003-10-12,Male,deon.cele1764@student.example.ac.za,076 555 0016,"Room 197, Simonsberg House, Stellenbosch, 7600"
23503068,Fourie,Liam,2006-03-23,Male,liam.fourie3068@student.example.ac.za,078 555 0173,"Flat 2, 104 Victoria St, Stellenbosch, 7600"
23092505,Engelbrecht,Megan,2002-09-10,Female,megan.engelbrecht2505@student.example.ac.za,073 555 2161,"Flat 24, 113 Andringa St, Stellenbosch, 7600"
26824068,Booysen,Amahle,2007-11-06,Female,amahle.booysen4068@student.example.ac.za,081 555 7829,"Room 276, Kruispad Hall, Stellenbosch, 7600"
25954234,Govender,Brandon,2002-03-25,Male,brandon.govender4234@student.example.ac.za,082 555 6172,"Flat 27, 12 Adam Tas Rd, Stellenbosch, 7600"
22125194,Khumalo,Jana,2002-05-30,Female,jana.khumalo5194@student.example.ac.za,084 555 3832,"Room 286, Pniel Court, Stellenbosch, 7600"
21302367,Kruger,Zinhle,2004-09-17,Female,zinhle.kruger2367@student.example.ac.za,083 555 1252,"Room 242, Oude Molen Hall, Stellenbosch, 7600"
25792001,Naidoo,Sarah,2006-10-15,Female,sarah.naidoo2001@student.example.ac.za,060 555 6221,"Flat 24, 141 Andringa St, Stellenbosch, 7600"
24956370,Pather,Chloe,2003-03-03,Prefer not to say,chloe.pather6370@student.example.ac.za,081 555 0042,"Room 154, Pniel Court, Stellenbosch, 7600"
23518461,Tshabalala,Aisha,2003-09-24,Female,aisha.tshabalala8461@student.example.ac.za,082 555 7182,"83 Neethling St, Stellenbosch, 7600"
21183824,Nel,Tiaan,2005-01-23,Male,tiaan.nel3824@student.example.ac.za,072 555 2982,"Room 178, Rozendal Lodge, Stellenbosch, 7600"
23263192,Nkosi,Thabo,2001-01-02,Male,thabo.nkosi3192@student.example.ac.za,078 555 3799,"Flat 29, 103 Dorp St, Stellenbosch, 7600"
22666326,Swanepoel,Megan,2004-02-14,Female,megan.swanepoel6326@student.example.ac.za,081 555 2826,"61 Plein St, Stellenbosch, 7600"
22092404,Pather,Xolani,2006-12-22,Male,xolani.pather2404@student.example.ac.za,084 555 1035,"Flat 8, 121 Victoria St, Stellenbosch, 7600"
20124657,Van Wyk,Tiaan,2007-07-16,Male,tiaan.vanwyk4657@student.example.ac.za,073 555 6224,"36 Church St, Stellenbosch, 7600"
23761113,Pretorius,Tiaan,2001-11-04,Male,tiaan.pretorius1113@student.example.ac.za,083 555 4349,"Room 205, Pniel Court, Stellenbosch, 7600"
25716491,Radebe,Ethan,2008-02-21,Male,ethan.radebe6491@student.example.ac.za,082 555 4105,"Flat 12, 35 Neethling St, Stellenbosch, 7600"
23060404,Maharaj,Hannah,2005-08-24,Female,hannah.maharaj0404@student.example.ac.za,081 555 5961,"Flat 27, 96 Neethling St, Stellenbosch, 7600"
21943437,Visser,Mandla,2005-04-17,Male,mandla.visser3437@student.example.ac.za,060 555 7920,"Flat 7, 110 Merriman Ave, Stellenbosch, 7600"
21613962,Van der Merwe,Maya,2005-03-31,Female,maya.vandermerwe3962@student.example.ac.za,082 555 1442,"80 Adam Tas Rd, Stellenbosch, 7600"
20576740,Fourie,Christiaan,2006-12-23,Male,christiaan.fourie6740@student.example.ac.za,076 555 3682,"Flat 21, 105 Neethling St, Stellenbosch, 7600"
23381087,Venter,Deon,2004-08-01,Male,deon.venter1087@student.example.ac.za,078 555 3701,"50 Helshoogte Rd, Stellenbosch, 7600"
22602067,Hendricks,Jaco,2005-04-10,Male,jaco.hendricks2067@student.example.ac.za,081 555 1799,"116 Victoria St, Stellenbosch, 7600"
23529510,Mahlangu,Riaan,2007-06-13,Male,riaan.mahlangu9510@student.example.ac.za,082 555 2942,"Flat 14, 2 Adam Tas Rd, Stellenbosch, 7600"
20063148,Coetzee,Xolani,2007-07-28,Male,xolani.coetzee3148@student.example.ac.za,073 555 6250,"81 Bird St, Stellenbosch, 7600"
23926199,Nkosi,Sibusiso,2007-11-23,Male,sibusiso.nkosi6199@student.example.ac.za,081 555 8943,"Room 109, Kruispad Hall, Stellenbosch, 7600"
26259423,Van der Merwe,Palesa,2000-10-28,Female,palesa.vandermerwe9423@student.example.ac.za,083 555 4837,"37 Plein St, Stellenbosch, 7600"
27228441,Mahlangu,Zakhele,2005-12-06,Male,zakhele.mahlangu8441@student.example.ac.za,073 555 3989,"Room 405, Rozendal Lodge, Stellenbosch, 7600"
23926740,Le Roux,Anri,2004-11-03,Female,anri.leroux6740@student.example.ac.za,078 555 4125,"Room 124, Lentelus House, Stellenbosch, 7600"
26308016,Cele,Tumi,2003-05-13,Non-binary,tumi.cele8016@student.example.ac.za,083 555 1710,"39 Andringa St, Stellenbosch, 7600"
20109879,Visser,Pieter,2004-12-02,Male,pieter.visser9879@student.example.ac.za,060 555 6844,"Room 229, Oude Molen Hall, Stellenbosch, 7600"
22767234,Maharaj,Sarah,2005-12-21,Female,sarah.maharaj7234@student.example.ac.za,072 555 1250,"Flat 10, 111 Victoria St, Stellenbosch, 7600"
21902744,Smit,Ashwin,2007-04-30,Male,ashwin.smit2744@student.example.ac.za,079 555 3805,"Room 393, Kruispad Hall, Stellenbosch, 7600"
21794494,Pillay,Hannah,2004-07-28,Female,hannah.pillay4494@student.example.ac.za,076 555 9311,"Room 303, Oude Molen Hall, Stellenbosch, 7600"
22519562,Pillay,Riaan,2003-04-09,Male,riaan.pillay9562@student.example.ac.za,081 555 2630,"78 Merriman Ave, Stellenbosch, 7600"
25859302,Pather,Zinhle,2003-12-19,Female,zinhle.pather9302@student.example.ac.za,082 555 9482,"18 Ryneveld St, Stellenbosch, 7600"
20948953,Radebe,Olivia,2003-01-07,Female,olivia.radebe8953@student.example.ac.za,073 555 2068,"Room 197, Bergzicht Residence, Stellenbosch, 7600"
26608749,Pather,Siya,2004-03-25,Male,siya.pather8749@student.example.ac.za,083 555 7075,"Room 234, Bergzicht Residence, Stellenbosch, 7600"
26466654,Meyer,Faith,2007-07-22,Female,faith.meyer6654@student.example.ac.za,072 555 3861,"Flat 1, 7 Bird St, Stellenbosch, 7600"
21331887,Zulu,Elri,2007-07-22,Female,elri.zulu1887@student.example.ac.za,073 555 2437,"6 Helshoogte Rd, Stellenbosch, 7600"
22183714,Govender,Brandon,2006-11-24,Male,brandon.govender3714@student.example.ac.za,078 555 9285,"23 Banghoek Rd, Stellenbosch, 7600"
22985077,Brits,Olivia,2005-01-30,Female,olivia.brits5077@student.example.ac.za,071 555 5083,"Room 329, Rozendal Lodge, Stellenbosch, 7600"
23386753,Maharaj,Zinhle,2006-11-17,Female,zinhle.maharaj6753@student.example.ac.za,079 555 9964,"147 Plein St, Stellenbosch, 7600"
22945436,Engelbrecht,Bianca,2005-09-06,Female,bianca.engelbrecht5436@student.example.ac.za,073 555 6478,"147 Dorp St, Stellenbosch, 7600"
24069704,Tshabalala,Bianca,2006-05-24,Female,bianca.tshabalala9704@student.example.ac.za,082 555 7876,"Flat 15, 10 Neethling St, Stellenbosch, 7600"
22853553,Engelbrecht,Riaan,2005-08-22,Male,riaan.engelbrecht3553@student.example.ac.za,076 555 9064,"97 Banghoek Rd, Stellenbosch, 7600"
22310070,Ndlovu,Thandi,2005-01-13,Female,thandi.ndlovu0070@student.example.ac.za,081 555 0777,"Room 238, Lentelus House, Stellenbosch, 7600"
24846497,Xaba,Tumelo,2001-11-25,Female,tumelo.xaba6497@student.example.ac.za,060 555 4227,"Flat 18, 145 Plein St, Stellenbosch, 7600"
24498244,Van Wyk,Anri,2006-06-08,Female,anri.vanwyk8244@student.example.ac.za,071 555 9977,"Room 366, Bergzicht Residence, Stellenbosch, 7600"
27987092,Hendricks,Anele,2003-12-29,Female,anele.hendricks7092@student.example.ac.za,083 555 8645,"Flat 18, 57 Bird St, Stellenbosch, 7600"
20995420,Lombard,Zoe,2007-05-21,Female,zoe.lombard5420@student.example.ac.za,079 555 9339,"Room 204, Oude Molen Hall, Stellenbosch, 7600"
21077902,Khumalo,Anri,2006-11-20,Female,anri.khumalo7902@student.example.ac.za,082 555 0100,"Flat 8, 122 Dorp St, Stellenbosch, 7600"
26328431,Steyn,Fatima,2007-10-04,Female,fatima.steyn8431@student.example.ac.za,076 555 9775,"Flat 19, 148 Adam Tas Rd, Stellenbosch, 7600"
25712021,Khumalo,Deon,2004-04-29,Male,deon.khumalo2021@student.example.ac.za,079 555 8909,"Flat 24, 62 Plein St, Stellenbosch, 7600"
23966350,Olivier,Francois,2005-12-19,Male,francois.olivier6350@student.example.ac.za,082 555 5365,"Room 200, Oude Molen Hall, Stellenbosch, 7600"
22705140,Mokoena,Lerato,2002-12-01,Female,lerato.mokoena5140@student.example.ac.za,083 555 3952,"Room 202, Kruispad Hall, Stellenbosch, 7600"
27860876,Xaba,Jana,2006-12-16,Female,jana.xaba0876@student.example.ac.za,082 555 0280,"123 Dorp St, Stellenbosch, 7600"
20085592,Pretorius,Sibusiso,2004-09-28,Male,sibusiso.pretorius5592@student.example.ac.za,079 555 7530,"Room 411, Rozendal Lodge, Stellenbosch, 7600"
27562155,Pather,Megan,2005-05-04,Female,megan.pather2155@student.example.ac.za,082 555 9976,"Room 369, Bergzicht Residence, Stellenbosch, 7600"
23354611,Sithole,Carmen,2003-03-18,Female,carmen.sithole4611@student.example.ac.za,078 555 9870,"Room 313, Rozendal Lodge, Stellenbosch, 7600"
25503965,Nkosi,Kagiso,2004-10-11,Male,kagiso.nkosi3965@student.example.ac.za,071 555 9635,"Room 336, Lentelus House, Stellenbosch, 7600"
27487500,Hendricks,Nkosana,2001-12-29,Male,nkosana.hendricks7500@student.example.ac.za,072 555 9066,"Room 265, Pniel Court, Stellenbosch, 7600"
21431044,Venter,Liezl,2004-02-25,Female,liezl.venter1044@student.example.ac.za,079 555 1401,"Flat 3, 69 Andringa St, Stellenbosch, 7600"
20148299,Fourie,Mpho,2003-09-26,Male,mpho.fourie8299@student.example.ac.za,079 555 2738,"26 Merriman Ave, Stellenbosch, 7600"
24592296,Sithole,Andile,2002-01-12,Male,andile.sithole2296@student.example.ac.za,079 555 6947,"Flat 21, 53 Helshoogte Rd, Stellenbosch, 7600"
25500174,Nel,Nkosana,2004-01-17,Male,nkosana.nel0174@student.example.ac.za,078 555 2560,"147 Helshoogte Rd, Stellenbosch, 7600"
26540553,Malan,Lerato,2007-06-04,Female,lerato.malan0553@student.example.ac.za,072 555 5099,"Flat 11, 126 Banghoek Rd, Stellenbosch, 7600"
27002536,Ndlovu,Yusuf,2005-12-21,Male,yusuf.ndlovu2536@student.example.ac.za,060 555 6945,"18 Banghoek Rd, Stellenbosch, 7600"
24959931,Maharaj,Neo,2005-12-20,Male,neo.maharaj9931@student.example.ac.za,073 555 3121,"Flat 22, 30 Banghoek Rd, Stellenbosch, 7600"
25539325,Venter,Liezl,2008-06-28,Female,liezl.venter9325@student.example.ac.za,072 555 5120,"Room 205, Lentelus House, Stellenbosch, 7600"
23007665,Zulu,Rohan,2005-06-04,Male,rohan.zulu7665@student.example.ac.za,072 555 6159,"Flat 8, 77 Neethling St, Stellenbosch, 7600"
23319365,Meyer,Nomsa,2004-05-11,Female,nomsa.meyer9365@student.example.ac.za,083 555 7751,"110 Adam Tas Rd, Stellenbosch, 7600"
26798217,Booysen,Buhle,2005-04-23,Female,buhle.booysen8217@student.example.ac.za,079 555 9021,"128 Bird St, Stellenbosch, 7600"
23423897,Botha,Fikile,2006-02-17,Male,fikile.botha3897@student.example.ac.za,081 555 8884,"145 Victoria St, Stellenbosch, 7600"
23049049,Jansen,Jana,2005-10-23,Female,jana.jansen9049@student.example.ac.za,072 555 4761,"Room 356, Oude Molen Hall, Stellenbosch, 7600"
22854394,Olivier,Maya,2005-06-10,Female,maya.olivier4394@student.example.ac.za,079 555 3813,"158 Dorp St, Stellenbosch, 7600"
27526431,Van der Merwe,Liezl,2004-02-27,Female,liezl.vandermerwe6431@student.example.ac.za,082 555 4036,"Room 166, Kruispad Hall, Stellenbosch, 7600"
26106308,Lombard,Anri,2005-05-03,Female,anri.lombard6308@student.example.ac.za,078 555 8801,"108 Neethling St, Stellenbosch, 7600"
23793767,Cele,Ashwin,2007-05-27,Male,ashwin.cele3767@student.example.ac.za,072 555 8801,"Room 138, Oude Molen Hall, Stellenbosch, 7600"
24161091,Venter,Wian,2001-07-02,Male,wian.venter1091@student.example.ac.za,081 555 7274,"Room 280, Simonsberg House, Stellenbosch, 7600"
20633970,Ndlovu,Imaan,2006-12-18,Female,imaan.ndlovu3970@student.example.ac.za,079 555 1501,"Room 376, Bergzicht Residence, Stellenbosch, 7600"
24504774,Nkosi,Anri,2006-03-13,Female,anri.nkosi4774@student.example.ac.za,081 555 2392,"19 Church St, Stellenbosch, 7600"
21594432,Brits,Xolani,2004-07-06,Male,xolani.brits4432@student.example.ac.za,079 555 9548,"Room 175, Rozendal Lodge, Stellenbosch, 7600"
26026674,Booysen,Daniel,2007-05-17,Male,daniel.booysen6674@student.example.ac.za,081 555 2423,"Room 280, Kruispad Hall, Stellenbosch, 7600"
26639856,Hendricks,Xolani,2003-07-16,Male,xolani.hendricks9856@student.example.ac.za,083 555 9223,"103 Victoria St, Stellenbosch, 7600"
21927277,Mokoena,Callum,2003-09-16,Male,callum.mokoena7277@student.example.ac.za,079 555 4770,"56 Banghoek Rd, Stellenbosch, 7600"
23285503,Smit,Sibusiso,2007-12-24,Male,sibusiso.smit5503@student.example.ac.za,082 555 7795,"4 Andringa St, Stellenbosch, 7600"
21972459,Dlamini,Elri,2000-10-20,Female,elri.dlamini2459@student.example.ac.za,073 555 9726,"Room 349, Oude Molen Hall, Stellenbosch, 7600"
24077881,Zulu,Anri,2006-04-12,Female,anri.zulu7881@student.example.ac.za,073 555 0352,"5 Ryneveld St, Stellenbosch, 7600"
26469778,Nkosi,Hannah,2007-06-18,Female,hannah.nkosi9778@student.example.ac.za,081 555 6548,"19 Plein St, Stellenbosch, 7600"
26572040,Mbeki,Callum,2007-03-01,Male,callum.mbeki2040@student.example.ac.za,083 555 8686,"Room 304, Kruispad Hall, Stellenbosch, 7600"
21136065,Williams,Siya,2006-12-18,Male,siya.williams6065@student.example.ac.za,084 555 4654,"Room 180, Kruispad Hall, Stellenbosch, 7600"
22431735,Pillay,Francois,2005-12-17,Male,francois.pillay1735@student.example.ac.za,083 555 3411,"Room 365, Pniel Court, Stellenbosch, 7600"
25135587,Hendricks,Anri,2005-04-02,Female,anri.hendricks5587@student.example.ac.za,084 555 0834,"Room 166, Simonsberg House, Stellenbosch, 7600"
26180360,Van Wyk,Reanette,2001-11-12,Female,reanette.vanwyk0360@student.example.ac.za,084 555 9067,"Flat 23, 32 Plein St, Stellenbosch, 7600"
23341963,Visser,Gugu,2005-09-08,Female,gugu.visser1963@student.example.ac.za,076 555 8006,"Room 333, Eikestad House, Stellenbosch, 7600"
24043454,Kruger,Christiaan,2004-08-09,Male,christiaan.kruger3454@student.example.ac.za,081 555 7929,"Room 260, Simonsberg House, Stellenbosch, 7600"
26112283,Fourie,Naledi,2004-02-04,Female,naledi.fourie2283@student.example.ac.za,081 555 6731,"Room 139, Eikestad House, Stellenbosch, 7600"
24422808,Pather,Faith,2005-02-19,Female,faith.pather2808@student.example.ac.za,082 555 6595,"129 Bird St, Stellenbosch, 7600"
22776213,Xaba,Naledi,2005-03-19,Female,naledi.xaba6213@student.example.ac.za,082 555 4444,"85 Ryneveld St, Stellenbosch, 7600"
23159899,Pretorius,Chloe,2003-07-10,Female,chloe.pretorius9899@student.example.ac.za,083 555 2235,"11 Dorp St, Stellenbosch, 7600"
22185367,Ndlovu,Lindiwe,2004-07-10,Female,lindiwe.ndlovu5367@student.example.ac.za,078 555 0908,"Room 159, Pniel Court, Stellenbosch, 7600"
23460677,Kruger,Bheki,2004-04-19,Male,bheki.kruger0677@student.example.ac.za,072 555 2414,"35 Banghoek Rd, Stellenbosch, 7600"
22518482,Botha,Karabo,2003-09-15,Female,karabo.botha8482@student.example.ac.za,084 555 8062,"Room 108, Eikestad House, Stellenbosch, 7600"
20802961,Smit,Lindiwe,2004-09-13,Female,lindiwe.smit2961@student.example.ac.za,072 555 4851,"Flat 18, 27 Bird St, Stellenbosch, 7600"
21263084,Pather,Mpho,2006-02-10,Male,mpho.pather3084@student.example.ac.za,081 555 1562,"Room 232, Rozendal Lodge, Stellenbosch, 7600"
23232880,Pretorius,Liezl,2004-01-03,Female,liezl.pretorius2880@student.example.ac.za,076 555 6907,"Room 268, Simonsberg House, Stellenbosch, 7600"
23778917,Malan,Lungile,2005-04-10,Male,lungile.malan8917@student.example.ac.za,078 555 1945,"149 Bird St, Stellenbosch, 7600"
27211547,Hendricks,Chloe,2003-08-17,Female,chloe.hendricks1547@student.example.ac.za,078 555 1573,"Room 350, Eikestad House, Stellenbosch, 7600"
26248118,Brits,Elri,2007-06-29,Female,elri.brits8118@student.example.ac.za,076 555 7899,"Flat 22, 133 Adam Tas Rd, Stellenbosch, 7600"
25066731,Steyn,Lerato,2005-05-10,Female,lerato.steyn6731@student.example.ac.za,078 555 8158,"Room 114, Bergzicht Residence, Stellenbosch, 7600"
26995712,Govender,Kayla,2005-06-21,Female,kayla.govender5712@student.example.ac.za,081 555 8474,"Room 168, Pniel Court, Stellenbosch, 7600"
26847997,Kruger,Themba,2004-03-09,Male,themba.kruger7997@student.example.ac.za,081 555 3885,"Room 184, Simonsberg House, Stellenbosch, 7600"
20407748,Lombard,Zanele,2003-05-05,Female,zanele.lombard7748@student.example.ac.za,081 555 2425,"Room 135, Rozendal Lodge, Stellenbosch, 7600"
21467000,Adams,Neo,2006-07-24,Male,neo.adams7000@student.example.ac.za,073 555 7016,"Flat 14, 153 Adam Tas Rd, Stellenbosch, 7600"
27289697,Nel,Mpho,2005-06-15,Male,mpho.nel9697@student.example.ac.za,082 555 9517,"88 Ryneveld St, Stellenbosch, 7600"
27399886,Swanepoel,Olivia,2003-03-04,Female,olivia.swanepoel9886@student.example.ac.za,081 555 5704,"Room 413, Kruispad Hall, Stellenbosch, 7600"
26933278,Jacobs,Anri,2006-10-27,Female,anri.jacobs3278@student.example.ac.za,084 555 4267,"Room 251, Simonsberg House, Stellenbosch, 7600"
20296958,Cele,Alex,2005-07-29,Non-binary,alex.cele6958@student.example.ac.za,084 555 5031,"148 Helshoogte Rd, Stellenbosch, 7600"
26687474,Booysen,Lindiwe,2004-04-20,Female,lindiwe.booysen7474@student.example.ac.za,076 555 1822,"Room 130, Pniel Court, Stellenbosch, 7600"
22035611,Venter,Ashwin,2004-04-03,Male,ashwin.venter5611@student.example.ac.za,073 555 3463,"110 Adam Tas Rd, Stellenbosch, 7600"
27249604,Khumalo,Tshepo,2007-11-27,Male,tshepo.khumalo9604@student.example.ac.za,072 555 9287,"Flat 24, 84 Ryneveld St, Stellenbosch, 7600"
27377465,Olivier,Zoe,2005-03-18,Female,zoe.olivier7465@student.example.ac.za,072 555 3442,"36 Victoria St, Stellenbosch, 7600"
22260214,Venter,Francois,2004-09-23,Male,francois.venter0214@student.example.ac.za,081 555 9869,"Room 380, Simonsberg House, Stellenbosch, 7600"
20497783,Maharaj,Rohan,2007-02-18,Male,rohan.maharaj7783@student.example.ac.za,060 555 0699,"Room 181, Kruispad Hall, Stellenbosch, 7600"
21483013,Pretorius,Jaco,2006-04-16,Male,jaco.pretorius3013@student.example.ac.za,078 555 9325,"129 Helshoogte Rd, Stellenbosch, 7600"
27588094,Tshabalala,Hannah,2005-02-02,Female,hannah.tshabalala8094@student.example.ac.za,060 555 1664,"Room 139, Rozendal Lodge, Stellenbosch, 7600"
23043465,Govender,Neo,2004-09-19,Male,neo.govender3465@student.example.ac.za,073 555 4487,"Flat 23, 96 Adam Tas Rd, Stellenbosch, 7600"
27454162,Mbeki,Kabelo,2007-11-13,Male,kabelo.mbeki4162@student.example.ac.za,078 555 4090,"115 Banghoek Rd, Stellenbosch, 7600"
21761325,Maharaj,Themba,2001-08-14,Male,themba.maharaj1325@student.example.ac.za,076 555 1328,"37 Bird St, Stellenbosch, 7600"
24798925,Malan,Sibusiso,2000-06-19,Male,sibusiso.malan8925@student.example.ac.za,082 555 1897,"137 Andringa St, Stellenbosch, 7600"
24653466,Du Plessis,Faith,2005-09-11,Female,faith.duplessis3466@student.example.ac.za,082 555 7954,"138 Dorp St, Stellenbosch, 7600"
21206972,Lombard,Zakhele,2005-04-18,Male,zakhele.lombard6972@student.example.ac.za,076 555 3175,"Flat 2, 107 Victoria St, Stellenbosch, 7600"
20312680,Molefe,Elri,2005-06-02,Female,elri.molefe2680@student.example.ac.za,072 555 7254,"Room 380, Eikestad House, Stellenbosch, 7600"
26817227,Williams,Lerato,2007-05-06,Female,lerato.williams7227@student.example.ac.za,079 555 2942,"Room 396, Pniel Court, Stellenbosch, 7600"
26218687,Le Roux,Lerato,2005-07-06,Female,lerato.leroux8687@student.example.ac.za,072 555 2386,"Flat 19, 143 Adam Tas Rd, Stellenbosch, 7600"
20636929,Nkosi,Themba,2005-01-14,Male,themba.nkosi6929@student.example.ac.za,083 555 7133,"Room 314, Eikestad House, Stellenbosch, 7600"
24095330,Van der Merwe,Zanele,2007-10-18,Female,zanele.vandermerwe5330@student.example.ac.za,078 555 3387,"Flat 11, 44 Bird St, Stellenbosch, 7600"
25143493,Xaba,Fatima,2007-11-23,Female,fatima.xaba3493@student.example.ac.za,072 555 3684,"83 Church St, Stellenbosch, 7600"
22030476,Coetzee,Pieter,2006-05-06,Male,pieter.coetzee0476@student.example.ac.za,072 555 8099,"Room 384, Pniel Court, Stellenbosch, 7600"
23748952,Pillay,Naledi,2005-12-30,Female,naledi.pillay8952@student.example.ac.za,083 555 2234,"Flat 28, 107 Neethling St, Stellenbosch, 7600"
27131621,Khumalo,Karabo,2004-05-18,Female,karabo.khumalo1621@student.example.ac.za,082 555 2013,"Room 285, Pniel Court, Stellenbosch, 7600"
24345015,Fourie,Andile,2007-11-12,Male,andile.fourie5015@student.example.ac.za,079 555 0028,"56 Banghoek Rd, Stellenbosch, 7600"
20855693,Xaba,Megan,2005-01-25,Female,megan.xaba5693@student.example.ac.za,082 555 0190,"61 Banghoek Rd, Stellenbosch, 7600"
20991020,Jacobs,Siya,2007-09-04,Male,siya.jacobs1020@student.example.ac.za,081 555 1725,"Flat 25, 9 Andringa St, Stellenbosch, 7600"
20555186,Pillay,Elri,2005-05-11,Female,elri.pillay5186@student.example.ac.za,073 555 6355,"Flat 27, 49 Ryneveld St, Stellenbosch, 7600"
27743190,Le Roux,Neo,2005-05-18,Male,neo.leroux3190@student.example.ac.za,079 555 5976,"Flat 17, 33 Bird St, Stellenbosch, 7600"
20261641,Hendricks,Mandla,2006-11-06,Male,mandla.hendricks1641@student.example.ac.za,083 555 7225,"40 Church St, Stellenbosch, 7600"
25936587,Smit,Zanele,2000-03-24,Female,zanele.smit6587@student.example.ac.za,083 555 4320,"Room 347, Bergzicht Residence, Stellenbosch, 7600"
26131607,Radebe,Deon,2001-01-04,Prefer not to say,deon.radebe1607@student.example.ac.za,078 555 7638,"158 Andringa St, Stellenbosch, 7600"
21109102,Coetzee,Chanel,2007-03-06,Female,chanel.coetzee9102@student.example.ac.za,076 555 6090,"Room 378, Rozendal Lodge, Stellenbosch, 7600"
21655108,Brits,Xolani,2004-03-16,Male,xolani.brits5108@student.example.ac.za,078 555 5129,"1 Merriman Ave, Stellenbosch, 7600"
27589610,Naidoo,Olivia,2007-03-24,Female,olivia.naidoo9610@student.example.ac.za,079 555 6058,"Room 280, Bergzicht Residence, Stellenbosch, 7600"
24696389,Swanepoel,Zoe,2006-04-22,Female,zoe.swanepoel6389@student.example.ac.za,083 555 5222,"Room 391, Bergzicht Residence, Stellenbosch, 7600"
25515360,Maharaj,Hannah,2006-03-15,Female,hannah.maharaj5360@student.example.ac.za,073 555 3278,"Flat 18, 54 Church St, Stellenbosch, 7600"
25146620,Mokoena,Emma,2003-07-29,Female,emma.mokoena6620@student.example.ac.za,071 555 9614,"Room 322, Eikestad House, Stellenbosch, 7600"
20146588,Molefe,Sarah,2003-03-07,Female,sarah.molefe6588@student.example.ac.za,082 555 6473,"Room 267, Pniel Court, Stellenbosch, 7600"
22892654,Du Plessis,Amahle,2006-10-31,Female,amahle.duplessis2654@student.example.ac.za,078 555 7312,"Room 253, Kruispad Hall, Stellenbosch, 7600"
25758609,Mahlangu,Karabo,2003-12-25,Female,karabo.mahlangu8609@student.example.ac.za,081 555 8830,"Room 257, Kruispad Hall, Stellenbosch, 7600"
24000046,Le Roux,Imaan,2005-12-15,Female,imaan.leroux0046@student.example.ac.za,081 555 1974,"64 Victoria St, Stellenbosch, 7600"
23843928,Engelbrecht,Amahle,2001-11-21,Female,amahle.engelbrecht3928@student.example.ac.za,083 555 2951,"Room 173, Simonsberg House, Stellenbosch, 7600"
27598871,Fourie,Carmen,2004-09-12,Female,carmen.fourie8871@student.example.ac.za,060 555 2566,"52 Dorp St, Stellenbosch, 7600"
26868238,Meyer,Olivia,2006-02-04,Female,olivia.meyer8238@student.example.ac.za,072 555 4107,"126 Dorp St, Stellenbosch, 7600"
24553337,Van Wyk,Jason,2007-08-01,Male,jason.vanwyk3337@student.example.ac.za,060 555 8511,"140 Plein St, Stellenbosch, 7600"
23587828,Van der Merwe,Jaco,2006-02-27,Male,jaco.vandermerwe7828@student.example.ac.za,084 555 3983,"Flat 23, 154 Neethling St, Stellenbosch, 7600"
27234904,Govender,Zoe,2003-10-12,Female,zoe.govender4904@student.example.ac.za,083 555 0125,"Room 148, Kruispad Hall, Stellenbosch, 7600"
24498992,Steyn,Kagiso,2006-08-20,Male,kagiso.steyn8992@student.example.ac.za,079 555 3091,"60 Andringa St, Stellenbosch, 7600"
21311180,Nkosi,Lungile,2003-12-23,Male,lungile.nkosi1180@student.example.ac.za,083 555 7142,"Flat 17, 8 Ryneveld St, Stellenbosch, 7600"
22435732,Hendricks,Fatima,2007-02-10,Female,fatima.hendricks5732@student.example.ac.za,072 555 4220,"Room 239, Rozendal Lodge, Stellenbosch, 7600"
23584506,Ndlovu,Precious,2003-12-17,Female,precious.ndlovu4506@student.example.ac.za,060 555 4448,"6 Victoria St, Stellenbosch, 7600"
20850754,Xaba,Ashwin,2006-01-07,Male,ashwin.xaba0754@student.example.ac.za,084 555 2480,"Room 258, Bergzicht Residence, Stellenbosch, 7600"
20736546,Pretorius,Ashwin,2005-02-15,Male,ashwin.pretorius6546@student.example.ac.za,084 555 9487,"5 Plein St, Stellenbosch, 7600"
23485186,Khumalo,Bianca,2001-08-02,Female,bianca.khumalo5186@student.example.ac.za,078 555 2163,"Room 408, Rozendal Lodge, Stellenbosch, 7600"
26625236,Botha,Faith,2006-05-04,Female,faith.botha5236@student.example.ac.za,079 555 2789,"Flat 22, 96 Plein St, Stellenbosch, 7600"
26891904,Zulu,Fikile,2006-07-18,Male,fikile.zulu1904@student.example.ac.za,079 555 2738,"Room 103, Pniel Court, Stellenbosch, 7600"
20643437,Van der Merwe,Neo,2004-04-12,Male,neo.vandermerwe3437@student.example.ac.za,078 555 9212,"Room 141, Bergzicht Residence, Stellenbosch, 7600"
26564346,Botha,Christiaan,2002-05-22,Male,christiaan.botha4346@student.example.ac.za,076 555 2856,"Room 231, Oude Molen Hall, Stellenbosch, 7600"
22568580,Tshabalala,Naledi,2005-04-24,Female,naledi.tshabalala8580@student.example.ac.za,072 555 6377,"138 Helshoogte Rd, Stellenbosch, 7600"
21368076,Du Plessis,Brandon,2007-04-04,Male,brandon.duplessis8076@student.example.ac.za,078 555 3487,"152 Plein St, Stellenbosch, 7600"
26727759,Adams,Zoe,2006-05-20,Female,zoe.adams7759@student.example.ac.za,079 555 8221,"Room 288, Eikestad House, Stellenbosch, 7600"
27217100,Maharaj,Pieter,2007-06-30,Male,pieter.maharaj7100@student.example.ac.za,076 555 7847,"Flat 13, 98 Banghoek Rd, Stellenbosch, 7600"
21592324,Sithole,Faith,2006-12-11,Female,faith.sithole2324@student.example.ac.za,071 555 4662,"Room 277, Bergzicht Residence, Stellenbosch, 7600"
20863752,Naidoo,Xolani,2002-03-01,Male,xolani.naidoo3752@student.example.ac.za,060 555 6339,"Room 251, Simonsberg House, Stellenbosch, 7600"
26465376,Engelbrecht,Sibusiso,2006-11-06,Male,sibusiso.engelbrecht5376@student.example.ac.za,081 555 6292,"Flat 26, 153 Dorp St, Stellenbosch, 7600"
22055903,Du Plessis,Mpho,2005-10-17,Male,mpho.duplessis5903@student.example.ac.za,072 555 8690,"Room 343, Eikestad House, Stellenbosch, 7600"
23114689,Meyer,Chloe,2005-03-06,Female,chloe.meyer4689@student.example.ac.za,083 555 1346,"Room 417, Kruispad Hall, Stellenbosch, 7600"
25066254,Booysen,Chanel,2004-02-23,Female,chanel.booysen6254@student.example.ac.za,082 555 7821,"Room 344, Lentelus House, Stellenbosch, 7600"
20844813,Mahlangu,Nkosana,2005-03-08,Male,nkosana.mahlangu4813@student.example.ac.za,060 555 4568,"Flat 1, 68 Victoria St, Stellenbosch, 7600"
24154385,Tshabalala,Imaan,2002-06-30,Female,imaan.tshabalala4385@student.example.ac.za,078 555 0968,"Room 237, Lentelus House, Stellenbosch, 7600"
22679249,Meyer,Andile,2004-02-28,Male,andile.meyer9249@student.example.ac.za,072 555 6463,"137 Helshoogte Rd, Stellenbosch, 7600"
24383149,Coetzee,Zinhle,2006-11-27,Female,zinhle.coetzee3149@student.example.ac.za,078 555 2871,"113 Ryneveld St, Stellenbosch, 7600"
21137500,Nel,Ian,2005-03-09,Male,ian.nel7500@student.example.ac.za,079 555 4933,"Flat 22, 151 Helshoogte Rd, Stellenbosch, 7600"
22672832,Xaba,Fatima,2006-06-27,Female,fatima.xaba2832@student.example.ac.za,081 555 5725,"Room 312, Eikestad House, Stellenbosch, 7600"
23622060,Williams,Imaan,2006-11-07,Female,imaan.williams2060@student.example.ac.za,078 555 0161,"Room 112, Oude Molen Hall, Stellenbosch, 7600"
20108045,Adams,Zinhle,2002-04-29,Female,zinhle.adams8045@student.example.ac.za,072 555 6621,"Room 317, Pniel Court, Stellenbosch, 7600"
22396391,Pretorius,Anele,2004-10-21,Female,anele.pretorius6391@student.example.ac.za,082 555 8526,"134 Bird St, Stellenbosch, 7600"
23374475,Du Plessis,Riaan,2007-01-18,Male,riaan.duplessis4475@student.example.ac.za,084 555 7184,"Room 247, Simonsberg House, Stellenbosch, 7600"
25730647,Tshabalala,Imaan,2002-01-20,Female,imaan.tshabalala0647@student.example.ac.za,071 555 2386,"Flat 13, 132 Helshoogte Rd, Stellenbosch, 7600"
25522534,Botha,Ashwin,2005-05-18,Male,ashwin.botha2534@student.example.ac.za,082 555 5760,"73 Helshoogte Rd, Stellenbosch, 7600"
26803579,Malan,Tiaan,2006-01-13,Male,tiaan.malan3579@student.example.ac.za,071 555 8787,"110 Plein St, Stellenbosch, 7600"
27196977,Williams,Buhle,2004-05-31,Female,buhle.williams6977@student.example.ac.za,081 555 9896,"134 Neethling St, Stellenbosch, 7600"
26426273,Nkosi,Gugu,2003-09-28,Female,gugu.nkosi6273@student.example.ac.za,060 555 4975,"87 Merriman Ave, Stellenbosch, 7600"
20090364,Botha,Elri,2006-05-19,Female,elri.botha0364@student.example.ac.za,084 555 2710,"Flat 16, 80 Neethling St, Stellenbosch, 7600"
25393634,Khumalo,Zanele,2005-06-21,Female,zanele.khumalo3634@student.example.ac.za,081 555 9157,"Room 249, Pniel Court, Stellenbosch, 7600"
24026085,Cele,Wian,2008-08-07,Male,wian.cele6085@student.example.ac.za,072 555 3356,"Flat 1, 28 Plein St, Stellenbosch, 7600"
22389161,Olivier,Chanel,2005-06-19,Female,chanel.olivier9161@student.example.ac.za,079 555 4335,"151 Adam Tas Rd, Stellenbosch, 7600"
23478480,Molefe,Lungile,2004-06-26,Male,lungile.molefe8480@student.example.ac.za,071 555 1247,"Room 296, Rozendal Lodge, Stellenbosch, 7600"
25983211,Du Plessis,Bianca,2002-03-20,Female,bianca.duplessis3211@student.example.ac.za,072 555 0631,"87 Helshoogte Rd, Stellenbosch, 7600"
20092822,Nkosi,Bianca,2004-04-13,Female,bianca.nkosi2822@student.example.ac.za,079 555 9789,"6 Ryneveld St, Stellenbosch, 7600"
21779393,Williams,Palesa,2003-04-22,Female,palesa.williams9393@student.example.ac.za,078 555 3768,"79 Dorp St, Stellenbosch, 7600"
21877963,Williams,Lindiwe,2000-03-12,Female,lindiwe.williams7963@student.example.ac.za,073 555 2551,"41 Victoria St, Stellenbosch, 7600"
21063366,Xaba,Christiaan,2004-01-16,Male,christiaan.xaba3366@student.example.ac.za,078 555 7870,"52 Plein St, Stellenbosch, 7600"
26835755,Pillay,Pieter,2007-05-04,Male,pieter.pillay5755@student.example.ac.za,072 555 7083,"Flat 29, 128 Banghoek Rd, Stellenbosch, 7600"
21503676,Booysen,Daniel,2007-03-11,Male,daniel.booysen3676@student.example.ac.za,081 555 8376,"39 Dorp St, Stellenbosch, 7600"
20285865,Maharaj,Dineo,2003-10-28,Female,dineo.maharaj5865@student.example.ac.za,079 555 7772,"48 Bird St, Stellenbosch, 7600"
24975425,Smit,Gugu,2005-08-13,Female,gugu.smit5425@student.example.ac.za,081 555 1737,"9 Church St, Stellenbosch, 7600"
23619229,Mahlangu,Andile,2004-09-23,Male,andile.mahlangu9229@student.example.ac.za,078 555 6293,"Flat 20, 31 Bird St, Stellenbosch, 7600"
24709854,Engelbrecht,Daniel,2003-04-12,Male,daniel.engelbrecht9854@student.example.ac.za,082 555 3075,"28 Ryneveld St, Stellenbosch, 7600"
22839290,Jacobs,Ian,2006-02-10,Male,ian.jacobs9290@student.example.ac.za,073 555 2518,"Flat 5, 64 Helshoogte Rd, Stellenbosch, 7600"
24637784,Cele,Tshepo,2008-05-10,Male,tshepo.cele7784@student.example.ac.za,072 555 4838,"Room 178, Bergzicht Residence, Stellenbosch, 7600"
23485742,Dlamini,Reanette,2006-10-17,Female,reanette.dlamini5742@student.example.ac.za,079 555 7834,"Flat 4, 45 Church St, Stellenbosch, 7600"
20140835,Van der Merwe,Tumelo,2002-03-04,Female,tumelo.vandermerwe0835@student.example.ac.za,078 555 1581,"111 Victoria St, Stellenbosch, 7600"
26962708,Williams,Lerato,2005-10-22,Female,lerato.williams2708@student.example.ac.za,071 555 0688,"Room 258, Lentelus House, Stellenbosch, 7600"
20556759,Le Roux,Kagiso,2007-09-29,Male,kagiso.leroux6759@student.example.ac.za,071 555 0575,"Flat 26, 108 Victoria St, Stellenbosch, 7600"
23381681,Nel,Ashwin,2005-07-15,Male,ashwin.nel1681@student.example.ac.za,082 555 4959,"49 Andringa St, Stellenbosch, 7600"
26886205,Pather,Andile,2004-04-13,Male,andile.pather6205@student.example.ac.za,060 555 7280,"Room 242, Eikestad House, Stellenbosch, 7600"
26484026,Le Roux,Liam,2001-04-09,Male,liam.leroux4026@student.example.ac.za,081 555 5329,"Room 339, Rozendal Lodge, Stellenbosch, 7600"
20232706,Ndlovu,Thandi,2007-03-27,Female,thandi.ndlovu2706@student.example.ac.za,083 555 9315,"Flat 23, 40 Church St, Stellenbosch, 7600"
22408239,Zulu,Wian,2006-10-02,Male,wian.zulu8239@student.example.ac.za,082 555 2585,"Room 383, Rozendal Lodge, Stellenbosch, 7600"
20387162,Venter,Anele,2006-01-04,Female,anele.venter7162@student.example.ac.za,072 555 2534,"Room 178, Rozendal Lodge, Stellenbosch, 7600"
25037966,Booysen,Zanele,2006-05-04,Female,zanele.booysen7966@student.example.ac.za,072 555 3604,"Room 231, Kruispad Hall, Stellenbosch, 7600"
24100556,Malan,Lungile,2006-01-31,Male,lungile.malan0556@student.example.ac.za,084 555 2894,"80 Ryneveld St, Stellenbosch, 7600"
24767670,Coetzee,Hendrik,2002-07-12,Male,hendrik.coetzee7670@student.example.ac.za,079 555 2208,"Flat 13, 115 Victoria St, Stellenbosch, 7600"
24355840,Smit,Christiaan,2007-07-03,Male,christiaan.smit5840@student.example.ac.za,079 555 9133,"123 Church St, Stellenbosch, 7600"
20274255,Tshabalala,Brandon,2005-06-17,Male,brandon.tshabalala4255@student.example.ac.za,081 555 5326,"Room 210, Rozendal Lodge, Stellenbosch, 7600"
27696966,Govender,Megan,2003-09-18,Female,megan.govender6966@student.example.ac.za,073 555 6077,"100 Andringa St, Stellenbosch, 7600"
27040104,Khumalo,Ethan,2000-02-08,Male,ethan.khumalo0104@student.example.ac.za,084 555 5537,"19 Dorp St, Stellenbosch, 7600"
26663732,Zulu,Amahle,2006-10-20,Female,amahle.zulu3732@student.example.ac.za,083 555 7327,"Flat 18, 140 Helshoogte Rd, Stellenbosch, 7600"
27060045,Du Plessis,Faith,2003-05-09,Female,faith.duplessis0045@student.example.ac.za,071 555 1423,"Room 240, Pniel Court, Stellenbosch, 7600"
21803116,Pather,Olivia,2005-05-21,Female,olivia.pather3116@student.example.ac.za,081 555 5690,"Room 141, Pniel Court, Stellenbosch, 7600"
22457060,Meyer,Elri,2005-01-29,Female,elri.meyer7060@student.example.ac.za,079 555 3770,"Flat 14, 35 Adam Tas Rd, Stellenbosch, 7600"
25058367,Sithole,Reanette,2006-04-09,Female,reanette.sithole8367@student.example.ac.za,071 555 8953,"Flat 25, 90 Neethling St, Stellenbosch, 7600"
21991136,Botha,Buhle,2007-08-22,Female,buhle.botha1136@student.example.ac.za,084 555 4306,"140 Andringa St, Stellenbosch, 7600"
21874900,Venter,Zakhele,2006-07-04,Male,zakhele.venter4900@student.example.ac.za,081 555 4429,"Room 245, Eikestad House, Stellenbosch, 7600"
26782222,Radebe,Chloe,2004-03-02,Female,chloe.radebe2222@student.example.ac.za,083 555 1605,"Room 343, Lentelus House, Stellenbosch, 7600"
20255440,Fourie,Sarah,2004-08-03,Female,sarah.fourie5440@student.example.ac.za,083 555 9884,"128 Bird St, Stellenbosch, 7600"
22227936,Engelbrecht,Daniel,2008-07-26,Male,daniel.engelbrecht7936@student.example.ac.za,078 555 1799,"105 Andringa St, Stellenbosch, 7600"
27295604,Botha,Kagiso,2003-03-31,Male,kagiso.botha5604@student.example.ac.za,072 555 4603,"Room 280, Simonsberg House, Stellenbosch, 7600"
21272874,Khumalo,Imaan,2007-10-18,Female,imaan.khumalo2874@student.example.ac.za,078 555 8644,"Room 216, Rozendal Lodge, Stellenbosch, 7600"
23300808,Xaba,Jaco,2005-04-17,Male,jaco.xaba0808@student.example.ac.za,060 555 2457,"Room 313, Bergzicht Residence, Stellenbosch, 7600"
23875335,Malan,Ashwin,2002-09-10,Male,ashwin.malan5335@student.example.ac.za,084 555 8915,"Flat 17, 132 Andringa St, Stellenbosch, 7600"
20755514,Cele,Daniel,2002-07-12,Male,daniel.cele5514@student.example.ac.za,079 555 2815,"Flat 20, 94 Church St, Stellenbosch, 7600"
20084748,Van der Merwe,Zinhle,2007-10-12,Female,zinhle.vandermerwe4748@student.example.ac.za,078 555 2986,"Room 195, Oude Molen Hall, Stellenbosch, 7600"
26767880,Hendricks,Andile,2003-05-12,Male,andile.hendricks7880@student.example.ac.za,073 555 0831,"45 Andringa St, Stellenbosch, 7600"
24963048,Engelbrecht,Bianca,2008-05-06,Female,bianca.engelbrecht3048@student.example.ac.za,072 555 2513,"Room 216, Bergzicht Residence, Stellenbosch, 7600"
27716023,Brits,Tshepo,2006-09-03,Male,tshepo.brits6023@student.example.ac.za,076 555 2796,"Flat 22, 125 Plein St, Stellenbosch, 7600"
24136423,Meyer,Buhle,2006-03-10,Female,buhle.meyer6423@student.example.ac.za,073 555 4480,"Room 318, Pniel Court, Stellenbosch, 7600"
26494783,Petersen,Megan,2005-04-19,Female,megan.petersen4783@student.example.ac.za,084 555 9262,"Flat 26, 103 Bird St, Stellenbosch, 7600"
26860898,Naidoo,Tumelo,2005-10-17,Female,tumelo.naidoo0898@student.example.ac.za,081 555 6917,"Flat 20, 146 Church St, Stellenbosch, 7600"
23927752,Williams,Jana,2007-09-23,Female,jana.williams7752@student.example.ac.za,078 555 1603,"Flat 10, 116 Helshoogte Rd, Stellenbosch, 7600"
25837592,Adams,Wian,2007-06-22,Male,wian.adams7592@student.example.ac.za,073 555 4680,"24 Bird St, Stellenbosch, 7600"
25487060,Mahlangu,Deon,2003-02-15,Male,deon.mahlangu7060@student.example.ac.za,079 555 4498,"Flat 11, 120 Ryneveld St, Stellenbosch, 7600"
21098311,Jacobs,Pieter,2006-09-13,Male,pieter.jacobs8311@student.example.ac.za,076 555 3855,"83 Victoria St, Stellenbosch, 7600"
24324555,Smit,Chanel,2007-01-20,Female,chanel.smit4555@student.example.ac.za,079 555 5282,"Flat 23, 22 Merriman Ave, Stellenbosch, 7600"
25494954,Lombard,Liam,2007-04-07,Male,liam.lombard4954@student.example.ac.za,082 555 8727,"Flat 13, 39 Church St, Stellenbosch, 7600"
26860280,Van Wyk,Tumelo,2005-05-21,Female,tumelo.vanwyk0280@student.example.ac.za,079 555 2520,"88 Church St, Stellenbosch, 7600"
25372935,Khumalo,Zanele,2002-12-19,Female,zanele.khumalo2935@student.example.ac.za,084 555 7941,"123 Helshoogte Rd, Stellenbosch, 7600"
27675205,Malan,Reanette,2008-01-23,Female,reanette.malan5205@student.example.ac.za,081 555 9070,"Room 175, Lentelus House, Stellenbosch, 7600"
25829107,Visser,Palesa,2004-06-18,Female,palesa.visser9107@student.example.ac.za,072 555 7200,"Room 376, Pniel Court, Stellenbosch, 7600"
23045555,Van Wyk,Karabo,2004-01-26,Female,karabo.vanwyk5555@student.example.ac.za,078 555 4486,"Room 189, Kruispad Hall, Stellenbosch, 7600"
24073389,Mokoena,Olivia,2001-03-01,Female,olivia.mokoena3389@student.example.ac.za,072 555 4995,"152 Banghoek Rd, Stellenbosch, 7600"
22561127,Khumalo,Sarah,2006-02-20,Female,sarah.khumalo1127@student.example.ac.za,078 555 0321,"Room 131, Pniel Court, Stellenbosch, 7600"
25565673,Mahlangu,Karabo,2007-10-18,Female,karabo.mahlangu5673@student.example.ac.za,081 555 0948,"Room 251, Bergzicht Residence, Stellenbosch, 7600"
26401427,Khumalo,Nomsa,2005-04-16,Female,nomsa.khumalo1427@student.example.ac.za,082 555 8347,"Room 118, Pniel Court, Stellenbosch, 7600"
27089980,Sithole,Thabo,2005-11-20,Male,thabo.sithole9980@student.example.ac.za,072 555 2339,"Room 145, Eikestad House, Stellenbosch, 7600"
23569593,Visser,Imaan,2008-04-06,Female,imaan.visser9593@student.example.ac.za,079 555 7841,"Flat 5, 147 Andringa St, Stellenbosch, 7600"
24840898,Tshabalala,Wian,2006-07-19,Male,wian.tshabalala0898@student.example.ac.za,071 555 4288,"Room 322, Rozendal Lodge, Stellenbosch, 7600"
22525939,Pather,Thabo,2007-03-03,Male,thabo.pather5939@student.example.ac.za,060 555 3533,"Room 220, Oude Molen Hall, Stellenbosch, 7600"
22199362,Dlamini,Ethan,2005-09-30,Male,ethan.dlamini9362@student.example.ac.za,084 555 0443,"Room 356, Lentelus House, Stellenbosch, 7600"
27709896,Booysen,Karabo,2004-11-01,Female,karabo.booysen9896@student.example.ac.za,072 555 8605,"Room 212, Rozendal Lodge, Stellenbosch, 7600"
26348361,Botha,Precious,2005-05-26,Female,precious.botha8361@student.example.ac.za,078 555 6976,"Room 178, Lentelus House, Stellenbosch, 7600"
21557694,Fourie,Sibusiso,2004-11-29,Male,sibusiso.fourie7694@student.example.ac.za,072 555 6445,"Room 364, Eikestad House, Stellenbosch, 7600"
27334265,Lombard,Elri,2007-09-19,Female,elri.lombard4265@student.example.ac.za,081 555 5011,"Room 138, Lentelus House, Stellenbosch, 7600"
20085109,Maharaj,Bheki,2006-09-12,Male,bheki.maharaj5109@student.example.ac.za,079 555 3540,"Room 178, Lentelus House, Stellenbosch, 7600"
27170777,Maharaj,Lerato,2004-03-23,Female,lerato.maharaj0777@student.example.ac.za,083 555 4500,"Room 115, Eikestad House, Stellenbosch, 7600"
22551448,Pretorius,Jason,2000-10-06,Male,jason.pretorius1448@student.example.ac.za,060 555 2006,"Room 248, Oude Molen Hall, Stellenbosch, 7600"
25345070,Van der Merwe,Dineo,2004-09-02,Female,dineo.vandermerwe5070@student.example.ac.za,078 555 8475,"94 Adam Tas Rd, Stellenbosch, 7600"
25575528,Du Plessis,Callum,2005-05-20,Male,callum.duplessis5528@student.example.ac.za,081 555 7649,"149 Plein St, Stellenbosch, 7600"
24937848,Coetzee,Faith,2006-08-14,Female,faith.coetzee7848@student.example.ac.za,078 555 2927,"Flat 28, 90 Andringa St, Stellenbosch, 7600"
23106630,Pretorius,Bheki,2001-10-20,Non-binary,bheki.pretorius6630@student.example.ac.za,073 555 9964,"Room 360, Oude Molen Hall, Stellenbosch, 7600"
21637802,Botha,Tiaan,2008-08-16,Male,tiaan.botha7802@student.example.ac.za,081 555 6535,"Flat 22, 158 Victoria St, Stellenbosch, 7600"
23929063,Visser,Kayla,2005-05-26,Female,kayla.visser9063@student.example.ac.za,071 555 2416,"Room 332, Simonsberg House, Stellenbosch, 7600"
27115870,Pather,Noa,2008-03-01,Prefer not to say,noa.pather5870@student.example.ac.za,073 555 4357,"Room 200, Simonsberg House, Stellenbosch, 7600"
27502358,Adams,Sam,2005-07-01,Prefer not to say,sam.adams2358@student.example.ac.za,073 555 5792,"Flat 29, 3 Andringa St, Stellenbosch, 7600"
22851230,Pather,Zakhele,2007-11-03,Male,zakhele.pather1230@student.example.ac.za,083 555 7145,"Room 253, Kruispad Hall, Stellenbosch, 7600"
27469896,Govender,Imaan,2007-06-04,Female,imaan.govender9896@student.example.ac.za,079 555 0257,"Flat 6, 26 Church St, Stellenbosch, 7600"
24438484,Hendricks,Carmen,2005-07-15,Female,carmen.hendricks8484@student.example.ac.za,073 555 5836,"Room 212, Eikestad House, Stellenbosch, 7600"
23421880,Xaba,Mpho,2008-07-19,Male,mpho.xaba1880@student.example.ac.za,083 555 5735,"60 Victoria St, Stellenbosch, 7600"
25987571,Engelbrecht,Mandla,2005-09-15,Male,mandla.engelbrecht7571@student.example.ac.za,076 555 6578,"Flat 2, 39 Adam Tas Rd, Stellenbosch, 7600"
23707152,Steyn,Palesa,2001-12-16,Female,palesa.steyn7152@student.example.ac.za,084 555 9671,"154 Helshoogte Rd, Stellenbosch, 7600"
22474053,Molefe,Precious,2005-01-30,Female,precious.molefe4053@student.example.ac.za,084 555 7522,"81 Dorp St, Stellenbosch, 7600"
20970782,Mbeki,Brandon,2004-08-04,Male,brandon.mbeki0782@student.example.ac.za,073 555 2936,"Flat 13, 104 Ryneveld St, Stellenbosch, 7600"
20613115,Cele,Neo,2007-04-15,Male,neo.cele3115@student.example.ac.za,072 555 1337,"Room 219, Simonsberg House, Stellenbosch, 7600"
26638224,Engelbrecht,Siya,2006-08-27,Male,siya.engelbrecht8224@student.example.ac.za,079 555 4311,"Flat 20, 141 Helshoogte Rd, Stellenbosch, 7600"
27133430,Pretorius,Tshepo,2003-08-10,Male,tshepo.pretorius3430@student.example.ac.za,079 555 3585,"53 Church St, Stellenbosch, 7600"
22832995,Sithole,Brandon,2005-01-04,Male,brandon.sithole2995@student.example.ac.za,071 555 0034,"Room 342, Rozendal Lodge, Stellenbosch, 7600"
26301778,Meyer,Sibusiso,2002-09-04,Male,sibusiso.meyer1778@student.example.ac.za,082 555 6911,"Flat 4, 47 Banghoek Rd, Stellenbosch, 7600"
22083595,Steyn,Ashwin,2007-11-22,Male,ashwin.steyn3595@student.example.ac.za,082 555 6874,"141 Andringa St, Stellenbosch, 7600"
26380698,Williams,Amahle,2007-12-09,Female,amahle.williams0698@student.example.ac.za,084 555 1157,"Room 194, Eikestad House, Stellenbosch, 7600"
24036554,Kruger,Maya,2008-06-12,Female,maya.kruger6554@student.example.ac.za,072 555 5161,"Room 216, Bergzicht Residence, Stellenbosch, 7600"
26043446,Venter,Jana,2005-11-21,Female,jana.venter3446@student.example.ac.za,073 555 4495,"Flat 20, 132 Victoria St, Stellenbosch, 7600"
22032227,Visser,Thandi,2005-08-28,Female,thandi.visser2227@student.example.ac.za,073 555 1300,"Room 117, Simonsberg House, Stellenbosch, 7600"
22972324,Adams,Kagiso,2006-11-29,Male,kagiso.adams2324@student.example.ac.za,081 555 2557,"97 Helshoogte Rd, Stellenbosch, 7600"
21655518,Jacobs,Karabo,2004-10-01,Female,karabo.jacobs5518@student.example.ac.za,073 555 6846,"120 Dorp St, Stellenbosch, 7600"
25465686,Fourie,Thandi,2005-03-07,Female,thandi.fourie5686@student.example.ac.za,060 555 3336,"Room 308, Simonsberg House, Stellenbosch, 7600"
26481738,Sithole,Carmen,2004-02-26,Female,carmen.sithole1738@student.example.ac.za,082 555 5216,"Flat 18, 81 Dorp St, Stellenbosch, 7600"
26550956,Booysen,Xolani,2006-09-19,Male,xolani.booysen0956@student.example.ac.za,079 555 2207,"Flat 2, 86 Victoria St, Stellenbosch, 7600"
20501828,Kruger,Lindiwe,2005-10-26,Female,lindiwe.kruger1828@student.example.ac.za,060 555 9112,"11 Adam Tas Rd, Stellenbosch, 7600"
21740304,Xaba,Lerato,2004-10-25,Female,lerato.xaba0304@student.example.ac.za,073 555 2035,"Room 339, Lentelus House, Stellenbosch, 7600"
21522824,Fourie,Hendrik,2005-01-02,Male,hendrik.fourie2824@student.example.ac.za,071 555 6889,"Room 258, Pniel Court, Stellenbosch, 7600"
22747677,Coetzee,Imaan,2006-11-29,Female,imaan.coetzee7677@student.example.ac.za,082 555 0548,"Room 178, Lentelus House, Stellenbosch, 7600"
20913717,Khumalo,Bianca,2005-12-25,Female,bianca.khumalo3717@student.example.ac.za,078 555 3100,"Flat 2, 81 Merriman Ave, Stellenbosch, 7600"
22689410,Kruger,Amahle,2008-04-21,Non-binary,amahle.kruger9410@student.example.ac.za,076 555 3729,"Room 200, Bergzicht Residence, Stellenbosch, 7600"
27296244,Jansen,Thabo,2008-04-22,Male,thabo.jansen6244@student.example.ac.za,084 555 6715,"79 Merriman Ave, Stellenbosch, 7600"
22455865,Coetzee,Jason,2005-10-09,Male,jason.coetzee5865@student.example.ac.za,084 555 0575,"116 Ryneveld St, Stellenbosch, 7600"
23110773,Van Wyk,Lindiwe,2007-11-16,Female,lindiwe.vanwyk0773@student.example.ac.za,072 555 1522,"Flat 29, 108 Church St, Stellenbosch, 7600"
25633876,Hendricks,Tumelo,2003-04-19,Female,tumelo.hendricks3876@student.example.ac.za,084 555 5186,"Flat 10, 79 Church St, Stellenbosch, 7600"
26412412,Jacobs,Themba,2007-05-07,Male,themba.jacobs2412@student.example.ac.za,060 555 4354,"Room 165, Kruispad Hall, Stellenbosch, 7600"
24984962,Dlamini,Ashwin,2004-10-13,Male,ashwin.dlamini4962@student.example.ac.za,079 555 5739,"84 Dorp St, Stellenbosch, 7600"
22592628,Zulu,Wian,2008-07-07,Male,wian.zulu2628@student.example.ac.za,078 555 4920,"139 Church St, Stellenbosch, 7600"
24721208,Williams,Daniel,2007-01-24,Male,daniel.williams1208@student.example.ac.za,073 555 1198,"Flat 19, 140 Victoria St, Stellenbosch, 7600"
23449515,Fourie,Imaan,2006-01-24,Female,imaan.fourie9515@student.example.ac.za,060 555 5100,"Room 211, Pniel Court, Stellenbosch, 7600"
23689887,Engelbrecht,Precious,2005-10-12,Female,precious.engelbrecht9887@student.example.ac.za,082 555 9753,"Room 118, Rozendal Lodge, Stellenbosch, 7600"
25933780,Pretorius,Jaco,2007-08-10,Male,jaco.pretorius3780@student.example.ac.za,071 555 5064,"71 Church St, Stellenbosch, 7600"
23773518,Xaba,Maya,2006-04-23,Female,maya.xaba3518@student.example.ac.za,060 555 5471,"Flat 4, 67 Merriman Ave, Stellenbosch, 7600"
26984779,Kruger,Brandon,2004-09-15,Male,brandon.kruger4779@student.example.ac.za,060 555 7890,"49 Dorp St, Stellenbosch, 7600"
21437142,Nkosi,Deon,2002-07-10,Male,deon.nkosi7142@student.example.ac.za,084 555 9710,"142 Helshoogte Rd, Stellenbosch, 7600"
26741968,Mahlangu,Tumelo,2004-12-23,Female,tumelo.mahlangu1968@student.example.ac.za,072 555 4341,"Flat 3, 151 Neethling St, Stellenbosch, 7600"
26511947,Visser,Riaan,2004-11-28,Male,riaan.visser1947@student.example.ac.za,076 555 8171,"Room 245, Oude Molen Hall, Stellenbosch, 7600"
25501475,Jansen,Chloe,2005-07-10,Female,chloe.jansen1475@student.example.ac.za,072 555 0142,"126 Victoria St, Stellenbosch, 7600"
24944169,Nkosi,Bianca,2006-02-22,Female,bianca.nkosi4169@student.example.ac.za,072 555 9577,"Room 145, Bergzicht Residence, Stellenbosch, 7600"
27278414,Williams,Aisha,2008-07-10,Non-binary,aisha.williams8414@student.example.ac.za,072 555 4269,"Room 155, Oude Molen Hall, Stellenbosch, 7600"
26243270,Pretorius,Gugu,2004-11-13,Female,gugu.pretorius3270@student.example.ac.za,071 555 3199,"145 Adam Tas Rd, Stellenbosch, 7600"
21126310,Swanepoel,Karabo,2004-02-05,Female,karabo.swanepoel6310@student.example.ac.za,084 555 7923,"126 Merriman Ave, Stellenbosch, 7600"
27212348,Booysen,Chanel,2006-04-13,Female,chanel.booysen2348@student.example.ac.za,076 555 7086,"124 Merriman Ave, Stellenbosch, 7600"
24352658,Zulu,Aisha,2005-02-15,Female,aisha.zulu2658@student.example.ac.za,082 555 5358,"16 Ryneveld St, Stellenbosch, 7600"
25130348,Du Plessis,Nomsa,2006-09-06,Female,nomsa.duplessis0348@student.example.ac.za,084 555 9229,"Flat 10, 80 Adam Tas Rd, Stellenbosch, 7600"
21219235,Meyer,Xolani,2005-12-02,Male,xolani.meyer9235@student.example.ac.za,083 555 9884,"70 Ryneveld St, Stellenbosch, 7600"
22911136,Mahlangu,Thandi,2001-04-25,Female,thandi.mahlangu1136@student.example.ac.za,084 555 6726,"117 Bird St, Stellenbosch, 7600"
24146683,Kruger,Yusuf,2006-07-03,Male,yusuf.kruger6683@student.example.ac.za,071 555 7956,"Flat 28, 150 Banghoek Rd, Stellenbosch, 7600"
21185720,Le Roux,Zanele,2005-03-05,Female,zanele.leroux5720@student.example.ac.za,071 555 3485,"Flat 23, 3 Andringa St, Stellenbosch, 7600"
26222199,Mahlangu,Brandon,2006-11-11,Male,brandon.mahlangu2199@student.example.ac.za,060 555 9580,"Flat 2, 73 Plein St, Stellenbosch, 7600"
26608954,Sithole,Themba,2006-03-10,Male,themba.sithole8954@student.example.ac.za,081 555 8781,"Room 154, Simonsberg House, Stellenbosch, 7600"
22366129,Pillay,Nomsa,2005-08-16,Female,nomsa.pillay6129@student.example.ac.za,079 555 7078,"Room 239, Oude Molen Hall, Stellenbosch, 7600"
23324465,Molefe,Bianca,2005-07-25,Non-binary,bianca.molefe4465@student.example.ac.za,060 555 9871,"Flat 20, 75 Banghoek Rd, Stellenbosch, 7600"
21224577,Van Wyk,Fikile,2008-08-04,Male,fikile.vanwyk4577@student.example.ac.za,083 555 8394,"Flat 10, 118 Plein St, Stellenbosch, 7600"
27233371,Smit,Sam,2003-05-29,Non-binary,sam.smit3371@student.example.ac.za,078 555 5592,"Flat 2, 63 Plein St, Stellenbosch, 7600"
21998819,Olivier,Neo,2002-01-15,Male,neo.olivier8819@student.example.ac.za,078 555 1169,"Room 380, Lentelus House, Stellenbosch, 7600"
22864015,Adams,Hannah,2006-01-22,Female,hannah.adams4015@student.example.ac.za,072 555 7458,"Flat 16, 145 Neethling St, Stellenbosch, 7600"
22324662,Pather,Reanette,2005-08-04,Female,reanette.pather4662@student.example.ac.za,076 555 8262,"Room 291, Oude Molen Hall, Stellenbosch, 7600"
23957989,Khumalo,Aisha,2003-10-10,Female,aisha.khumalo7989@student.example.ac.za,076 555 1775,"Flat 16, 45 Dorp St, Stellenbosch, 7600"
22659080,Meyer,Precious,2005-10-14,Female,precious.meyer9080@student.example.ac.za,082 555 3576,"80 Dorp St, Stellenbosch, 7600"
27318499,Ndlovu,Precious,2006-12-03,Female,precious.ndlovu8499@student.example.ac.za,073 555 4882,"60 Dorp St, Stellenbosch, 7600"
21298593,Williams,Brandon,2006-09-20,Male,brandon.williams8593@student.example.ac.za,073 555 7282,"94 Church St, Stellenbosch, 7600"
25423164,Lombard,Liam,2007-06-28,Male,liam.lombard3164@student.example.ac.za,082 555 4826,"Room 182, Rozendal Lodge, Stellenbosch, 7600"
23050148,Venter,Liam,2002-08-18,Male,liam.venter0148@student.example.ac.za,076 555 2117,"Flat 12, 44 Victoria St, Stellenbosch, 7600"
27949961,Olivier,Precious,2006-03-22,Female,precious.olivier9961@student.example.ac.za,084 555 3726,"54 Plein St, Stellenbosch, 7600"
20308216,Mahlangu,Reanette,2004-07-20,Female,reanette.mahlangu8216@student.example.ac.za,072 555 7218,"Room 187, Rozendal Lodge, Stellenbosch, 7600"
26739874,Naidoo,Imaan,2006-09-01,Female,imaan.naidoo9874@student.example.ac.za,060 555 3449,"31 Adam Tas Rd, Stellenbosch, 7600"
20153591,Dlamini,Palesa,2002-11-08,Female,palesa.dlamini3591@student.example.ac.za,072 555 7518,"Room 395, Kruispad Hall, Stellenbosch, 7600"
24957017,Swanepoel,Hendrik,2004-11-02,Male,hendrik.swanepoel7017@student.example.ac.za,073 555 1313,"134 Victoria St, Stellenbosch, 7600"
24495316,Smit,Siya,2006-09-17,Male,siya.smit5316@student.example.ac.za,084 555 0456,"Room 393, Bergzicht Residence, Stellenbosch, 7600"
26446106,Booysen,Thandi,2006-08-24,Female,thandi.booysen6106@student.example.ac.za,083 555 4619,"116 Merriman Ave, Stellenbosch, 7600"
24277302,Zulu,Fatima,2008-03-29,Female,fatima.zulu7302@student.example.ac.za,084 555 3475,"Flat 8, 37 Bird St, Stellenbosch, 7600"
27403110,Fourie,Lerato,2006-01-18,Female,lerato.fourie3110@student.example.ac.za,078 555 5511,"11 Dorp St, Stellenbosch, 7600"
23406314,Molefe,Mandla,2000-06-24,Male,mandla.molefe6314@student.example.ac.za,072 555 0802,"Room 131, Lentelus House, Stellenbosch, 7600"
20938693,Malan,Callum,2006-12-08,Prefer not to say,callum.malan8693@student.example.ac.za,076 555 8478,"Room 147, Bergzicht Residence, Stellenbosch, 7600"
23726818,Ndlovu,Imaan,2007-01-20,Female,imaan.ndlovu6818@student.example.ac.za,073 555 7808,"Room 268, Bergzicht Residence, Stellenbosch, 7600"
26383156,Steyn,Emma,2005-01-13,Female,emma.steyn3156@student.example.ac.za,084 555 1030,"Flat 5, 52 Neethling St, Stellenbosch, 7600"
22533776,Kruger,Chanel,2005-06-17,Female,chanel.kruger3776@student.example.ac.za,079 555 5078,"109 Neethling St, Stellenbosch, 7600"
27061176,Coetzee,Riaan,2006-07-02,Male,riaan.coetzee1176@student.example.ac.za,083 555 6177,"Room 192, Kruispad Hall, Stellenbosch, 7600"
22869009,Jacobs,Gareth,2005-07-15,Male,gareth.jacobs9009@student.example.ac.za,060 555 7105,"Flat 2, 83 Victoria St, Stellenbosch, 7600"
25219508,Swanepoel,Zoe,2003-02-10,Female,zoe.swanepoel9508@student.example.ac.za,076 555 7365,"Flat 21, 44 Plein St, Stellenbosch, 7600"
22973826,Adams,Naledi,2001-02-16,Female,naledi.adams3826@student.example.ac.za,081 555 7509,"5 Dorp St, Stellenbosch, 7600"
21383098,Smit,Bheki,2001-04-08,Male,bheki.smit3098@student.example.ac.za,084 555 9678,"71 Ryneveld St, Stellenbosch, 7600"
24327138,Visser,Tumelo,2003-09-07,Female,tumelo.visser7138@student.example.ac.za,083 555 5851,"Flat 4, 153 Ryneveld St, Stellenbosch, 7600"
26755640,Mahlangu,Siya,2005-03-19,Male,siya.mahlangu5640@student.example.ac.za,071 555 4104,"Room 396, Kruispad Hall, Stellenbosch, 7600"
24105381,Dlamini,Rohan,2002-08-22,Male,rohan.dlamini5381@student.example.ac.za,073 555 2242,"Flat 25, 106 Ryneveld St, Stellenbosch, 7600"
25956153,Ndlovu,Kayla,2006-03-10,Female,kayla.ndlovu6153@student.example.ac.za,079 555 7097,"Room 184, Pniel Court, Stellenbosch, 7600"
25302592,Tshabalala,Aisha,2007-06-30,Female,aisha.tshabalala2592@student.example.ac.za,072 555 1119,"Room 158, Pniel Court, Stellenbosch, 7600"
21895728,Sithole,Themba,2005-02-25,Male,themba.sithole5728@student.example.ac.za,060 555 6225,"129 Merriman Ave, Stellenbosch, 7600"
25020390,Nkosi,Bianca,2004-03-23,Female,bianca.nkosi0390@student.example.ac.za,083 555 7946,"Flat 26, 33 Dorp St, Stellenbosch, 7600"
25943895,Sithole,Siya,2006-12-16,Male,siya.sithole3895@student.example.ac.za,071 555 7578,"Room 204, Bergzicht Residence, Stellenbosch, 7600"
20460008,Mahlangu,Ashwin,2002-12-15,Non-binary,ashwin.mahlangu0008@student.example.ac.za,084 555 9899,"101 Banghoek Rd, Stellenbosch, 7600"
20531338,Pather,Carmen,2008-04-17,Female,carmen.pather1338@student.example.ac.za,084 555 5176,"Flat 22, 26 Church St, Stellenbosch, 7600"
27143908,Malan,Bianca,2007-04-16,Female,bianca.malan3908@student.example.ac.za,083 555 7238,"Room 199, Bergzicht Residence, Stellenbosch, 7600"
22878814,Visser,Hannah,2004-12-09,Female,hannah.visser8814@student.example.ac.za,079 555 8522,"61 Church St, Stellenbosch, 7600"
24315826,Nel,Kagiso,2005-10-27,Male,kagiso.nel5826@student.example.ac.za,060 555 2134,"125 Church St, Stellenbosch, 7600"
24228453,Adams,Anele,2007-10-17,Female,anele.adams8453@student.example.ac.za,073 555 9924,"Room 259, Simonsberg House, Stellenbosch, 7600"
26928723,Dlamini,Tiaan,2004-06-18,Male,tiaan.dlamini8723@student.example.ac.za,079 555 5460,"Room 229, Rozendal Lodge, Stellenbosch, 7600"
24778077,Coetzee,Carmen,2005-05-22,Female,carmen.coetzee8077@student.example.ac.za,083 555 7200,"62 Ryneveld St, Stellenbosch, 7600"
27193068,Visser,Gareth,2004-03-08,Male,gareth.visser3068@student.example.ac.za,060 555 7011,"Flat 19, 115 Helshoogte Rd, Stellenbosch, 7600"
24777840,Khumalo,Dineo,2003-08-08,Prefer not to say,dineo.khumalo7840@student.example.ac.za,078 555 7204,"38 Dorp St, Stellenbosch, 7600"
23835396,Smit,Zinhle,2006-03-25,Female,zinhle.smit5396@student.example.ac.za,073 555 8505,"101 Dorp St, Stellenbosch, 7600"
21159964,Booysen,Callum,2005-05-17,Male,callum.booysen9964@student.example.ac.za,079 555 0366,"36 Neethling St, Stellenbosch, 7600"
25085158,Khumalo,Emma,2006-07-12,Female,emma.khumalo5158@student.example.ac.za,083 555 7014,"Flat 1, 152 Adam Tas Rd, Stellenbosch, 7600"
27903123,Kruger,Buhle,2002-01-01,Female,buhle.kruger3123@student.example.ac.za,079 555 9477,"Room 108, Eikestad House, Stellenbosch, 7600"
20848321,Botha,Tiaan,2005-05-26,Male,tiaan.botha8321@student.example.ac.za,081 555 6823,"Flat 14, 147 Banghoek Rd, Stellenbosch, 7600"
26391006,Van Wyk,Palesa,2001-12-07,Female,palesa.vanwyk1006@student.example.ac.za,081 555 9068,"Room 219, Kruispad Hall, Stellenbosch, 7600"
26561699,Brits,Riaan,2008-04-16,Male,riaan.brits1699@student.example.ac.za,072 555 5784,"Room 197, Pniel Court, Stellenbosch, 7600"
24645706,Hendricks,Rohan,2005-07-05,Male,rohan.hendricks5706@student.example.ac.za,060 555 4470,"86 Banghoek Rd, Stellenbosch, 7600"
22948700,Steyn,Fikile,2007-11-23,Male,fikile.steyn8700@student.example.ac.za,071 555 2306,"Flat 10, 76 Neethling St, Stellenbosch, 7600"
25261478,Sithole,Precious,2004-02-02,Female,precious.sithole1478@student.example.ac.za,060 555 6217,"Room 303, Eikestad House, Stellenbosch, 7600"
25190282,Xaba,Zanele,2006-12-19,Female,zanele.xaba0282@student.example.ac.za,081 555 1277,"Room 106, Pniel Court, Stellenbosch, 7600"
22865507,Visser,Buhle,2003-02-11,Non-binary,buhle.visser5507@student.example.ac.za,079 555 3896,"Room 408, Rozendal Lodge, Stellenbosch, 7600"
27185294,Govender,Buhle,2005-07-22,Female,buhle.govender5294@student.example.ac.za,060 555 3914,"2 Church St, Stellenbosch, 7600"
20591290,Le Roux,Karabo,2004-03-21,Female,karabo.leroux1290@student.example.ac.za,072 555 8989,"Flat 6, 5 Adam Tas Rd, Stellenbosch, 7600"
20445427,Hendricks,Fatima,2005-11-15,Female,fatima.hendricks5427@student.example.ac.za,079 555 9647,"Room 123, Rozendal Lodge, Stellenbosch, 7600"
24212677,Zulu,Riaan,2004-06-03,Male,riaan.zulu2677@student.example.ac.za,071 555 7400,"Room 310, Eikestad House, Stellenbosch, 7600"
27288782,Tshabalala,Fikile,2006-10-09,Male,fikile.tshabalala8782@student.example.ac.za,078 555 2471,"44 Merriman Ave, Stellenbosch, 7600"
20543016,Olivier,Rohan,2005-08-25,Male,rohan.olivier3016@student.example.ac.za,072 555 8896,"Room 388, Bergzicht Residence, Stellenbosch, 7600"
27390876,Meyer,Sarah,2004-03-22,Female,sarah.meyer0876@student.example.ac.za,073 555 1454,"Room 342, Bergzicht Residence, Stellenbosch, 7600"
26051865,Maharaj,Sarah,2002-06-30,Female,sarah.maharaj1865@student.example.ac.za,060 555 4579,"Room 185, Eikestad House, Stellenbosch, 7600"
23238362,Meyer,Faith,2006-10-08,Female,faith.meyer8362@student.example.ac.za,081 555 2496,"Room 347, Oude Molen Hall, Stellenbosch, 7600"
24085808,Jansen,Zoe,2004-04-30,Female,zoe.jansen5808@student.example.ac.za,072 555 7627,"Room 203, Eikestad House, Stellenbosch, 7600"
26187243,Van der Merwe,Zanele,2004-09-13,Female,zanele.vandermerwe7243@student.example.ac.za,060 555 8231,"Room 383, Rozendal Lodge, Stellenbosch, 7600"
24557863,Van Wyk,Aisha,2002-08-25,Female,aisha.vanwyk7863@student.example.ac.za,060 555 5761,"Room 246, Simonsberg House, Stellenbosch, 7600"
23275568,Adams,Sarah,2006-03-16,Female,sarah.adams5568@student.example.ac.za,076 555 6047,"Room 346, Lentelus House, Stellenbosch, 7600"
24339060,Le Roux,Carmen,2004-01-29,Non-binary,carmen.leroux9060@student.example.ac.za,076 555 1583,"Flat 20, 105 Plein St, Stellenbosch, 7600"
27585118,Botha,Wian,2004-07-25,Male,wian.botha5118@student.example.ac.za,073 555 5107,"Room 328, Simonsberg House, Stellenbosch, 7600"
23551357,Booysen,Elri,2005-02-28,Female,elri.booysen1357@student.example.ac.za,078 555 3264,"Room 187, Eikestad House, Stellenbosch, 7600"
23920596,Mbeki,Hannah,2001-10-23,Female,hannah.mbeki0596@student.example.ac.za,079 555 7557,"Room 367, Kruispad Hall, Stellenbosch, 7600"
22333110,Nel,Olivia,2001-04-17,Female,olivia.nel3110@student.example.ac.za,073 555 1315,"Flat 17, 132 Andringa St, Stellenbosch, 7600"
23266887,Brits,Wian,2005-12-18,Male,wian.brits6887@student.example.ac.za,078 555 4602,"Room 200, Eikestad House, Stellenbosch, 7600"
27916963,Adams,Zoe,2007-05-16,Female,zoe.adams6963@student.example.ac.za,060 555 5639,"Room 223, Simonsberg House, Stellenbosch, 7600"
21059341,Nkosi,Imaan,2001-01-02,Female,imaan.nkosi9341@student.example.ac.za,060 555 0023,"Room 292, Kruispad Hall, Stellenbosch, 7600"
26360493,Pather,Chloe,2004-09-05,Female,chloe.pather0493@student.example.ac.za,060 555 0594,"Room 195, Kruispad Hall, Stellenbosch, 7600"
23539663,Van Wyk,Anele,2004-10-22,Female,anele.vanwyk9663@student.example.ac.za,073 555 0482,"Room 130, Simonsberg House, Stellenbosch, 7600"
23209004,Nel,Xolani,2007-12-22,Male,xolani.nel9004@student.example.ac.za,081 555 7246,"155 Dorp St, Stellenbosch, 7600"
20183862,Malan,Aisha,2006-02-20,Female,aisha.malan3862@student.example.ac.za,083 555 6216,"97 Andringa St, Stellenbosch, 7600"
22831113,Du Plessis,Maya,2003-04-17,Female,maya.duplessis1113@student.example.ac.za,081 555 1924,"Room 181, Oude Molen Hall, Stellenbosch, 7600"
22006881,Meyer,Jana,2007-10-26,Female,jana.meyer6881@student.example.ac.za,084 555 4457,"Flat 23, 18 Dorp St, Stellenbosch, 7600"
22773587,Engelbrecht,Neo,2002-10-02,Male,neo.engelbrecht3587@student.example.ac.za,078 555 9647,"Room 182, Lentelus House, Stellenbosch, 7600"
20738934,Malan,Dineo,2004-07-21,Female,dineo.malan8934@student.example.ac.za,081 555 0054,"98 Helshoogte Rd, Stellenbosch, 7600"
27258043,Malan,Imaan,2006-11-19,Female,imaan.malan8043@student.example.ac.za,079 555 0736,"65 Neethling St, Stellenbosch, 7600"
24028168,Radebe,Kayla,2006-03-08,Female,kayla.radebe8168@student.example.ac.za,072 555 4944,"138 Andringa St, Stellenbosch, 7600"
20175871,Botha,Nomsa,2006-05-11,Female,nomsa.botha5871@student.example.ac.za,078 555 1868,"Room 246, Pniel Court, Stellenbosch, 7600"
23653104,Botha,Elri,2003-08-06,Female,elri.botha3104@student.example.ac.za,082 555 1548,"46 Adam Tas Rd, Stellenbosch, 7600"
23363987,Smit,Christiaan,2006-04-17,Male,christiaan.smit3987@student.example.ac.za,073 555 9088,"Room 288, Rozendal Lodge, Stellenbosch, 7600"
27310296,Nel,Buhle,2006-02-12,Female,buhle.nel0296@student.example.ac.za,072 555 8495,"Room 286, Simonsberg House, Stellenbosch, 7600"
26595308,Govender,Chanel,2005-06-18,Female,chanel.govender5308@student.example.ac.za,082 555 4539,"Room 211, Simonsberg House, Stellenbosch, 7600"
23768964,Malan,Faith,2007-08-16,Female,faith.malan8964@student.example.ac.za,072 555 4966,"Flat 28, 71 Church St, Stellenbosch, 7600"
20848733,Xaba,Kayla,2008-02-21,Female,kayla.xaba8733@student.example.ac.za,072 555 3439,"Flat 7, 14 Ryneveld St, Stellenbosch, 7600"
26290929,Meyer,Zoe,2007-07-26,Female,zoe.meyer0929@student.example.ac.za,084 555 8308,"82 Andringa St, Stellenbosch, 7600"
26073186,Smit,Daniel,2001-12-15,Male,daniel.smit3186@student.example.ac.za,078 555 0892,"Room 344, Kruispad Hall, Stellenbosch, 7600"
26243054,Nkosi,Lerato,2006-04-10,Female,lerato.nkosi3054@student.example.ac.za,083 555 9465,"Room 256, Kruispad Hall, Stellenbosch, 7600"
21320584,Jacobs,Megan,2003-12-16,Female,megan.jacobs0584@student.example.ac.za,082 555 6973,"Room 271, Kruispad Hall, Stellenbosch, 7600"
22669114,Meyer,Amahle,2006-04-27,Female,amahle.meyer9114@student.example.ac.za,083 555 8118,"Room 278, Simonsberg House, Stellenbosch, 7600"
23319556,Xaba,Tumelo,2007-10-13,Female,tumelo.xaba9556@student.example.ac.za,082 555 2124,"118 Church St, Stellenbosch, 7600"
21011197,Williams,Deon,2006-08-03,Male,deon.williams1197@student.example.ac.za,078 555 1320,"Room 235, Oude Molen Hall, Stellenbosch, 7600"
20841310,Williams,Jason,2005-11-26,Male,jason.williams1310@student.example.ac.za,082 555 0211,"Flat 24, 82 Ryneveld St, Stellenbosch, 7600"
22918617,Sithole,Megan,2003-10-10,Female,megan.sithole8617@student.example.ac.za,060 555 5783,"Room 348, Eikestad House, Stellenbosch, 7600"
21313783,Engelbrecht,Tshepo,2005-01-31,Male,tshepo.engelbrecht3783@student.example.ac.za,082 555 2042,"Room 290, Pniel Court, Stellenbosch, 7600"
27635177,Naidoo,Bianca,2005-12-22,Female,bianca.naidoo5177@student.example.ac.za,083 555 1266,"Room 266, Kruispad Hall, Stellenbosch, 7600"
21465813,Venter,Mpho,2005-05-16,Male,mpho.venter5813@student.example.ac.za,078 555 1148,"Flat 19, 125 Dorp St, Stellenbosch, 7600"
27758047,Du Plessis,Lerato,2006-03-16,Female,lerato.duplessis8047@student.example.ac.za,073 555 0254,"Room 283, Bergzicht Residence, Stellenbosch, 7600"
21724847,Booysen,Sibusiso,2004-11-24,Male,sibusiso.booysen4847@student.example.ac.za,082 555 6303,"85 Church St, Stellenbosch, 7600"
21661547,Williams,Xolani,2007-06-05,Male,xolani.williams1547@student.example.ac.za,076 555 4582,"Flat 18, 19 Adam Tas Rd, Stellenbosch, 7600"
26335661,Botha,Amahle,2007-12-23,Female,amahle.botha5661@student.example.ac.za,082 555 9185,"56 Bird St, Stellenbosch, 7600"
23810354,Fourie,Mpho,2005-12-15,Male,mpho.fourie0354@student.example.ac.za,081 555 0303,"4 Andringa St, Stellenbosch, 7600"
21978757,Coetzee,Ian,2006-12-23,Male,ian.coetzee8757@student.example.ac.za,079 555 4539,"Flat 15, 56 Victoria St, Stellenbosch, 7600"
27995968,Tshabalala,Karabo,2006-06-23,Female,karabo.tshabalala5968@student.example.ac.za,079 555 8158,"Flat 15, 142 Helshoogte Rd, Stellenbosch, 7600"
21762133,Pillay,Megan,2006-02-23,Female,megan.pillay2133@student.example.ac.za,071 555 1036,"Room 416, Pniel Court, Stellenbosch, 7600"
25271701,Van Wyk,Fatima,2004-01-03,Female,fatima.vanwyk1701@student.example.ac.za,071 555 0562,"Room 272, Simonsberg House, Stellenbosch, 7600"
23220154,Pretorius,Jaco,2004-05-02,Male,jaco.pretorius0154@student.example.ac.za,079 555 2221,"24 Merriman Ave, Stellenbosch, 7600"
26731647,Van Wyk,Tiaan,2005-10-22,Male,tiaan.vanwyk1647@student.example.ac.za,073 555 4159,"Flat 19, 25 Ryneveld St, Stellenbosch, 7600"
21131099,Mahlangu,Wian,2005-08-22,Male,wian.mahlangu1099@student.example.ac.za,081 555 4043,"77 Victoria St, Stellenbosch, 7600"
22910904,Van der Merwe,Daniel,2005-12-15,Male,daniel.vandermerwe0904@student.example.ac.za,076 555 4696,"34 Victoria St, Stellenbosch, 7600"
21743194,Nkosi,Thandi,2008-05-10,Female,thandi.nkosi3194@student.example.ac.za,079 555 3945,"127 Banghoek Rd, Stellenbosch, 7600"
22823447,Zulu,Dineo,2007-09-17,Female,dineo.zulu3447@student.example.ac.za,081 555 4408,"Flat 13, 74 Victoria St, Stellenbosch, 7600"
24274831,Engelbrecht,Lindiwe,2007-02-24,Female,lindiwe.engelbrecht4831@student.example.ac.za,079 555 3890,"Room 244, Kruispad Hall, Stellenbosch, 7600"
24562078,Jansen,Ethan,2006-08-02,Male,ethan.jansen2078@student.example.ac.za,060 555 6191,"Room 334, Rozendal Lodge, Stellenbosch, 7600"
25182204,Coetzee,Chanel,2004-06-12,Female,chanel.coetzee2204@student.example.ac.za,073 555 9825,"146 Helshoogte Rd, Stellenbosch, 7600"
22094292,Hendricks,Rohan,2007-03-01,Male,rohan.hendricks4292@student.example.ac.za,072 555 8106,"Room 207, Bergzicht Residence, Stellenbosch, 7600"
20873029,Fourie,Taylor,2005-01-09,Prefer not to say,taylor.fourie3029@student.example.ac.za,081 555 6799,"Room 336, Lentelus House, Stellenbosch, 7600"
26185101,Swanepoel,Fatima,2000-02-25,Female,fatima.swanepoel5101@student.example.ac.za,073 555 0044,"103 Helshoogte Rd, Stellenbosch, 7600"
27066744,Ndlovu,Mandla,2008-08-19,Male,mandla.ndlovu6744@student.example.ac.za,081 555 3254,"29 Church St, Stellenbosch, 7600"
24397241,Mbeki,Siya,2006-06-30,Male,siya.mbeki7241@student.example.ac.za,073 555 9296,"Room 160, Bergzicht Residence, Stellenbosch, 7600"
23556291,Sithole,Zoe,2006-01-08,Female,zoe.sithole6291@student.example.ac.za,073 555 6270,"Room 318, Lentelus House, Stellenbosch, 7600"
24883403,Zulu,Faith,2000-01-16,Female,faith.zulu3403@student.example.ac.za,081 555 7048,"Room 214, Lentelus House, Stellenbosch, 7600"
20139834,Van Wyk,Ashwin,2007-07-18,Male,ashwin.vanwyk9834@student.example.ac.za,076 555 2218,"Room 352, Pniel Court, Stellenbosch, 7600"
22637351,Pretorius,Riaan,2007-03-25,Male,riaan.pretorius7351@student.example.ac.za,082 555 3046,"Flat 17, 43 Bird St, Stellenbosch, 7600"
22935317,Govender,Bheki,2004-05-27,Male,bheki.govender5317@student.example.ac.za,060 555 8376,"Room 292, Kruispad Hall, Stellenbosch, 7600"
24099469,Zulu,Lindiwe,2006-03-12,Female,lindiwe.zulu9469@student.example.ac.za,076 555 9916,"Room 298, Kruispad Hall, Stellenbosch, 7600"
20895486,Coetzee,Andile,2004-12-27,Male,andile.coetzee5486@student.example.ac.za,082 555 1878,"Room 303, Eikestad House, Stellenbosch, 7600"
22170355,Mahlangu,Fatima,2006-04-06,Female,fatima.mahlangu0355@student.example.ac.za,072 555 1879,"Flat 29, 7 Merriman Ave, Stellenbosch, 7600"
20290943,Maharaj,Tumelo,2006-12-22,Female,tumelo.maharaj0943@student.example.ac.za,060 555 2707,"145 Dorp St, Stellenbosch, 7600"
20752198,Lombard,Kabelo,2005-11-22,Male,kabelo.lombard2198@student.example.ac.za,076 555 8397,"Room 389, Pniel Court, Stellenbosch, 7600"
26222508,Coetzee,Karabo,2000-08-26,Female,karabo.coetzee2508@student.example.ac.za,076 555 7304,"18 Helshoogte Rd, Stellenbosch, 7600"
25739925,Hendricks,Tumelo,2007-02-28,Female,tumelo.hendricks9925@student.example.ac.za,071 555 3873,"150 Merriman Ave, Stellenbosch, 7600"
27887277,Botha,Tiaan,2004-05-19,Male,tiaan.botha7277@student.example.ac.za,081 555 7899,"Flat 20, 70 Banghoek Rd, Stellenbosch, 7600"
26164925,Petersen,Anri,2008-06-18,Female,anri.petersen4925@student.example.ac.za,079 555 1361,"Room 216, Rozendal Lodge, Stellenbosch, 7600"
22242280,Pather,Rohan,2008-04-20,Male,rohan.pather2280@student.example.ac.za,071 555 1137,"Room 164, Simonsberg House, Stellenbosch, 7600"
25588634,Steyn,Precious,2001-08-24,Female,precious.steyn8634@student.example.ac.za,073 555 9750,"Room 112, Bergzicht Residence, Stellenbosch, 7600"
26468863,Pretorius,Kabelo,2004-12-29,Male,kabelo.pretorius8863@student.example.ac.za,078 555 2384,"157 Victoria St, Stellenbosch, 7600"
25581998,Du Plessis,Zinhle,2003-05-05,Female,zinhle.duplessis1998@student.example.ac.za,079 555 2342,"Room 319, Kruispad Hall, Stellenbosch, 7600"
24443231,Govender,Naledi,2007-10-12,Female,naledi.govender3231@student.example.ac.za,078 555 3218,"Flat 2, 149 Adam Tas Rd, Stellenbosch, 7600"
22073484,Nkosi,Anri,2005-02-16,Female,anri.nkosi3484@student.example.ac.za,071 555 4506,"45 Bird St, Stellenbosch, 7600"
25912472,Van Wyk,Mpho,2000-10-11,Male,mpho.vanwyk2472@student.example.ac.za,083 555 7772,"43 Dorp St, Stellenbosch, 7600"
26522744,Steyn,Faith,2003-04-21,Female,faith.steyn2744@student.example.ac.za,060 555 1813,"Room 211, Simonsberg House, Stellenbosch, 7600"
20687649,Coetzee,Francois,2006-04-17,Male,francois.coetzee7649@student.example.ac.za,072 555 2878,"Room 311, Simonsberg House, Stellenbosch, 7600"
27124584,Dlamini,Buhle,2006-06-30,Female,buhle.dlamini4584@student.example.ac.za,078 555 8214,"Flat 27, 29 Andringa St, Stellenbosch, 7600"
23900527,Khumalo,Liam,2006-10-09,Male,liam.khumalo0527@student.example.ac.za,082 555 5461,"Flat 1, 60 Victoria St, Stellenbosch, 7600"
24173336,Mahlangu,Jason,2005-09-05,Male,jason.mahlangu3336@student.example.ac.za,079 555 0878,"Room 403, Kruispad Hall, Stellenbosch, 7600"
24250426,Le Roux,Kabelo,2004-04-10,Male,kabelo.leroux0426@student.example.ac.za,076 555 8424,"85 Dorp St, Stellenbosch, 7600"
21087512,Govender,Jason,2008-03-10,Male,jason.govender7512@student.example.ac.za,083 555 8196,"80 Bird St, Stellenbosch, 7600"
23567140,Mbeki,Wian,2006-05-20,Male,wian.mbeki7140@student.example.ac.za,081 555 1376,"Flat 29, 156 Church St, Stellenbosch, 7600"
22468951,Molefe,Kagiso,2006-02-19,Male,kagiso.molefe8951@student.example.ac.za,081 555 8428,"Flat 12, 151 Bird St, Stellenbosch, 7600"
23700149,Botha,Maya,2003-07-23,Female,maya.botha0149@student.example.ac.za,081 555 7160,"Flat 25, 43 Helshoogte Rd, Stellenbosch, 7600"
23058864,Sithole,Lerato,2006-07-09,Female,lerato.sithole8864@student.example.ac.za,073 555 4802,"125 Neethling St, Stellenbosch, 7600"
27444846,Fourie,Buhle,2006-08-15,Female,buhle.fourie4846@student.example.ac.za,060 555 3634,"Flat 23, 98 Ryneveld St, Stellenbosch, 7600"
21674361,Petersen,Nomsa,2002-08-09,Female,nomsa.petersen4361@student.example.ac.za,083 555 1182,"Room 389, Bergzicht Residence, Stellenbosch, 7600"
26391362,Tshabalala,Fatima,2004-01-02,Female,fatima.tshabalala1362@student.example.ac.za,079 555 7661,"114 Ryneveld St, Stellenbosch, 7600"
23425730,Van Wyk,Deon,2004-10-09,Male,deon.vanwyk5730@student.example.ac.za,082 555 1188,"Room 174, Pniel Court, Stellenbosch, 7600"
23513953,Williams,Bianca,2005-10-21,Female,bianca.williams3953@student.example.ac.za,071 555 7523,"23 Bird St, Stellenbosch, 7600"
26369020,Van Wyk,Jason,2005-01-19,Male,jason.vanwyk9020@student.example.ac.za,078 555 1238,"Flat 17, 111 Banghoek Rd, Stellenbosch, 7600"
24551218,Coetzee,Kayla,2003-08-27,Female,kayla.coetzee1218@student.example.ac.za,082 555 8239,"67 Adam Tas Rd, Stellenbosch, 7600"
26992483,Molefe,Hannah,2006-04-11,Female,hannah.molefe2483@student.example.ac.za,084 555 9101,"Room 241, Lentelus House, Stellenbosch, 7600"
24042567,Du Plessis,Bianca,2005-11-27,Female,bianca.duplessis2567@student.example.ac.za,079 555 4001,"Flat 25, 20 Adam Tas Rd, Stellenbosch, 7600"
20753848,Coetzee,Zakhele,2006-07-04,Male,zakhele.coetzee3848@student.example.ac.za,084 555 8774,"Room 400, Bergzicht Residence, Stellenbosch, 7600"
25474519,Fourie,Christiaan,2003-08-03,Male,christiaan.fourie4519@student.example.ac.za,078 555 0865,"92 Adam Tas Rd, Stellenbosch, 7600"
26632213,Sithole,Hannah,2001-05-07,Female,hannah.sithole2213@student.example.ac.za,084 555 0976,"Flat 20, 7 Adam Tas Rd, Stellenbosch, 7600"
21003089,Swanepoel,Chanel,2005-10-14,Female,chanel.swanepoel3089@student.example.ac.za,076 555 0536,"Room 233, Eikestad House, Stellenbosch, 7600"
24440103,Adams,Ashwin,2003-05-12,Male,ashwin.adams0103@student.example.ac.za,060 555 1968,"Flat 10, 38 Victoria St, Stellenbosch, 7600"
25023899,Venter,Jaco,2005-10-29,Male,jaco.venter3899@student.example.ac.za,083 555 0498,"Room 109, Kruispad Hall, Stellenbosch, 7600"
27323125,Olivier,Daniel,2005-01-04,Male,daniel.olivier3125@student.example.ac.za,078 555 3023,"Room 366, Oude Molen Hall, Stellenbosch, 7600"
21351789,Govender,Maya,2005-11-18,Female,maya.govender1789@student.example.ac.za,082 555 2884,"Room 170, Pniel Court, Stellenbosch, 7600"
26196258,Xaba,Xolani,2006-12-01,Male,xolani.xaba6258@student.example.ac.za,060 555 3196,"Flat 11, 98 Helshoogte Rd, Stellenbosch, 7600"
24998927,Van Wyk,Wian,2004-04-11,Male,wian.vanwyk8927@student.example.ac.za,072 555 1736,"Flat 22, 50 Andringa St, Stellenbosch, 7600"
20246828,Booysen,Thandi,2005-12-02,Female,thandi.booysen6828@student.example.ac.za,071 555 2143,"61 Dorp St, Stellenbosch, 7600"
25100038,Meyer,Brandon,2004-04-12,Male,brandon.meyer0038@student.example.ac.za,081 555 4567,"Room 268, Oude Molen Hall, Stellenbosch, 7600"
24556679,Hendricks,Kayla,2003-08-24,Female,kayla.hendricks6679@student.example.ac.za,060 555 9771,"Flat 23, 14 Helshoogte Rd, Stellenbosch, 7600"
20983146,Pretorius,Chanel,2004-10-06,Female,chanel.pretorius3146@student.example.ac.za,078 555 7355,"Room 215, Kruispad Hall, Stellenbosch, 7600"
24822833,Meyer,Wian,2007-01-24,Male,wian.meyer2833@student.example.ac.za,081 555 3544,"Room 315, Eikestad House, Stellenbosch, 7600"
21924511,Malan,Chloe,2007-07-07,Female,chloe.malan4511@student.example.ac.za,078 555 4750,"Flat 3, 59 Helshoogte Rd, Stellenbosch, 7600"
22899095,Pather,Mandla,2005-02-05,Male,mandla.pather9095@student.example.ac.za,073 555 3401,"Room 107, Pniel Court, Stellenbosch, 7600"
23530674,Adams,Thandi,2005-11-07,Female,thandi.adams0674@student.example.ac.za,082 555 6117,"108 Ryneveld St, Stellenbosch, 7600"
23203288,Govender,Aisha,2001-01-25,Female,aisha.govender3288@student.example.ac.za,083 555 5451,"Flat 15, 94 Helshoogte Rd, Stellenbosch, 7600"
25900020,Zulu,Kayla,2001-01-29,Female,kayla.zulu0020@student.example.ac.za,079 555 4515,"66 Victoria St, Stellenbosch, 7600"
27952851,Adams,Fikile,2006-03-21,Male,fikile.adams2851@student.example.ac.za,078 555 4720,"102 Ryneveld St, Stellenbosch, 7600"
27447745,Du Plessis,Francois,2006-08-08,Male,francois.duplessis7745@student.example.ac.za,072 555 7699,"97 Ryneveld St, Stellenbosch, 7600"
22701704,Booysen,Emma,2004-09-27,Female,emma.booysen1704@student.example.ac.za,060 555 3783,"Flat 8, 159 Helshoogte Rd, Stellenbosch, 7600"
20250974,Mahlangu,Neo,2004-03-17,Male,neo.mahlangu0974@student.example.ac.za,079 555 3345,"88 Adam Tas Rd, Stellenbosch, 7600"
25705488,Mokoena,Thandi,2007-10-26,Female,thandi.mokoena5488@student.example.ac.za,082 555 9256,"Room 147, Lentelus House, Stellenbosch, 7600"
26541262,Khumalo,Anele,2004-09-07,Female,anele.khumalo1262@student.example.ac.za,079 555 2421,"Flat 4, 93 Merriman Ave, Stellenbosch, 7600"
21084195,Van der Merwe,Fikile,2005-08-14,Male,fikile.vandermerwe4195@student.example.ac.za,082 555 2855,"52 Andringa St, Stellenbosch, 7600"
25127973,Kruger,Reanette,2006-06-15,Female,reanette.kruger7973@student.example.ac.za,076 555 5896,"Room 295, Oude Molen Hall, Stellenbosch, 7600"
22497866,Cele,Chanel,2006-03-12,Female,chanel.cele7866@student.example.ac.za,060 555 2859,"31 Banghoek Rd, Stellenbosch, 7600"
21732771,Radebe,Kabelo,2005-02-19,Male,kabelo.radebe2771@student.example.ac.za,076 555 1365,"Flat 29, 138 Bird St, Stellenbosch, 7600"
24653648,Fourie,Jason,2006-02-20,Male,jason.fourie3648@student.example.ac.za,083 555 6285,"138 Bird St, Stellenbosch, 7600"
27058742,Naidoo,Emma,2007-09-26,Female,emma.naidoo8742@student.example.ac.za,071 555 4301,"105 Bird St, Stellenbosch, 7600"
26008354,Smit,Sarah,2004-02-25,Female,sarah.smit8354@student.example.ac.za,072 555 4794,"Flat 15, 152 Adam Tas Rd, Stellenbosch, 7600"
23754109,Steyn,Dineo,2006-05-07,Female,dineo.steyn4109@student.example.ac.za,083 555 3042,"Room 319, Bergzicht Residence, Stellenbosch, 7600"
25706484,Olivier,Ethan,2006-09-11,Male,ethan.olivier6484@student.example.ac.za,071 555 6253,"85 Banghoek Rd, Stellenbosch, 7600"
22191610,Nel,Wian,2005-04-03,Male,wian.nel1610@student.example.ac.za,081 555 5405,"150 Banghoek Rd, Stellenbosch, 7600"
26793259,Sithole,Jason,2005-04-07,Male,jason.sithole3259@student.example.ac.za,081 555 6059,"38 Ryneveld St, Stellenbosch, 7600"
22517586,Venter,Elri,2006-06-06,Female,elri.venter7586@student.example.ac.za,072 555 3113,"102 Helshoogte Rd, Stellenbosch, 7600"
23296426,Jansen,Xolani,2005-10-12,Male,xolani.jansen6426@student.example.ac.za,081 555 0819,"144 Banghoek Rd, Stellenbosch, 7600"
25534362,Le Roux,Dineo,2007-05-06,Female,dineo.leroux4362@student.example.ac.za,060 555 2692,"Room 188, Kruispad Hall, Stellenbosch, 7600"
23812154,Pretorius,Fatima,2004-11-08,Female,fatima.pretorius2154@student.example.ac.za,083 555 7174,"Flat 29, 128 Banghoek Rd, Stellenbosch, 7600"
22741166,Fourie,Hendrik,2005-06-14,Male,hendrik.fourie1166@student.example.ac.za,078 555 3009,"Flat 17, 58 Victoria St, Stellenbosch, 7600"
25504301,Engelbrecht,Robin,2008-03-25,Non-binary,robin.engelbrecht4301@student.example.ac.za,079 555 9007,"Flat 18, 155 Merriman Ave, Stellenbosch, 7600"
23868329,Brits,Elri,2008-08-15,Female,elri.brits8329@student.example.ac.za,078 555 1889,"Room 332, Rozendal Lodge, Stellenbosch, 7600"
26939722,Smit,Daniel,2001-05-24,Male,daniel.smit9722@student.example.ac.za,076 555 0635,"Flat 16, 22 Plein St, Stellenbosch, 7600"
23814582,Van Wyk,Hannah,2007-04-29,Female,hannah.vanwyk4582@student.example.ac.za,083 555 7677,"120 Dorp St, Stellenbosch, 7600"
25846917,Petersen,Sarah,2004-03-10,Female,sarah.petersen6917@student.example.ac.za,073 555 6207,"152 Dorp St, Stellenbosch, 7600"
20679868,Cele,Aisha,2005-12-30,Female,aisha.cele9868@student.example.ac.za,072 555 5268,"Room 329, Kruispad Hall, Stellenbosch, 7600"
26239141,Dlamini,Ashwin,2004-01-04,Male,ashwin.dlamini9141@student.example.ac.za,082 555 8159,"51 Banghoek Rd, Stellenbosch, 7600"
25403880,Mbeki,Elri,2005-05-03,Female,elri.mbeki3880@student.example.ac.za,072 555 8383,"Room 302, Lentelus House, Stellenbosch, 7600"
24568765,Mokoena,Rohan,2006-02-01,Male,rohan.mokoena8765@student.example.ac.za,082 555 2141,"38 Helshoogte Rd, Stellenbosch, 7600"
27338592,Botha,Naledi,2002-08-30,Female,naledi.botha8592@student.example.ac.za,081 555 8346,"81 Dorp St, Stellenbosch, 7600"
22215126,Lombard,Deon,2007-07-17,Male,deon.lombard5126@student.example.ac.za,084 555 6235,"96 Helshoogte Rd, Stellenbosch, 7600"
22463944,Maharaj,Ethan,2003-10-14,Male,ethan.maharaj3944@student.example.ac.za,081 555 3536,"90 Church St, Stellenbosch, 7600"
24381245,Le Roux,Zoe,2005-02-09,Female,zoe.leroux1245@student.example.ac.za,081 555 8846,"Flat 4, 58 Neethling St, Stellenbosch, 7600"
26336811,Williams,Callum,2006-10-05,Male,callum.williams6811@student.example.ac.za,082 555 2974,"Flat 11, 47 Bird St, Stellenbosch, 7600"
25243073,Van der Merwe,Lerato,2006-11-03,Female,lerato.vandermerwe3073@student.example.ac.za,076 555 8652,"Room 197, Kruispad Hall, Stellenbosch, 7600"
25132501,Visser,Hendrik,2004-03-04,Male,hendrik.visser2501@student.example.ac.za,073 555 1476,"Flat 1, 77 Helshoogte Rd, Stellenbosch, 7600"
26753077,Venter,Fikile,2007-12-13,Male,fikile.venter3077@student.example.ac.za,060 555 7894,"Room 111, Kruispad Hall, Stellenbosch, 7600"
24320638,Booysen,Gugu,2006-12-30,Female,gugu.booysen0638@student.example.ac.za,079 555 8722,"Room 234, Rozendal Lodge, Stellenbosch, 7600"
24178422,Petersen,Elri,2003-04-11,Female,elri.petersen8422@student.example.ac.za,078 555 8299,"Room 321, Bergzicht Residence, Stellenbosch, 7600"
25461841,Cele,Andile,2004-11-11,Male,andile.cele1841@student.example.ac.za,084 555 9300,"6 Plein St, Stellenbosch, 7600"
24640227,Ndlovu,Bheki,2005-12-29,Male,bheki.ndlovu0227@student.example.ac.za,078 555 8061,"112 Helshoogte Rd, Stellenbosch, 7600"
24603306,Khumalo,Bheki,2007-01-09,Non-binary,bheki.khumalo3306@student.example.ac.za,081 555 4629,"73 Neethling St, Stellenbosch, 7600"
26008565,Van der Merwe,Sarah,2005-12-05,Female,sarah.vandermerwe8565@student.example.ac.za,078 555 4859,"Room 386, Eikestad House, Stellenbosch, 7600"
27533373,Molefe,Rohan,2005-09-18,Male,rohan.molefe3373@student.example.ac.za,079 555 8789,"Room 112, Lentelus House, Stellenbosch, 7600"
26909725,Mokoena,Lindiwe,2006-02-17,Female,lindiwe.mokoena9725@student.example.ac.za,078 555 5623,"Flat 18, 147 Merriman Ave, Stellenbosch, 7600"
24994113,Petersen,Ian,2007-11-04,Male,ian.petersen4113@student.example.ac.za,078 555 3028,"Room 336, Oude Molen Hall, Stellenbosch, 7600"
23503984,Le Roux,Reanette,2006-05-09,Female,reanette.leroux3984@student.example.ac.za,071 555 3831,"Room 214, Pniel Court, Stellenbosch, 7600"
24203368,Dlamini,Buhle,2006-06-02,Female,buhle.dlamini3368@student.example.ac.za,084 555 7929,"Room 142, Bergzicht Residence, Stellenbosch, 7600"
27191028,Hendricks,Kabelo,2005-12-07,Male,kabelo.hendricks1028@student.example.ac.za,071 555 9433,"Flat 19, 9 Neethling St, Stellenbosch, 7600"
27452486,Mokoena,Yusuf,2003-10-02,Male,yusuf.mokoena2486@student.example.ac.za,084 555 4499,"Room 154, Pniel Court, Stellenbosch, 7600"
26635118,Engelbrecht,Ethan,2006-01-10,Male,ethan.engelbrecht5118@student.example.ac.za,079 555 7743,"153 Plein St, Stellenbosch, 7600"
22012507,Nel,Ian,2006-08-27,Male,ian.nel2507@student.example.ac.za,060 555 6526,"Room 247, Oude Molen Hall, Stellenbosch, 7600"
20013586,Cele,Emma,2005-01-31,Female,emma.cele3586@student.example.ac.za,081 555 9573,"Room 389, Simonsberg House, Stellenbosch, 7600"
27161264,Mokoena,Hannah,2005-06-15,Female,hannah.mokoena1264@student.example.ac.za,071 555 2925,"104 Helshoogte Rd, Stellenbosch, 7600"
24068911,Nel,Tumelo,2006-12-13,Female,tumelo.nel8911@student.example.ac.za,073 555 7736,"48 Church St, Stellenbosch, 7600"
27768173,Tshabalala,Imaan,2003-08-13,Female,imaan.tshabalala8173@student.example.ac.za,083 555 4094,"41 Andringa St, Stellenbosch, 7600"
21773777,Radebe,Precious,2004-05-24,Female,precious.radebe3777@student.example.ac.za,071 555 5873,"Room 354, Kruispad Hall, Stellenbosch, 7600"
24353191,Petersen,Brandon,2003-01-26,Male,brandon.petersen3191@student.example.ac.za,084 555 4547,"Room 222, Oude Molen Hall, Stellenbosch, 7600"
20158863,Adams,Olivia,2005-02-03,Female,olivia.adams8863@student.example.ac.za,078 555 8161,"Room 411, Kruispad Hall, Stellenbosch, 7600"
26895760,Brits,Ian,2004-01-08,Male,ian.brits5760@student.example.ac.za,083 555 3443,"Room 111, Lentelus House, Stellenbosch, 7600"
23059085,Petersen,Jaco,2005-12-22,Male,jaco.petersen9085@student.example.ac.za,073 555 9618,"25 Church St, Stellenbosch, 7600"
24636974,Olivier,Kagiso,2006-03-06,Male,kagiso.olivier6974@student.example.ac.za,072 555 1823,"Flat 28, 134 Andringa St, Stellenbosch, 7600"
26306109,Fourie,Karabo,2008-03-14,Female,karabo.fourie6109@student.example.ac.za,072 555 1997,"78 Helshoogte Rd, Stellenbosch, 7600"
20004321,Xaba,Jaco,2005-07-21,Male,jaco.xaba4321@student.example.ac.za,079 555 6515,"82 Andringa St, Stellenbosch, 7600"
20724862,Nel,Aisha,2007-10-26,Female,aisha.nel4862@student.example.ac.za,083 555 1141,"Room 235, Oude Molen Hall, Stellenbosch, 7600"
22100808,Jansen,Emma,2007-08-19,Female,emma.jansen0808@student.example.ac.za,084 555 4328,"Flat 20, 79 Dorp St, Stellenbosch, 7600"
22565466,Visser,Wian,2006-12-07,Male,wian.visser5466@student.example.ac.za,078 555 1868,"Room 387, Oude Molen Hall, Stellenbosch, 7600"
25420318,Zulu,Amahle,2003-08-26,Female,amahle.zulu0318@student.example.ac.za,079 555 6431,"Room 105, Simonsberg House, Stellenbosch, 7600"
26387912,Nel,Yusuf,2007-10-16,Male,yusuf.nel7912@student.example.ac.za,084 555 1165,"125 Banghoek Rd, Stellenbosch, 7600"
21098552,Maharaj,Andile,2006-02-21,Male,andile.maharaj8552@student.example.ac.za,073 555 5733,"Room 197, Lentelus House, Stellenbosch, 7600"
20970971,Tshabalala,Lerato,2004-11-21,Female,lerato.tshabalala0971@student.example.ac.za,060 555 9549,"11 Church St, Stellenbosch, 7600"
27430212,Malan,Dineo,2007-02-09,Female,dineo.malan0212@student.example.ac.za,072 555 6078,"20 Merriman Ave, Stellenbosch, 7600"
20015965,Cele,Ian,2006-07-25,Male,ian.cele5965@student.example.ac.za,072 555 7106,"Room 148, Lentelus House, Stellenbosch, 7600"
25249507,Mbeki,Buhle,2007-11-02,Female,buhle.mbeki9507@student.example.ac.za,082 555 4668,"115 Dorp St, Stellenbosch, 7600"
20626291,Dlamini,Imaan,2000-04-13,Female,imaan.dlamini6291@student.example.ac.za,076 555 8906,"Room 132, Eikestad House, Stellenbosch, 7600"
24869753,Khumalo,Siya,2003-01-29,Male,siya.khumalo9753@student.example.ac.za,081 555 7403,"Flat 1, 104 Church St, Stellenbosch, 7600"
22438299,Zulu,Chanel,2007-02-19,Female,chanel.zulu8299@student.example.ac.za,078 555 2485,"Room 252, Simonsberg House, Stellenbosch, 7600"
22541647,Brits,Thandi,2007-04-27,Female,thandi.brits1647@student.example.ac.za,082 555 4650,"47 Victoria St, Stellenbosch, 7600"
20467652,Ndlovu,Bheki,2000-07-10,Male,bheki.ndlovu7652@student.example.ac.za,078 555 8246,"Room 409, Lentelus House, Stellenbosch, 7600"
20080812,Khumalo,Zoe,2002-06-08,Female,zoe.khumalo0812@student.example.ac.za,078 555 7782,"Room 395, Pniel Court, Stellenbosch, 7600"
23674594,Botha,Tshepo,2004-01-15,Male,tshepo.botha4594@student.example.ac.za,084 555 5970,"Room 404, Eikestad House, Stellenbosch, 7600"
20801118,Hendricks,Lungile,2006-12-27,Male,lungile.hendricks1118@student.example.ac.za,071 555 7274,"Flat 7, 111 Neethling St, Stellenbosch, 7600"
20213360,Maharaj,Brandon,2003-09-06,Male,brandon.maharaj3360@student.example.ac.za,083 555 8379,"Room 370, Kruispad Hall, Stellenbosch, 7600"
25348625,Venter,Megan,2006-01-27,Female,megan.venter8625@student.example.ac.za,072 555 2871,"Room 344, Kruispad Hall, Stellenbosch, 7600"
22083582,Booysen,Jana,2005-08-22,Female,jana.booysen3582@student.example.ac.za,079 555 2887,"Flat 10, 41 Plein St, Stellenbosch, 7600"
27141903,Brits,Neo,2004-10-03,Male,neo.brits1903@student.example.ac.za,073 555 5040,"Room 374, Eikestad House, Stellenbosch, 7600"
20565099,Molefe,Ian,2004-12-14,Male,ian.molefe5099@student.example.ac.za,072 555 6781,"Room 140, Pniel Court, Stellenbosch, 7600"
24271539,Engelbrecht,Liezl,2006-05-06,Female,liezl.engelbrecht1539@student.example.ac.za,071 555 3326,"Room 324, Pniel Court, Stellenbosch, 7600"
26616041,Steyn,Andile,2005-08-27,Male,andile.steyn6041@student.example.ac.za,076 555 1240,"Room 297, Kruispad Hall, Stellenbosch, 7600"
20108938,Williams,Liam,2004-01-31,Male,liam.williams8938@student.example.ac.za,081 555 9551,"53 Victoria St, Stellenbosch, 7600"
24228516,Sithole,Lungile,2004-07-19,Male,lungile.sithole8516@student.example.ac.za,084 555 2167,"Flat 8, 101 Bird St, Stellenbosch, 7600"
27818297,Coetzee,Dineo,2008-06-01,Female,dineo.coetzee8297@student.example.ac.za,081 555 1980,"Room 408, Kruispad Hall, Stellenbosch, 7600"
24524392,Naidoo,Zinhle,2004-10-09,Female,zinhle.naidoo4392@student.example.ac.za,060 555 3359,"83 Church St, Stellenbosch, 7600"
23000600,Govender,Sibusiso,2004-05-29,Male,sibusiso.govender0600@student.example.ac.za,078 555 2891,"Room 192, Kruispad Hall, Stellenbosch, 7600"
22028050,Pillay,Emma,2003-01-06,Female,emma.pillay8050@student.example.ac.za,071 555 6232,"Room 358, Eikestad House, Stellenbosch, 7600"
20229372,Petersen,Precious,2005-09-06,Female,precious.petersen9372@student.example.ac.za,083 555 6906,"Flat 26, 50 Bird St, Stellenbosch, 7600"
27065960,Mokoena,Tumelo,2007-09-05,Female,tumelo.mokoena5960@student.example.ac.za,060 555 5224,"123 Dorp St, Stellenbosch, 7600"
21498181,Jacobs,Sarah,2001-09-19,Female,sarah.jacobs8181@student.example.ac.za,078 555 2520,"Room 106, Rozendal Lodge, Stellenbosch, 7600"
25951592,Kruger,Jana,2006-01-12,Female,jana.kruger1592@student.example.ac.za,079 555 4083,"50 Neethling St, Stellenbosch, 7600"
26424072,Cele,Liezl,2004-04-19,Female,liezl.cele4072@student.example.ac.za,073 555 1593,"132 Church St, Stellenbosch, 7600"
20904505,Lombard,Lungile,2005-11-07,Male,lungile.lombard4505@student.example.ac.za,072 555 3737,"Flat 8, 18 Bird St, Stellenbosch, 7600"
26234331,Le Roux,Ethan,2006-01-06,Male,ethan.leroux4331@student.example.ac.za,071 555 0555,"Room 126, Simonsberg House, Stellenbosch, 7600"
25658635,Zulu,Lindiwe,2005-06-25,Female,lindiwe.zulu8635@student.example.ac.za,071 555 4298,"Room 183, Eikestad House, Stellenbosch, 7600"
20876170,Mokoena,Fatima,2003-02-24,Female,fatima.mokoena6170@student.example.ac.za,076 555 5064,"23 Ryneveld St, Stellenbosch, 7600"
20496864,Mahlangu,Anri,2000-06-28,Female,anri.mahlangu6864@student.example.ac.za,076 555 1671,"Room 115, Bergzicht Residence, Stellenbosch, 7600"
24008237,Lombard,Maya,2002-07-31,Female,maya.lombard8237@student.example.ac.za,082 555 8364,"Room 401, Lentelus House, Stellenbosch, 7600"
20247483,Pretorius,Christiaan,2003-05-17,Male,christiaan.pretorius7483@student.example.ac.za,082 555 7528,"Room 276, Rozendal Lodge, Stellenbosch, 7600"
23310182,Van Wyk,Nomsa,2005-09-16,Female,nomsa.vanwyk0182@student.example.ac.za,083 555 8577,"Flat 15, 121 Dorp St, Stellenbosch, 7600"
25630493,Du Plessis,Reanette,2006-12-29,Female,reanette.duplessis0493@student.example.ac.za,073 555 2699,"99 Merriman Ave, Stellenbosch, 7600"
21698011,Mokoena,Ashwin,2006-05-15,Male,ashwin.mokoena8011@student.example.ac.za,083 555 2496,"Flat 21, 136 Bird St, Stellenbosch, 7600"
25495012,Van der Merwe,Tshepo,2007-08-17,Male,tshepo.vandermerwe5012@student.example.ac.za,078 555 1482,"47 Bird St, Stellenbosch, 7600"
21292592,Jansen,Chloe,2004-05-21,Female,chloe.jansen2592@student.example.ac.za,079 555 7451,"111 Victoria St, Stellenbosch, 7600"
20551641,Venter,Jana,2003-10-11,Female,jana.venter1641@student.example.ac.za,079 555 4381,"Room 144, Bergzicht Residence, Stellenbosch, 7600"
20023903,Radebe,Anele,2002-04-18,Female,anele.radebe3903@student.example.ac.za,084 555 0323,"68 Helshoogte Rd, Stellenbosch, 7600"
27408224,Pretorius,Maya,2004-09-09,Female,maya.pretorius8224@student.example.ac.za,076 555 3534,"Room 271, Eikestad House, Stellenbosch, 7600"
25291716,Engelbrecht,Andile,2006-12-12,Male,andile.engelbrecht1716@student.example.ac.za,079 555 6194,"126 Adam Tas Rd, Stellenbosch, 7600"
22839355,Lombard,Themba,2006-03-14,Male,themba.lombard9355@student.example.ac.za,078 555 3424,"Room 232, Kruispad Hall, Stellenbosch, 7600"
24205114,Coetzee,Zakhele,2001-03-28,Male,zakhele.coetzee5114@student.example.ac.za,076 555 8327,"Room 147, Eikestad House, Stellenbosch, 7600"
25364959,Govender,Fatima,2006-05-06,Female,fatima.govender4959@student.example.ac.za,076 555 9234,"Room 239, Simonsberg House, Stellenbosch, 7600"
21543368,Smit,Lindiwe,2000-05-12,Female,lindiwe.smit3368@student.example.ac.za,079 555 2936,"Room 329, Simonsberg House, Stellenbosch, 7600"
22442297,Pillay,Reanette,2007-10-22,Female,reanette.pillay2297@student.example.ac.za,084 555 6806,"Room 242, Pniel Court, Stellenbosch, 7600"
21617667,Van der Merwe,Elri,2008-04-23,Female,elri.vandermerwe7667@student.example.ac.za,083 555 3364,"156 Victoria St, Stellenbosch, 7600"
22292564,Dlamini,Tiaan,2001-08-03,Male,tiaan.dlamini2564@student.example.ac.za,084 555 9202,"5 Plein St, Stellenbosch, 7600"
26180486,Le Roux,Fatima,2006-02-15,Female,fatima.leroux0486@student.example.ac.za,084 555 3137,"Room 114, Kruispad Hall, Stellenbosch, 7600"
20715378,Pather,Carmen,2007-02-04,Female,carmen.pather5378@student.example.ac.za,082 555 3344,"77 Andringa St, Stellenbosch, 7600"
27291776,Olivier,Zanele,2005-02-21,Female,zanele.olivier1776@student.example.ac.za,060 555 1199,"Room 305, Rozendal Lodge, Stellenbosch, 7600"
25044229,Zulu,Megan,2006-07-19,Female,megan.zulu4229@student.example.ac.za,071 555 2300,"Room 202, Kruispad Hall, Stellenbosch, 7600"
24056465,Petersen,Maya,2001-09-27,Female,maya.petersen6465@student.example.ac.za,073 555 5348,"Room 251, Bergzicht Residence, Stellenbosch, 7600"
27950952,Venter,Elri,2006-06-03,Female,elri.venter0952@student.example.ac.za,076 555 1443,"Room 144, Pniel Court, Stellenbosch, 7600"
24649443,Petersen,Christiaan,2002-05-30,Male,christiaan.petersen9443@student.example.ac.za,072 555 5494,"Room 267, Kruispad Hall, Stellenbosch, 7600"
26376437,Naidoo,Emma,2006-08-02,Female,emma.naidoo6437@student.example.ac.za,082 555 0994,"Room 290, Kruispad Hall, Stellenbosch, 7600"
23925022,Meyer,Elri,2006-11-09,Female,elri.meyer5022@student.example.ac.za,073 555 4945,"Room 419, Kruispad Hall, Stellenbosch, 7600"
27162855,Petersen,Emma,2003-07-20,Female,emma.petersen2855@student.example.ac.za,073 555 8314,"Room 168, Pniel Court, Stellenbosch, 7600"
21329383,Botha,Pieter,2002-12-18,Male,pieter.botha9383@student.example.ac.za,081 555 9913,"139 Neethling St, Stellenbosch, 7600"
27120430,Nkosi,Siya,2004-12-13,Male,siya.nkosi0430@student.example.ac.za,083 555 5546,"Room 260, Bergzicht Residence, Stellenbosch, 7600"
27965942,Pretorius,Themba,2003-05-16,Male,themba.pretorius5942@student.example.ac.za,082 555 7046,"148 Ryneveld St, Stellenbosch, 7600"
20347914,Petersen,Emma,2007-02-27,Female,emma.petersen7914@student.example.ac.za,082 555 5507,"35 Church St, Stellenbosch, 7600"
22474957,Molefe,Sam,2004-12-02,Non-binary,sam.molefe4957@student.example.ac.za,072 555 1480,"60 Neethling St, Stellenbosch, 7600"
26718627,Tshabalala,Karabo,2005-02-11,Female,karabo.tshabalala8627@student.example.ac.za,083 555 1136,"Room 361, Bergzicht Residence, Stellenbosch, 7600"
27441615,Adams,Kagiso,2003-08-11,Male,kagiso.adams1615@student.example.ac.za,081 555 7462,"148 Plein St, Stellenbosch, 7600"
26649976,Khumalo,Kayla,2005-10-02,Female,kayla.khumalo9976@student.example.ac.za,084 555 9647,"Room 157, Kruispad Hall, Stellenbosch, 7600"
20448783,Mbeki,Chanel,2006-09-16,Female,chanel.mbeki8783@student.example.ac.za,081 555 8640,"Room 102, Kruispad Hall, Stellenbosch, 7600"
23021542,Petersen,Palesa,2008-07-30,Female,palesa.petersen1542@student.example.ac.za,072 555 6143,"Flat 28, 68 Ryneveld St, Stellenbosch, 7600"
26970254,Du Plessis,Emma,2002-09-07,Female,emma.duplessis0254@student.example.ac.za,082 555 8438,"Room 131, Oude Molen Hall, Stellenbosch, 7600"
22844432,Ndlovu,Elri,2007-02-03,Female,elri.ndlovu4432@student.example.ac.za,073 555 7643,"111 Banghoek Rd, Stellenbosch, 7600"
21175577,Nel,Lindiwe,2002-07-26,Female,lindiwe.nel5577@student.example.ac.za,071 555 7466,"134 Bird St, Stellenbosch, 7600"
23015167,Zulu,Precious,2004-05-29,Female,precious.zulu5167@student.example.ac.za,081 555 9823,"9 Dorp St, Stellenbosch, 7600"
27782593,Pillay,Daniel,2007-02-28,Male,daniel.pillay2593@student.example.ac.za,078 555 0342,"Flat 21, 155 Ryneveld St, Stellenbosch, 7600"
20965303,Smit,Jana,2006-12-31,Female,jana.smit5303@student.example.ac.za,078 555 6883,"Flat 5, 10 Plein St, Stellenbosch, 7600"
25572473,Du Plessis,Zoe,2002-11-08,Female,zoe.duplessis2473@student.example.ac.za,076 555 9298,"Flat 19, 39 Andringa St, Stellenbosch, 7600"
25064027,Pillay,Reanette,2002-11-15,Female,reanette.pillay4027@student.example.ac.za,081 555 3516,"Room 390, Pniel Court, Stellenbosch, 7600"
27566424,Pather,Zoe,2004-05-21,Female,zoe.pather6424@student.example.ac.za,073 555 6175,"Room 295, Kruispad Hall, Stellenbosch, 7600"
21222603,Radebe,Kabelo,2005-05-22,Male,kabelo.radebe2603@student.example.ac.za,073 555 5809,"Flat 27, 120 Banghoek Rd, Stellenbosch, 7600"
27783680,Fourie,Amahle,2005-05-06,Female,amahle.fourie3680@student.example.ac.za,079 555 1646,"Room 124, Simonsberg House, Stellenbosch, 7600"
21872043,Williams,Ashwin,2003-06-20,Male,ashwin.williams2043@student.example.ac.za,078 555 3796,"Flat 22, 27 Neethling St, Stellenbosch, 7600"
26082251,Mbeki,Chloe,2007-12-27,Female,chloe.mbeki2251@student.example.ac.za,081 555 9971,"134 Neethling St, Stellenbosch, 7600"
27372842,Malan,Themba,2006-12-05,Male,themba.malan2842@student.example.ac.za,082 555 5644,"64 Plein St, Stellenbosch, 7600"
22355113,Tshabalala,Tumelo,2005-10-30,Female,tumelo.tshabalala5113@student.example.ac.za,079 555 9429,"57 Plein St, Stellenbosch, 7600"
24377581,Pillay,Deon,2002-05-11,Male,deon.pillay7581@student.example.ac.za,076 555 5040,"132 Andringa St, Stellenbosch, 7600"
23755911,Nkosi,Hendrik,2005-01-21,Male,hendrik.nkosi5911@student.example.ac.za,078 555 0452,"Room 128, Rozendal Lodge, Stellenbosch, 7600"
25662771,Xaba,Buhle,2003-02-18,Female,buhle.xaba2771@student.example.ac.za,079 555 0934,"Room 277, Lentelus House, Stellenbosch, 7600"
21821577,Van der Merwe,Aisha,2006-10-27,Female,aisha.vandermerwe1577@student.example.ac.za,073 555 5617,"Room 296, Pniel Court, Stellenbosch, 7600"
24927562,Venter,Neo,2006-08-10,Male,neo.venter7562@student.example.ac.za,081 555 3201,"Flat 29, 33 Ryneveld St, Stellenbosch, 7600"
21365143,Malan,Thandi,2006-12-28,Female,thandi.malan5143@student.example.ac.za,076 555 9822,"Room 261, Rozendal Lodge, Stellenbosch, 7600"
25727698,Jacobs,Jaco,2008-07-04,Male,jaco.jacobs7698@student.example.ac.za,083 555 5489,"Room 128, Kruispad Hall, Stellenbosch, 7600"
25438476,Fourie,Bheki,2004-04-30,Non-binary,bheki.fourie8476@student.example.ac.za,076 555 0020,"Flat 1, 79 Adam Tas Rd, Stellenbosch, 7600"
26767109,Radebe,Ian,2006-09-19,Male,ian.radebe7109@student.example.ac.za,084 555 3299,"Room 166, Simonsberg House, Stellenbosch, 7600"
25245786,Sithole,Amahle,2001-12-23,Female,amahle.sithole5786@student.example.ac.za,073 555 7669,"Room 191, Eikestad House, Stellenbosch, 7600"
22096613,Pretorius,Aisha,2006-01-17,Female,aisha.pretorius6613@student.example.ac.za,060 555 1089,"113 Helshoogte Rd, Stellenbosch, 7600"
22320011,Smit,Lungile,2003-08-04,Male,lungile.smit0011@student.example.ac.za,072 555 6274,"Room 263, Kruispad Hall, Stellenbosch, 7600"
20851091,Dlamini,Kagiso,2008-05-13,Male,kagiso.dlamini1091@student.example.ac.za,060 555 6097,"Room 172, Eikestad House, Stellenbosch, 7600"
21221053,Botha,Anri,2005-08-12,Female,anri.botha1053@student.example.ac.za,078 555 7068,"Room 273, Oude Molen Hall, Stellenbosch, 7600"
24689884,Engelbrecht,Thabo,2005-04-25,Male,thabo.engelbrecht9884@student.example.ac.za,084 555 5574,"131 Victoria St, Stellenbosch, 7600"
21089622,Lombard,Rohan,2006-04-12,Male,rohan.lombard9622@student.example.ac.za,072 555 9603,"Room 183, Pniel Court, Stellenbosch, 7600"
24771509,Lombard,Amahle,2007-12-14,Female,amahle.lombard1509@student.example.ac.za,083 555 0106,"Flat 15, 22 Church St, Stellenbosch, 7600"
20032150,Du Plessis,Olivia,2006-12-23,Female,olivia.duplessis2150@student.example.ac.za,081 555 3676,"91 Bird St, Stellenbosch, 7600"
24350762,Jacobs,Maya,2003-02-25,Female,maya.jacobs0762@student.example.ac.za,071 555 6223,"28 Bird St, Stellenbosch, 7600"
25879389,Mokoena,Gugu,2004-05-11,Female,gugu.mokoena9389@student.example.ac.za,082 555 4968,"Flat 25, 107 Victoria St, Stellenbosch, 7600"
20659847,Jansen,Bianca,2005-11-30,Female,bianca.jansen9847@student.example.ac.za,073 555 7789,"Room 222, Eikestad House, Stellenbosch, 7600"
27240869,Williams,Reanette,2005-09-28,Female,reanette.williams0869@student.example.ac.za,060 555 5421,"Room 223, Oude Molen Hall, Stellenbosch, 7600"
22250489,Nel,Thabo,2005-05-12,Male,thabo.nel0489@student.example.ac.za,073 555 6006,"Flat 16, 1 Banghoek Rd, Stellenbosch, 7600"
24684510,Visser,Fikile,2006-01-08,Male,fikile.visser4510@student.example.ac.za,079 555 5610,"Flat 16, 33 Adam Tas Rd, Stellenbosch, 7600"
24958518,Naidoo,Amahle,2004-10-23,Female,amahle.naidoo8518@student.example.ac.za,081 555 4380,"50 Merriman Ave, Stellenbosch, 7600"
21967370,Tshabalala,Tshepo,2005-06-27,Male,tshepo.tshabalala7370@student.example.ac.za,071 555 8749,"Flat 24, 9 Plein St, Stellenbosch, 7600"
23978257,Molefe,Rohan,2007-12-17,Male,rohan.molefe8257@student.example.ac.za,084 555 0555,"28 Plein St, Stellenbosch, 7600"
22419322,Malan,Hendrik,2005-09-09,Male,hendrik.malan9322@student.example.ac.za,073 555 6990,"Flat 22, 129 Ryneveld St, Stellenbosch, 7600"
22522274,Swanepoel,Sibusiso,2006-03-22,Male,sibusiso.swanepoel2274@student.example.ac.za,084 555 4758,"Room 339, Simonsberg House, Stellenbosch, 7600"
21214792,Radebe,Gareth,2005-03-09,Male,gareth.radebe4792@student.example.ac.za,078 555 0989,"Room 361, Pniel Court, Stellenbosch, 7600"
24628333,Jacobs,Tiaan,2004-01-30,Male,tiaan.jacobs8333@student.example.ac.za,079 555 3276,"Flat 8, 53 Ryneveld St, Stellenbosch, 7600"
22802712,Le Roux,Nomsa,2006-01-06,Female,nomsa.leroux2712@student.example.ac.za,072 555 9071,"106 Banghoek Rd, Stellenbosch, 7600"
26243595,Booysen,Carmen,2004-04-19,Female,carmen.booysen3595@student.example.ac.za,071 555 6619,"Room 261, Simonsberg House, Stellenbosch, 7600"
24624321,Mbeki,Chanel,2002-11-04,Female,chanel.mbeki4321@student.example.ac.za,083 555 9596,"Room 316, Oude Molen Hall, Stellenbosch, 7600"
23548646,Malan,Palesa,2006-07-04,Female,palesa.malan8646@student.example.ac.za,078 555 6894,"Flat 3, 69 Banghoek Rd, Stellenbosch, 7600"
22942406,Malan,Mandla,2006-08-04,Male,mandla.malan2406@student.example.ac.za,060 555 3500,"Room 318, Oude Molen Hall, Stellenbosch, 7600"
27357019,Molefe,Tshepo,2007-11-03,Male,tshepo.molefe7019@student.example.ac.za,079 555 9661,"Room 203, Bergzicht Residence, Stellenbosch, 7600"
24631577,Brits,Buhle,2006-10-15,Prefer not to say,buhle.brits1577@student.example.ac.za,076 555 8745,"115 Neethling St, Stellenbosch, 7600"
26322552,Van Wyk,Jana,2003-02-21,Female,jana.vanwyk2552@student.example.ac.za,078 555 5713,"Room 368, Bergzicht Residence, Stellenbosch, 7600"
27334814,Cele,Kai,2005-12-29,Non-binary,kai.cele4814@student.example.ac.za,081 555 2222,"Room 218, Lentelus House, Stellenbosch, 7600"
24396403,Fourie,Thandi,2007-04-08,Female,thandi.fourie6403@student.example.ac.za,083 555 4181,"Room 201, Pniel Court, Stellenbosch, 7600"
24136363,Visser,Anri,2006-05-07,Female,anri.visser6363@student.example.ac.za,078 555 4584,"Room 360, Oude Molen Hall, Stellenbosch, 7600"
27658178,Le Roux,Jaco,2006-02-12,Male,jaco.leroux8178@student.example.ac.za,060 555 5104,"Room 102, Bergzicht Residence, Stellenbosch, 7600"
25738746,Pather,Themba,2007-01-19,Male,themba.pather8746@student.example.ac.za,079 555 0644,"Flat 21, 97 Ryneveld St, Stellenbosch, 7600"
27834788,Ndlovu,Carmen,2003-04-15,Female,carmen.ndlovu4788@student.example.ac.za,084 555 9333,"130 Adam Tas Rd, Stellenbosch, 7600"
20144928,Pillay,Ian,2005-02-18,Male,ian.pillay4928@student.example.ac.za,084 555 3049,"53 Plein St, Stellenbosch, 7600"
25615019,Le Roux,Deon,2005-06-08,Male,deon.leroux5019@student.example.ac.za,071 555 3544,"Flat 10, 50 Helshoogte Rd, Stellenbosch, 7600"
22778259,Hendricks,Wian,2006-02-22,Male,wian.hendricks8259@student.example.ac.za,076 555 3153,"59 Banghoek Rd, Stellenbosch, 7600"
21099913,Fourie,Ethan,2005-02-18,Non-binary,ethan.fourie9913@student.example.ac.za,081 555 5068,"Flat 2, 117 Plein St, Stellenbosch, 7600"
25639167,Adams,Ian,2003-08-10,Male,ian.adams9167@student.example.ac.za,078 555 3188,"103 Merriman Ave, Stellenbosch, 7600"
27434185,Pillay,Zinhle,2003-02-03,Female,zinhle.pillay4185@student.example.ac.za,082 555 1276,"53 Adam Tas Rd, Stellenbosch, 7600"
21329193,Mbeki,Zoe,2004-03-03,Female,zoe.mbeki9193@student.example.ac.za,084 555 1669,"Room 168, Oude Molen Hall, Stellenbosch, 7600"
23237123,Coetzee,Hendrik,2006-11-20,Male,hendrik.coetzee7123@student.example.ac.za,071 555 7004,"Room 296, Simonsberg House, Stellenbosch, 7600"
21658652,Visser,Precious,2005-11-04,Female,precious.visser8652@student.example.ac.za,083 555 4510,"Flat 26, 5 Adam Tas Rd, Stellenbosch, 7600"
24957068,Maharaj,Rohan,2005-08-01,Male,rohan.maharaj7068@student.example.ac.za,076 555 7624,"86 Neethling St, Stellenbosch, 7600"
26569117,Pretorius,Ashwin,2005-08-31,Male,ashwin.pretorius9117@student.example.ac.za,072 555 6785,"Room 380, Oude Molen Hall, Stellenbosch, 7600"
20346270,Brits,Christiaan,2004-07-18,Male,christiaan.brits6270@student.example.ac.za,082 555 4756,"118 Victoria St, Stellenbosch, 7600"
27699655,Pillay,Ian,2007-03-27,Male,ian.pillay9655@student.example.ac.za,071 555 2847,"142 Church St, Stellenbosch, 7600"
24779632,Olivier,Sarah,2004-03-08,Female,sarah.olivier9632@student.example.ac.za,084 555 8002,"Room 378, Rozendal Lodge, Stellenbosch, 7600"
24780437,Le Roux,Zakhele,2005-08-19,Male,zakhele.leroux0437@student.example.ac.za,071 555 7241,"157 Ryneveld St, Stellenbosch, 7600"
21323975,Steyn,Elri,2004-09-18,Female,elri.steyn3975@student.example.ac.za,083 555 8948,"Flat 21, 39 Ryneveld St, Stellenbosch, 7600"
21233024,Lombard,Faith,2001-08-06,Female,faith.lombard3024@student.example.ac.za,079 555 9177,"Room 261, Pniel Court, Stellenbosch, 7600"
21633380,Williams,Hannah,2003-10-04,Female,hannah.williams3380@student.example.ac.za,081 555 6404,"Flat 3, 71 Bird St, Stellenbosch, 7600"
27861866,Jacobs,Sibusiso,2005-09-03,Male,sibusiso.jacobs1866@student.example.ac.za,084 555 2851,"Room 158, Eikestad House, Stellenbosch, 7600"
22662860,Botha,Gareth,2003-03-30,Male,gareth.botha2860@student.example.ac.za,076 555 0756,"Room 295, Simonsberg House, Stellenbosch, 7600"
25100515,Williams,Sarah,2001-08-03,Female,sarah.williams0515@student.example.ac.za,073 555 2246,"Room 227, Lentelus House, Stellenbosch, 7600"
21416202,Xaba,Christiaan,2004-02-03,Male,christiaan.xaba6202@student.example.ac.za,076 555 0235,"29 Neethling St, Stellenbosch, 7600"
26832612,Zulu,Palesa,2005-07-03,Female,palesa.zulu2612@student.example.ac.za,060 555 1414,"Flat 23, 56 Bird St, Stellenbosch, 7600"
20082740,Brits,Sarah,2005-04-23,Female,sarah.brits2740@student.example.ac.za,083 555 6386,"Room 354, Kruispad Hall, Stellenbosch, 7600"
24240299,Lombard,Brandon,2005-10-29,Male,brandon.lombard0299@student.example.ac.za,079 555 3045,"23 Adam Tas Rd, Stellenbosch, 7600"
21690289,Booysen,Maya,2004-05-12,Female,maya.booysen0289@student.example.ac.za,084 555 1911,"Room 303, Lentelus House, Stellenbosch, 7600"
22571860,Khumalo,Imaan,2006-07-27,Female,imaan.khumalo1860@student.example.ac.za,073 555 1303,"Flat 19, 27 Ryneveld St, Stellenbosch, 7600"
25966681,Botha,Gugu,2003-01-10,Female,gugu.botha6681@student.example.ac.za,079 555 2293,"Room 213, Simonsberg House, Stellenbosch, 7600"
21205669,Jansen,Karabo,2004-11-16,Female,karabo.jansen5669@student.example.ac.za,081 555 7206,"Room 315, Lentelus House, Stellenbosch, 7600"
26003487,Hendricks,Liezl,2004-04-12,Female,liezl.hendricks3487@student.example.ac.za,081 555 0429,"Room 129, Oude Molen Hall, Stellenbosch, 7600"
23346230,Tshabalala,Tiaan,2001-07-08,Male,tiaan.tshabalala6230@student.example.ac.za,082 555 4990,"Room 169, Eikestad House, Stellenbosch, 7600"
24091704,Venter,Kayla,2003-10-05,Female,kayla.venter1704@student.example.ac.za,081 555 4356,"Flat 17, 33 Church St, Stellenbosch, 7600"
21204345,Booysen,Lerato,2000-07-15,Female,lerato.booysen4345@student.example.ac.za,079 555 7252,"Room 369, Pniel Court, Stellenbosch, 7600"
20188144,Jacobs,Amahle,2001-11-30,Female,amahle.jacobs8144@student.example.ac.za,084 555 6329,"130 Merriman Ave, Stellenbosch, 7600"
21913942,Molefe,Buhle,2008-03-29,Female,buhle.molefe3942@student.example.ac.za,079 555 9292,"Flat 13, 158 Ryneveld St, Stellenbosch, 7600"
22289121,Engelbrecht,Zinhle,2002-09-06,Female,zinhle.engelbrecht9121@student.example.ac.za,078 555 0303,"144 Andringa St, Stellenbosch, 7600"
20814402,Jacobs,Jana,2006-09-18,Female,jana.jacobs4402@student.example.ac.za,071 555 6153,"108 Andringa St, Stellenbosch, 7600"
23940371,Maharaj,Chloe,2005-04-12,Female,chloe.maharaj0371@student.example.ac.za,078 555 4046,"103 Victoria St, Stellenbosch, 7600"
26301503,Van Wyk,Zanele,2005-11-14,Female,zanele.vanwyk1503@student.example.ac.za,076 555 4849,"Room 279, Oude Molen Hall, Stellenbosch, 7600"
22377954,Brits,Tumelo,2007-07-22,Female,tumelo.brits7954@student.example.ac.za,073 555 1821,"Flat 19, 143 Neethling St, Stellenbosch, 7600"
20949007,Visser,Daniel,2006-03-25,Male,daniel.visser9007@student.example.ac.za,082 555 0522,"Room 359, Rozendal Lodge, Stellenbosch, 7600"
21790673,Nel,Palesa,2005-11-25,Female,palesa.nel0673@student.example.ac.za,083 555 5104,"Room 269, Eikestad House, Stellenbosch, 7600"
23034898,Mahlangu,Yusuf,2004-11-07,Male,yusuf.mahlangu4898@student.example.ac.za,071 555 1305,"Room 332, Rozendal Lodge, Stellenbosch, 7600"
25996196,Pather,Nomsa,2005-08-11,Female,nomsa.pather6196@student.example.ac.za,083 555 3185,"Room 328, Rozendal Lodge, Stellenbosch, 7600"
26627034,Coetzee,Megan,2005-12-01,Female,megan.coetzee7034@student.example.ac.za,082 555 1782,"Flat 25, 18 Merriman Ave, Stellenbosch, 7600"
26478998,Petersen,Zanele,2004-06-06,Female,zanele.petersen8998@student.example.ac.za,072 555 4732,"95 Banghoek Rd, Stellenbosch, 7600"
26818217,Govender,Francois,2007-12-12,Male,francois.govender8217@student.example.ac.za,073 555 7037,"92 Merriman Ave, Stellenbosch, 7600"
24319451,Malan,Fatima,2006-02-18,Female,fatima.malan9451@student.example.ac.za,071 555 5589,"Room 175, Bergzicht Residence, Stellenbosch, 7600"
24730873,Kruger,Bianca,2006-06-04,Female,bianca.kruger0873@student.example.ac.za,072 555 6548,"123 Ryneveld St, Stellenbosch, 7600"
22022655,Coetzee,Jana,2005-03-15,Female,jana.coetzee2655@student.example.ac.za,078 555 6320,"6 Dorp St, Stellenbosch, 7600"
25812165,Fourie,Emma,2006-12-15,Female,emma.fourie2165@student.example.ac.za,071 555 8199,"Flat 17, 15 Victoria St, Stellenbosch, 7600"
25438552,Fourie,Jason,2003-12-28,Male,jason.fourie8552@student.example.ac.za,071 555 6152,"135 Helshoogte Rd, Stellenbosch, 7600"
27571021,Mahlangu,Brandon,2007-08-08,Male,brandon.mahlangu1021@student.example.ac.za,071 555 6875,"Flat 23, 66 Church St, Stellenbosch, 7600"
25368127,Engelbrecht,Anri,2004-08-02,Female,anri.engelbrecht8127@student.example.ac.za,076 555 4668,"Room 182, Kruispad Hall, Stellenbosch, 7600"
27216891,Fourie,Fikile,2008-07-14,Male,fikile.fourie6891@student.example.ac.za,076 555 5513,"48 Merriman Ave, Stellenbosch, 7600"
26863393,Petersen,Xolani,2004-01-31,Male,xolani.petersen3393@student.example.ac.za,078 555 1083,"Flat 24, 137 Merriman Ave, Stellenbosch, 7600"
25000112,Govender,Zoe,2004-01-13,Female,zoe.govender0112@student.example.ac.za,081 555 1727,"Room 158, Pniel Court, Stellenbosch, 7600"
26363429,Visser,Naledi,2005-02-07,Female,naledi.visser3429@student.example.ac.za,078 555 3900,"Flat 6, 116 Church St, Stellenbosch, 7600"
20185524,Maharaj,Hendrik,2004-12-18,Male,hendrik.maharaj5524@student.example.ac.za,084 555 7836,"54 Church St, Stellenbosch, 7600"
20068166,Khumalo,Neo,2005-10-20,Male,neo.khumalo8166@student.example.ac.za,072 555 0873,"130 Banghoek Rd, Stellenbosch, 7600"
27983623,Coetzee,Megan,2005-02-24,Female,megan.coetzee3623@student.example.ac.za,071 555 1574,"Flat 7, 147 Victoria St, Stellenbosch, 7600"
26548576,Cele,Maya,2004-06-06,Female,maya.cele8576@student.example.ac.za,071 555 9233,"Flat 13, 76 Merriman Ave, Stellenbosch, 7600"
23873995,Williams,Deon,2006-06-11,Male,deon.williams3995@student.example.ac.za,084 555 6598,"20 Bird St, Stellenbosch, 7600"
25839137,Botha,Lerato,2005-08-27,Female,lerato.botha9137@student.example.ac.za,084 555 1172,"122 Bird St, Stellenbosch, 7600"
22544208,Olivier,Ian,2002-03-12,Male,ian.olivier4208@student.example.ac.za,084 555 1595,"Room 203, Lentelus House, Stellenbosch, 7600"
23961330,Mahlangu,Pieter,2005-07-27,Male,pieter.mahlangu1330@student.example.ac.za,083 555 5418,"Room 247, Lentelus House, Stellenbosch, 7600"
27536311,Govender,Liam,2007-01-15,Male,liam.govender6311@student.example.ac.za,060 555 3847,"Room 306, Eikestad House, Stellenbosch, 7600"
24939391,Brits,Jana,2005-02-18,Female,jana.brits9391@student.example.ac.za,078 555 3003,"30 Adam Tas Rd, Stellenbosch, 7600"
21619373,Lombard,Daniel,2006-01-22,Male,daniel.lombard9373@student.example.ac.za,079 555 1082,"Room 337, Simonsberg House, Stellenbosch, 7600"
23464313,Botha,Jason,2004-03-30,Male,jason.botha4313@student.example.ac.za,081 555 2401,"100 Helshoogte Rd, Stellenbosch, 7600"
24683922,Molefe,Olivia,2008-04-18,Female,olivia.molefe3922@student.example.ac.za,078 555 8868,"2 Bird St, Stellenbosch, 7600"
23351409,Khumalo,Palesa,2002-04-21,Female,palesa.khumalo1409@student.example.ac.za,082 555 1988,"Flat 8, 99 Neethling St, Stellenbosch, 7600"
24709907,Radebe,Rohan,2004-05-17,Male,rohan.radebe9907@student.example.ac.za,073 555 0835,"Flat 15, 86 Plein St, Stellenbosch, 7600"
20574600,Sithole,Jana,2003-06-22,Female,jana.sithole4600@student.example.ac.za,073 555 4687,"Room 365, Rozendal Lodge, Stellenbosch, 7600"
26829135,Coetzee,Tumelo,2007-05-15,Female,tumelo.coetzee9135@student.example.ac.za,081 555 4346,"Room 283, Bergzicht Residence, Stellenbosch, 7600"
25580691,Fourie,Jaco,2001-10-31,Male,jaco.fourie0691@student.example.ac.za,078 555 6157,"Flat 10, 33 Ryneveld St, Stellenbosch, 7600"
25501260,Naidoo,Lungile,2007-10-11,Male,lungile.naidoo1260@student.example.ac.za,079 555 5152,"Room 181, Kruispad Hall, Stellenbosch, 7600"
27629621,Olivier,Riaan,2003-09-28,Male,riaan.olivier9621@student.example.ac.za,083 555 4465,"83 Andringa St, Stellenbosch, 7600"
21574192,Jacobs,Mpho,2001-07-06,Male,mpho.jacobs4192@student.example.ac.za,079 555 4420,"Room 195, Simonsberg House, Stellenbosch, 7600"
22950838,Nkosi,Palesa,2006-03-20,Female,palesa.nkosi0838@student.example.ac.za,072 555 9755,"83 Merriman Ave, Stellenbosch, 7600"
23436589,Mbeki,Brandon,2006-06-04,Male,brandon.mbeki6589@student.example.ac.za,082 555 0474,"Room 257, Rozendal Lodge, Stellenbosch, 7600"
23086633,Ndlovu,Lungile,2006-03-20,Male,lungile.ndlovu6633@student.example.ac.za,078 555 6068,"Room 392, Bergzicht Residence, Stellenbosch, 7600"
24465538,Mbeki,Rohan,2006-05-10,Male,rohan.mbeki5538@student.example.ac.za,073 555 4706,"Flat 7, 28 Ryneveld St, Stellenbosch, 7600"
25825660,Williams,Pieter,2005-05-22,Male,pieter.williams5660@student.example.ac.za,072 555 1875,"Room 387, Rozendal Lodge, Stellenbosch, 7600"
22048051,Naidoo,Bianca,2004-08-19,Female,bianca.naidoo8051@student.example.ac.za,084 555 4542,"Room 254, Kruispad Hall, Stellenbosch, 7600"
27382951,Naidoo,Nkosana,2005-11-19,Male,nkosana.naidoo2951@student.example.ac.za,079 555 2271,"Room 253, Kruispad Hall, Stellenbosch, 7600"
21477589,Le Roux,Carmen,2006-05-27,Female,carmen.leroux7589@student.example.ac.za,082 555 3397,"Room 258, Pniel Court, Stellenbosch, 7600"
27389687,Jansen,Liam,2007-06-17,Male,liam.jansen9687@student.example.ac.za,079 555 9114,"Room 348, Pniel Court, Stellenbosch, 7600"
22317655,Ndlovu,Tshepo,2006-04-16,Male,tshepo.ndlovu7655@student.example.ac.za,060 555 0329,"68 Adam Tas Rd, Stellenbosch, 7600"
22085134,Smit,Thabo,2007-07-23,Male,thabo.smit5134@student.example.ac.za,060 555 9264,"40 Helshoogte Rd, Stellenbosch, 7600"
27304115,Steyn,Jaco,2007-07-17,Male,jaco.steyn4115@student.example.ac.za,079 555 0454,"74 Adam Tas Rd, Stellenbosch, 7600"
23002092,Zulu,Buhle,2003-06-03,Prefer not to say,buhle.zulu2092@student.example.ac.za,081 555 6008,"Room 128, Pniel Court, Stellenbosch, 7600"
22476833,Lombard,Bianca,2006-04-12,Female,bianca.lombard6833@student.example.ac.za,060 555 5648,"Room 138, Oude Molen Hall, Stellenbosch, 7600"
21805712,Meyer,Gareth,2007-12-02,Male,gareth.meyer5712@student.example.ac.za,083 555 3532,"Flat 7, 40 Merriman Ave, Stellenbosch, 7600"
22954453,Du Plessis,Sarah,2002-05-15,Female,sarah.duplessis4453@student.example.ac.za,083 555 5454,"90 Merriman Ave, Stellenbosch, 7600"
22900731,Jacobs,Deon,2006-10-04,Non-binary,deon.jacobs0731@student.example.ac.za,084 555 4441,"Flat 12, 146 Dorp St, Stellenbosch, 7600"
25806430,Brits,Thabo,2005-08-02,Male,thabo.brits6430@student.example.ac.za,082 555 9317,"Room 302, Eikestad House, Stellenbosch, 7600"
27188625,Dlamini,Jason,2007-11-25,Male,jason.dlamini8625@student.example.ac.za,082 555 2360,"123 Helshoogte Rd, Stellenbosch, 7600"
25593419,Maharaj,Fatima,2005-06-22,Female,fatima.maharaj3419@student.example.ac.za,076 555 0107,"Room 192, Bergzicht Residence, Stellenbosch, 7600"
24847799,Meyer,Liezl,2004-03-01,Female,liezl.meyer7799@student.example.ac.za,060 555 1094,"Room 388, Lentelus House, Stellenbosch, 7600"
21079634,Swanepoel,Tshepo,2006-06-27,Male,tshepo.swanepoel9634@student.example.ac.za,081 555 7885,"73 Dorp St, Stellenbosch, 7600"
26983474,Zulu,Xolani,2004-07-25,Male,xolani.zulu3474@student.example.ac.za,079 555 6984,"146 Helshoogte Rd, Stellenbosch, 7600"
22308456,Khumalo,Kabelo,2006-06-23,Male,kabelo.khumalo8456@student.example.ac.za,071 555 1826,"Room 396, Oude Molen Hall, Stellenbosch, 7600"
22979134,Naidoo,Gugu,2005-04-16,Female,gugu.naidoo9134@student.example.ac.za,081 555 7676,"126 Merriman Ave, Stellenbosch, 7600"
21984583,Lombard,Riaan,2007-09-07,Male,riaan.lombard4583@student.example.ac.za,082 555 8430,"131 Helshoogte Rd, Stellenbosch, 7600"
25107021,Cele,Thabo,2001-11-02,Male,thabo.cele7021@student.example.ac.za,083 555 5164,"Room 174, Kruispad Hall, Stellenbosch, 7600"
27502376,Adams,Jason,2007-07-11,Male,jason.adams2376@student.example.ac.za,073 555 5026,"128 Plein St, Stellenbosch, 7600"
24747826,Sithole,Deon,2006-08-16,Male,deon.sithole7826@student.example.ac.za,081 555 1619,"Room 145, Rozendal Lodge, Stellenbosch, 7600"
27237987,Visser,Zakhele,2005-09-17,Male,zakhele.visser7987@student.example.ac.za,083 555 3206,"Room 271, Oude Molen Hall, Stellenbosch, 7600"
23986587,Van der Merwe,Bheki,2005-06-14,Male,bheki.vandermerwe6587@student.example.ac.za,076 555 0354,"Room 225, Eikestad House, Stellenbosch, 7600"
26763105,Govender,Palesa,2003-03-11,Female,palesa.govender3105@student.example.ac.za,071 555 0901,"149 Merriman Ave, Stellenbosch, 7600"
20262889,Van der Merwe,Lindiwe,2005-07-02,Female,lindiwe.vandermerwe2889@student.example.ac.za,076 555 5057,"Room 359, Eikestad House, Stellenbosch, 7600"
23404234,Ndlovu,Nkosana,2003-07-11,Male,nkosana.ndlovu4234@student.example.ac.za,079 555 7625,"Room 411, Bergzicht Residence, Stellenbosch, 7600"
26635568,Jacobs,Anri,2002-10-10,Female,anri.jacobs5568@student.example.ac.za,079 555 0274,"Room 129, Rozendal Lodge, Stellenbosch, 7600"
20563914,Nkosi,Gugu,2008-06-09,Female,gugu.nkosi3914@student.example.ac.za,072 555 0205,"9 Adam Tas Rd, Stellenbosch, 7600"
23290564,Jansen,Ashwin,2006-11-12,Male,ashwin.jansen0564@student.example.ac.za,060 555 6920,"Flat 10, 79 Helshoogte Rd, Stellenbosch, 7600"
27628804,Petersen,Bheki,2004-02-26,Male,bheki.petersen8804@student.example.ac.za,076 555 3039,"82 Neethling St, Stellenbosch, 7600"
25934360,Swanepoel,Zinhle,2005-03-28,Female,zinhle.swanepoel4360@student.example.ac.za,081 555 6309,"Room 345, Oude Molen Hall, Stellenbosch, 7600"
20486664,Xaba,Tumelo,2003-09-30,Female,tumelo.xaba6664@student.example.ac.za,078 555 9341,"Flat 9, 99 Helshoogte Rd, Stellenbosch, 7600"
27406635,Mokoena,Carmen,2005-10-07,Female,carmen.mokoena6635@student.example.ac.za,073 555 6724,"135 Andringa St, Stellenbosch, 7600"
23533621,Cele,Imaan,2005-07-10,Female,imaan.cele3621@student.example.ac.za,071 555 2757,"Room 149, Lentelus House, Stellenbosch, 7600"
23022434,Molefe,Buhle,2004-11-19,Female,buhle.molefe2434@student.example.ac.za,071 555 0645,"Room 371, Simonsberg House, Stellenbosch, 7600"
25117854,Williams,Sarah,2006-06-16,Female,sarah.williams7854@student.example.ac.za,078 555 4352,"Room 136, Rozendal Lodge, Stellenbosch, 7600"
27693845,Naidoo,Callum,2005-01-25,Male,callum.naidoo3845@student.example.ac.za,081 555 2795,"Flat 18, 112 Banghoek Rd, Stellenbosch, 7600"
24800936,Nel,Emma,2007-04-18,Female,emma.nel0936@student.example.ac.za,060 555 7503,"Room 185, Oude Molen Hall, Stellenbosch, 7600"
27710415,Engelbrecht,Bianca,2004-05-25,Non-binary,bianca.engelbrecht0415@student.example.ac.za,078 555 2076,"Flat 10, 100 Helshoogte Rd, Stellenbosch, 7600"
27785677,Nel,Lerato,2003-07-03,Female,lerato.nel5677@student.example.ac.za,083 555 0752,"Flat 14, 123 Banghoek Rd, Stellenbosch, 7600"
20711605,Engelbrecht,Carmen,2006-12-11,Female,carmen.engelbrecht1605@student.example.ac.za,084 555 7144,"Room 289, Pniel Court, Stellenbosch, 7600"
27994511,Venter,Nomsa,2003-03-30,Female,nomsa.venter4511@student.example.ac.za,084 555 3536,"Room 152, Pniel Court, Stellenbosch, 7600"
21564756,Mokoena,Liezl,2005-10-27,Female,liezl.mokoena4756@student.example.ac.za,078 555 5307,"15 Dorp St, Stellenbosch, 7600"
27359904,Molefe,Yusuf,2003-10-07,Male,yusuf.molefe9904@student.example.ac.za,081 555 9401,"Room 324, Rozendal Lodge, Stellenbosch, 7600"
23449469,Nel,Anele,2002-10-08,Female,anele.nel9469@student.example.ac.za,071 555 5808,"Room 365, Eikestad House, Stellenbosch, 7600"
21089119,Mokoena,Tumelo,2002-08-11,Female,tumelo.mokoena9119@student.example.ac.za,084 555 2280,"144 Plein St, Stellenbosch, 7600"
26813727,Venter,Fikile,2002-08-17,Male,fikile.venter3727@student.example.ac.za,079 555 4956,"48 Plein St, Stellenbosch, 7600"
23554585,Kruger,Kabelo,2007-12-26,Male,kabelo.kruger4585@student.example.ac.za,076 555 2626,"Flat 21, 86 Victoria St, Stellenbosch, 7600"
25713139,Mbeki,Chanel,2006-07-31,Female,chanel.mbeki3139@student.example.ac.za,081 555 2243,"Flat 20, 5 Victoria St, Stellenbosch, 7600"
20155970,Mahlangu,Ashwin,2006-02-07,Male,ashwin.mahlangu5970@student.example.ac.za,076 555 8737,"Room 370, Pniel Court, Stellenbosch, 7600"
25545054,Radebe,Chloe,2004-10-20,Female,chloe.radebe5054@student.example.ac.za,083 555 1297,"87 Andringa St, Stellenbosch, 7600"
26376134,Meyer,Gareth,2006-11-28,Male,gareth.meyer6134@student.example.ac.za,073 555 2261,"72 Ryneveld St, Stellenbosch, 7600"
26151136,Williams,Faith,2006-01-09,Female,faith.williams1136@student.example.ac.za,081 555 2645,"Room 306, Eikestad House, Stellenbosch, 7600"
23301148,Xaba,Anele,2004-09-01,Female,anele.xaba1148@student.example.ac.za,060 555 9174,"124 Church St, Stellenbosch, 7600"
22531214,Olivier,Zinhle,2007-05-05,Female,zinhle.olivier1214@student.example.ac.za,076 555 6345,"89 Church St, Stellenbosch, 7600"
20865687,Nkosi,Brandon,2004-04-10,Male,brandon.nkosi5687@student.example.ac.za,073 555 2428,"Room 353, Bergzicht Residence, Stellenbosch, 7600"
24709262,Khumalo,Chloe,2000-06-08,Female,chloe.khumalo9262@student.example.ac.za,076 555 5500,"Room 126, Eikestad House, Stellenbosch, 7600"
24858386,Smit,Zanele,2005-10-28,Female,zanele.smit8386@student.example.ac.za,060 555 7493,"97 Merriman Ave, Stellenbosch, 7600"
23281442,Malan,Tumelo,2005-06-03,Female,tumelo.malan1442@student.example.ac.za,084 555 1443,"Room 310, Lentelus House, Stellenbosch, 7600"
25498854,Olivier,Zanele,2006-02-24,Female,zanele.olivier8854@student.example.ac.za,071 555 2691,"Room 121, Rozendal Lodge, Stellenbosch, 7600"
25731397,Zulu,Amahle,2004-04-09,Female,amahle.zulu1397@student.example.ac.za,079 555 7513,"Flat 12, 132 Bird St, Stellenbosch, 7600"
25341815,Smit,Palesa,2006-08-26,Female,palesa.smit1815@student.example.ac.za,082 555 8992,"Room 402, Lentelus House, Stellenbosch, 7600"
20793935,Williams,Olivia,2004-01-21,Female,olivia.williams3935@student.example.ac.za,071 555 2238,"16 Dorp St, Stellenbosch, 7600"
21874261,Pillay,Callum,2006-10-16,Male,callum.pillay4261@student.example.ac.za,073 555 2877,"Room 130, Lentelus House, Stellenbosch, 7600"
25742846,Pretorius,Mandla,2007-09-27,Male,mandla.pretorius2846@student.example.ac.za,081 555 1611,"Room 139, Oude Molen Hall, Stellenbosch, 7600"
23459057,Botha,Kayla,2003-10-02,Female,kayla.botha9057@student.example.ac.za,073 555 6844,"Flat 27, 86 Church St, Stellenbosch, 7600"
23066245,Venter,Zanele,2002-12-18,Female,zanele.venter6245@student.example.ac.za,078 555 3764,"10 Andringa St, Stellenbosch, 7600"
24914662,Engelbrecht,Anri,2005-03-24,Female,anri.engelbrecht4662@student.example.ac.za,072 555 2350,"Room 190, Eikestad House, Stellenbosch, 7600"
21150348,Coetzee,Gugu,2003-05-13,Female,gugu.coetzee0348@student.example.ac.za,073 555 2240,"Flat 8, 151 Dorp St, Stellenbosch, 7600"
21760045,Visser,Riaan,2007-03-01,Male,riaan.visser0045@student.example.ac.za,078 555 5250,"Flat 23, 113 Adam Tas Rd, Stellenbosch, 7600"
25085991,Fourie,Zakhele,2005-04-28,Male,zakhele.fourie5991@student.example.ac.za,081 555 0325,"Flat 7, 4 Victoria St, Stellenbosch, 7600"
26706027,Fourie,Gugu,2006-12-06,Female,gugu.fourie6027@student.example.ac.za,071 555 4074,"Room 340, Oude Molen Hall, Stellenbosch, 7600"
24162309,Nkosi,Fikile,2003-10-31,Male,fikile.nkosi2309@student.example.ac.za,083 555 4511,"77 Plein St, Stellenbosch, 7600"
25772423,Steyn,Reanette,2006-10-14,Female,reanette.steyn2423@student.example.ac.za,072 555 6826,"Room 111, Simonsberg House, Stellenbosch, 7600"
20852048,Cele,Themba,2005-08-28,Male,themba.cele2048@student.example.ac.za,060 555 0707,"91 Dorp St, Stellenbosch, 7600"
24021681,Malan,Fatima,2007-08-08,Female,fatima.malan1681@student.example.ac.za,071 555 3729,"Room 166, Kruispad Hall, Stellenbosch, 7600"
21446989,Pretorius,Thandi,2006-12-05,Female,thandi.pretorius6989@student.example.ac.za,079 555 3968,"Room 310, Oude Molen Hall, Stellenbosch, 7600"
22241676,Malan,Chanel,2002-08-04,Female,chanel.malan1676@student.example.ac.za,072 555 6585,"Flat 8, 153 Plein St, Stellenbosch, 7600"
20685416,Venter,Andile,2005-11-14,Male,andile.venter5416@student.example.ac.za,072 555 5879,"Room 377, Oude Molen Hall, Stellenbosch, 7600"
27505658,Olivier,Faith,2004-04-04,Female,faith.olivier5658@student.example.ac.za,060 555 8840,"113 Bird St, Stellenbosch, 7600"
27833021,Mahlangu,Zanele,2006-04-14,Female,zanele.mahlangu3021@student.example.ac.za,073 555 0410,"Flat 12, 122 Victoria St, Stellenbosch, 7600"
25344566,Pather,Sibusiso,2006-07-28,Male,sibusiso.pather4566@student.example.ac.za,076 555 7888,"Room 206, Simonsberg House, Stellenbosch, 7600"
24675300,Visser,Xolani,2004-11-01,Male,xolani.visser5300@student.example.ac.za,078 555 8153,"Flat 10, 157 Ryneveld St, Stellenbosch, 7600"
27005522,Le Roux,Noa,2006-01-13,Non-binary,noa.leroux5522@student.example.ac.za,060 555 1830,"72 Ryneveld St, Stellenbosch, 7600"
25348155,Mokoena,Jana,2007-12-17,Female,jana.mokoena8155@student.example.ac.za,079 555 6926,"Room 164, Kruispad Hall, Stellenbosch, 7600"
26295504,Nkosi,Lerato,2005-03-03,Female,lerato.nkosi5504@student.example.ac.za,083 555 1736,"Flat 11, 79 Helshoogte Rd, Stellenbosch, 7600"
23101950,Olivier,Mandla,2005-06-08,Male,mandla.olivier1950@student.example.ac.za,072 555 4073,"85 Neethling St, Stellenbosch, 7600"
23009249,Engelbrecht,Neo,2005-07-30,Male,neo.engelbrecht9249@student.example.ac.za,081 555 3629,"Flat 24, 5 Merriman Ave, Stellenbosch, 7600"
20530188,Govender,Tiaan,2005-10-25,Male,tiaan.govender0188@student.example.ac.za,072 555 0192,"85 Ryneveld St, Stellenbosch, 7600"
25340546,Dlamini,Anele,2007-02-08,Female,anele.dlamini0546@student.example.ac.za,073 555 6402,"121 Plein St, Stellenbosch, 7600"
22452185,Van der Merwe,Ashwin,2006-08-17,Male,ashwin.vandermerwe2185@student.example.ac.za,079 555 4740,"Room 135, Kruispad Hall, Stellenbosch, 7600"
20757569,Du Plessis,Tumelo,2005-04-10,Female,tumelo.duplessis7569@student.example.ac.za,078 555 5147,"Flat 24, 125 Ryneveld St, Stellenbosch, 7600"
24554238,Sithole,Karabo,2003-05-04,Female,karabo.sithole4238@student.example.ac.za,079 555 5234,"Room 222, Rozendal Lodge, Stellenbosch, 7600"
21188237,Xaba,Yusuf,2004-01-20,Male,yusuf.xaba8237@student.example.ac.za,083 555 5263,"86 Dorp St, Stellenbosch, 7600"
21982111,Molefe,Reanette,2006-02-02,Female,reanette.molefe2111@student.example.ac.za,079 555 1043,"53 Helshoogte Rd, Stellenbosch, 7600"
24808902,Malan,Thandi,2007-02-03,Female,thandi.malan8902@student.example.ac.za,076 555 5634,"Room 186, Bergzicht Residence, Stellenbosch, 7600"
23591859,Tshabalala,Lindiwe,2003-02-27,Female,lindiwe.tshabalala1859@student.example.ac.za,072 555 3039,"Flat 17, 104 Bird St, Stellenbosch, 7600"
26110310,Engelbrecht,Maya,2005-10-15,Female,maya.engelbrecht0310@student.example.ac.za,073 555 6758,"Room 291, Rozendal Lodge, Stellenbosch, 7600"
21448797,Van Wyk,Liam,2005-02-08,Male,liam.vanwyk8797@student.example.ac.za,072 555 4554,"Room 334, Oude Molen Hall, Stellenbosch, 7600"
23974170,Mokoena,Fatima,2006-04-14,Female,fatima.mokoena4170@student.example.ac.za,072 555 9929,"Room 325, Pniel Court, Stellenbosch, 7600"
27576231,Van der Merwe,Aisha,2006-01-09,Female,aisha.vandermerwe6231@student.example.ac.za,082 555 7750,"155 Neethling St, Stellenbosch, 7600"
27607101,Du Plessis,Zanele,2006-06-24,Female,zanele.duplessis7101@student.example.ac.za,060 555 0840,"Room 210, Lentelus House, Stellenbosch, 7600"
26905229,Coetzee,Anri,2002-09-26,Female,anri.coetzee5229@student.example.ac.za,073 555 5861,"Room 213, Rozendal Lodge, Stellenbosch, 7600"
26864881,Pather,Fikile,2005-01-29,Male,fikile.pather4881@student.example.ac.za,082 555 5404,"94 Helshoogte Rd, Stellenbosch, 7600"
24237454,Mbeki,Daniel,2005-07-03,Male,daniel.mbeki7454@student.example.ac.za,060 555 1033,"Room 120, Rozendal Lodge, Stellenbosch, 7600"
24473976,Pretorius,Zinhle,2004-03-23,Female,zinhle.pretorius3976@student.example.ac.za,081 555 0110,"69 Dorp St, Stellenbosch, 7600"
20325460,Mbeki,Emma,2006-11-16,Female,emma.mbeki5460@student.example.ac.za,084 555 2829,"Flat 6, 159 Ryneveld St, Stellenbosch, 7600"
24074030,Pather,Callum,2004-06-15,Male,callum.pather4030@student.example.ac.za,071 555 6373,"Room 416, Oude Molen Hall, Stellenbosch, 7600"
23327868,Le Roux,Bianca,2004-10-08,Female,bianca.leroux7868@student.example.ac.za,081 555 3480,"70 Banghoek Rd, Stellenbosch, 7600"
27471378,Steyn,Buhle,2007-11-14,Female,buhle.steyn1378@student.example.ac.za,084 555 1533,"Flat 18, 87 Merriman Ave, Stellenbosch, 7600"
25184794,Cele,Brandon,2002-10-16,Male,brandon.cele4794@student.example.ac.za,082 555 4769,"Room 354, Pniel Court, Stellenbosch, 7600"
22967415,Mahlangu,Tshepo,2005-07-12,Male,tshepo.mahlangu7415@student.example.ac.za,081 555 9330,"Room 225, Oude Molen Hall, Stellenbosch, 7600"
22506918,Naidoo,Thandi,2007-06-23,Female,thandi.naidoo6918@student.example.ac.za,083 555 3949,"Flat 15, 41 Adam Tas Rd, Stellenbosch, 7600"
22650045,Mokoena,Kabelo,2004-03-21,Male,kabelo.mokoena0045@student.example.ac.za,078 555 6401,"Room 417, Oude Molen Hall, Stellenbosch, 7600"
27106017,Meyer,Buhle,2004-06-28,Female,buhle.meyer6017@student.example.ac.za,076 555 5809,"Room 334, Rozendal Lodge, Stellenbosch, 7600"
20481806,Pretorius,Amahle,2005-03-03,Female,amahle.pretorius1806@student.example.ac.za,081 555 4083,"78 Victoria St, Stellenbosch, 7600"
27444181,Booysen,Xolani,2005-01-23,Male,xolani.booysen4181@student.example.ac.za,071 555 5949,"125 Dorp St, Stellenbosch, 7600"
21830356,Adams,Jaco,2004-06-11,Male,jaco.adams0356@student.example.ac.za,083 555 2667,"140 Victoria St, Stellenbosch, 7600"
24550158,Fourie,Francois,2006-03-22,Male,francois.fourie0158@student.example.ac.za,076 555 1907,"Flat 25, 16 Plein St, Stellenbosch, 7600"
27833150,Sithole,Precious,2005-06-18,Female,precious.sithole3150@student.example.ac.za,078 555 5179,"48 Neethling St, Stellenbosch, 7600"
25897518,Pillay,Gugu,2004-10-01,Female,gugu.pillay7518@student.example.ac.za,076 555 2860,"Room 399, Bergzicht Residence, Stellenbosch, 7600"
26123066,Khumalo,Tumelo,2001-08-28,Female,tumelo.khumalo3066@student.example.ac.za,073 555 8849,"7 Merriman Ave, Stellenbosch, 7600"
25984918,Khumalo,Fatima,2004-03-13,Female,fatima.khumalo4918@student.example.ac.za,072 555 9050,"98 Adam Tas Rd, Stellenbosch, 7600"
20544802,Cele,Maya,2003-09-19,Female,maya.cele4802@student.example.ac.za,060 555 8724,"86 Helshoogte Rd, Stellenbosch, 7600"
24431982,Sithole,Yusuf,2007-10-04,Male,yusuf.sithole1982@student.example.ac.za,072 555 2089,"159 Banghoek Rd, Stellenbosch, 7600"
23099193,Malan,Mpho,2002-09-07,Male,mpho.malan9193@student.example.ac.za,083 555 5379,"Room 250, Bergzicht Residence, Stellenbosch, 7600"
21979250,Pather,Rohan,2002-01-08,Male,rohan.pather9250@student.example.ac.za,076 555 8509,"Room 134, Kruispad Hall, Stellenbosch, 7600"
23237610,Brits,Hendrik,2002-10-02,Male,hendrik.brits7610@student.example.ac.za,081 555 1735,"Flat 19, 62 Church St, Stellenbosch, 7600"
26633592,Coetzee,Emma,2005-09-14,Female,emma.coetzee3592@student.example.ac.za,072 555 5632,"Room 219, Rozendal Lodge, Stellenbosch, 7600"
20021915,Swanepoel,Emma,2004-02-28,Female,emma.swanepoel1915@student.example.ac.za,082 555 5380,"130 Plein St, Stellenbosch, 7600"
20506219,Kruger,Nomsa,2006-12-24,Female,nomsa.kruger6219@student.example.ac.za,083 555 4876,"Room 169, Kruispad Hall, Stellenbosch, 7600"
24467138,Pretorius,Karabo,2008-07-07,Female,karabo.pretorius7138@student.example.ac.za,078 555 7161,"Room 330, Kruispad Hall, Stellenbosch, 7600"
22042072,Coetzee,Precious,2006-03-02,Female,precious.coetzee2072@student.example.ac.za,084 555 1911,"Room 107, Kruispad Hall, Stellenbosch, 7600"
24475075,Nel,Chloe,2005-04-15,Non-binary,chloe.nel5075@student.example.ac.za,082 555 8117,"Room 227, Simonsberg House, Stellenbosch, 7600"
22139463,Malan,Amahle,2006-05-10,Female,amahle.malan9463@student.example.ac.za,083 555 4328,"1 Merriman Ave, Stellenbosch, 7600"
26254743,Steyn,Hannah,2006-09-22,Female,hannah.steyn4743@student.example.ac.za,084 555 3584,"12 Bird St, Stellenbosch, 7600"
20047569,Van der Merwe,Yusuf,2002-09-25,Male,yusuf.vandermerwe7569@student.example.ac.za,079 555 3903,"Room 196, Kruispad Hall, Stellenbosch, 7600"
26153324,Le Roux,Yusuf,2005-07-20,Male,yusuf.leroux3324@student.example.ac.za,073 555 4407,"Room 339, Pniel Court, Stellenbosch, 7600"
25921737,Pather,Kabelo,2006-07-15,Male,kabelo.pather1737@student.example.ac.za,082 555 6668,"97 Adam Tas Rd, Stellenbosch, 7600"
21065642,Le Roux,Siya,2003-01-10,Male,siya.leroux5642@student.example.ac.za,081 555 4105,"53 Church St, Stellenbosch, 7600"
22113222,Pillay,Christiaan,2007-10-25,Male,christiaan.pillay3222@student.example.ac.za,073 555 8197,"57 Adam Tas Rd, Stellenbosch, 7600"
20546527,Meyer,Karabo,2006-06-20,Female,karabo.meyer6527@student.example.ac.za,072 555 6542,"Room 259, Lentelus House, Stellenbosch, 7600"
27670315,Venter,Olivia,2002-03-25,Female,olivia.venter0315@student.example.ac.za,082 555 5888,"Room 197, Kruispad Hall, Stellenbosch, 7600"
23281921,Nkosi,Elri,2004-05-18,Female,elri.nkosi1921@student.example.ac.za,079 555 3341,"86 Plein St, Stellenbosch, 7600"
23817735,Williams,Olivia,2006-08-22,Female,olivia.williams7735@student.example.ac.za,073 555 4126,"10 Banghoek Rd, Stellenbosch, 7600"
24864018,Jacobs,Chloe,2002-07-08,Female,chloe.jacobs4018@student.example.ac.za,078 555 2439,"Flat 15, 55 Bird St, Stellenbosch, 7600"
26454685,Booysen,Jason,2006-02-05,Male,jason.booysen4685@student.example.ac.za,072 555 4589,"41 Dorp St, Stellenbosch, 7600"
27787967,Petersen,Lerato,2006-04-17,Female,lerato.petersen7967@student.example.ac.za,060 555 1383,"Room 272, Lentelus House, Stellenbosch, 7600"
22814319,Meyer,Imaan,2007-01-17,Female,imaan.meyer4319@student.example.ac.za,081 555 7293,"Room 109, Eikestad House, Stellenbosch, 7600"
25317147,Malan,Hannah,2005-03-13,Female,hannah.malan7147@student.example.ac.za,083 555 4554,"Room 300, Bergzicht Residence, Stellenbosch, 7600"
20505442,Nkosi,Ian,2006-03-05,Male,ian.nkosi5442@student.example.ac.za,073 555 1827,"Room 148, Lentelus House, Stellenbosch, 7600"
22072582,Swanepoel,Zinhle,2005-04-20,Female,zinhle.swanepoel2582@student.example.ac.za,073 555 0757,"Flat 17, 132 Banghoek Rd, Stellenbosch, 7600"
21668561,Mbeki,Lindiwe,2004-06-01,Female,lindiwe.mbeki8561@student.example.ac.za,078 555 8908,"Flat 16, 41 Andringa St, Stellenbosch, 7600"
23105156,Botha,Anri,2007-07-03,Female,anri.botha5156@student.example.ac.za,081 555 2394,"Room 232, Simonsberg House, Stellenbosch, 7600"
27191172,Tshabalala,Christiaan,2002-06-21,Prefer not to say,christiaan.tshabalala1172@student.example.ac.za,079 555 5450,"Room 216, Eikestad House, Stellenbosch, 7600"
25140457,Fourie,Fatima,2003-04-05,Female,fatima.fourie0457@student.example.ac.za,071 555 0312,"85 Neethling St, Stellenbosch, 7600"
27894345,Jansen,Liezl,2006-12-20,Female,liezl.jansen4345@student.example.ac.za,083 555 1888,"112 Adam Tas Rd, Stellenbosch, 7600"
27805395,Mokoena,Anri,2004-06-04,Female,anri.mokoena5395@student.example.ac.za,071 555 4172,"122 Dorp St, Stellenbosch, 7600"
24645172,Cele,Sibusiso,2002-03-28,Male,sibusiso.cele5172@student.example.ac.za,071 555 3743,"130 Church St, Stellenbosch, 7600"
23867525,Meyer,Karabo,2007-09-17,Female,karabo.meyer7525@student.example.ac.za,060 555 9368,"Room 192, Kruispad Hall, Stellenbosch, 7600"
25521605,Engelbrecht,Chloe,2004-01-15,Female,chloe.engelbrecht1605@student.example.ac.za,072 555 6118,"121 Neethling St, Stellenbosch, 7600"
27829231,Molefe,Zakhele,2006-10-18,Male,zakhele.molefe9231@student.example.ac.za,081 555 6731,"Flat 22, 3 Neethling St, Stellenbosch, 7600"
20892568,Adams,Lungile,2003-05-14,Male,lungile.adams2568@student.example.ac.za,076 555 7951,"Room 178, Rozendal Lodge, Stellenbosch, 7600"
25802890,Pather,Xolani,2001-01-09,Male,xolani.pather2890@student.example.ac.za,078 555 7240,"Room 404, Pniel Court, Stellenbosch, 7600"
21113369,Molefe,Carmen,2001-09-13,Female,carmen.molefe3369@student.example.ac.za,079 555 0477,"Flat 26, 79 Neethling St, Stellenbosch, 7600"
23884415,Le Roux,Bheki,2003-01-09,Male,bheki.leroux4415@student.example.ac.za,084 555 8555,"Flat 6, 123 Banghoek Rd, Stellenbosch, 7600"
26014306,Smit,Imaan,2007-07-12,Female,imaan.smit4306@student.example.ac.za,076 555 6452,"61 Adam Tas Rd, Stellenbosch, 7600"
27228293,Venter,Kayla,2006-03-02,Female,kayla.venter8293@student.example.ac.za,076 555 0032,"Flat 22, 106 Church St, Stellenbosch, 7600"
26260263,Jacobs,Francois,2003-07-26,Male,francois.jacobs0263@student.example.ac.za,078 555 9646,"141 Helshoogte Rd, Stellenbosch, 7600"
22010940,Malan,Aisha,2007-02-12,Female,aisha.malan0940@student.example.ac.za,078 555 2772,"Flat 15, 150 Church St, Stellenbosch, 7600"
21582779,Cele,Liezl,2004-07-24,Female,liezl.cele2779@student.example.ac.za,071 555 9727,"Room 362, Kruispad Hall, Stellenbosch, 7600"
22022769,Mahlangu,Andile,2004-12-28,Male,andile.mahlangu2769@student.example.ac.za,076 555 2679,"158 Neethling St, Stellenbosch, 7600"
21610917,Van der Merwe,Hannah,2005-04-17,Female,hannah.vandermerwe0917@student.example.ac.za,072 555 6095,"Flat 17, 52 Ryneveld St, Stellenbosch, 7600"
21229750,Engelbrecht,Nkosana,2006-07-22,Male,nkosana.engelbrecht9750@student.example.ac.za,079 555 3969,"Room 393, Simonsberg House, Stellenbosch, 7600"
22920069,Naidoo,Maya,2004-08-11,Female,maya.naidoo0069@student.example.ac.za,081 555 9564,"58 Ryneveld St, Stellenbosch, 7600"
20929172,Nel,Fatima,2006-04-02,Female,fatima.nel9172@student.example.ac.za,081 555 0055,"Room 313, Lentelus House, Stellenbosch, 7600"
22302270,Nkosi,Zoe,2002-06-24,Female,zoe.nkosi2270@student.example.ac.za,072 555 5962,"43 Merriman Ave, Stellenbosch, 7600"
23956326,Nel,Zinhle,2005-08-19,Female,zinhle.nel6326@student.example.ac.za,072 555 7301,"Flat 2, 22 Helshoogte Rd, Stellenbosch, 7600"
23830346,Le Roux,Francois,2004-02-29,Male,francois.leroux0346@student.example.ac.za,076 555 2831,"Room 337, Kruispad Hall, Stellenbosch, 7600"
20916919,Fourie,Buhle,2006-10-16,Non-binary,buhle.fourie6919@student.example.ac.za,078 555 3345,"88 Banghoek Rd, Stellenbosch, 7600"
21604963,Jacobs,Precious,2007-11-11,Female,precious.jacobs4963@student.example.ac.za,071 555 5721,"11 Helshoogte Rd, Stellenbosch, 7600"
23730719,Le Roux,Wian,2001-09-20,Male,wian.leroux0719@student.example.ac.za,081 555 2539,"5 Ryneveld St, Stellenbosch, 7600"
27374976,Van der Merwe,Francois,2008-03-06,Male,francois.vandermerwe4976@student.example.ac.za,082 555 9896,"Room 189, Eikestad House, Stellenbosch, 7600"
23871666,Du Plessis,Zanele,2007-02-21,Female,zanele.duplessis1666@student.example.ac.za,073 555 1446,"Flat 29, 50 Merriman Ave, Stellenbosch, 7600"
21407402,Le Roux,Hannah,2006-03-18,Female,hannah.leroux7402@student.example.ac.za,084 555 5029,"91 Helshoogte Rd, Stellenbosch, 7600"
23249767,Zulu,Sarah,2004-04-13,Female,sarah.zulu9767@student.example.ac.za,084 555 6822,"15 Neethling St, Stellenbosch, 7600"
20746894,Mahlangu,Mandla,2005-12-18,Male,mandla.mahlangu6894@student.example.ac.za,071 555 2355,"70 Andringa St, Stellenbosch, 7600"
26441213,Jansen,Siya,2008-02-10,Male,siya.jansen1213@student.example.ac.za,060 555 0866,"Room 394, Simonsberg House, Stellenbosch, 7600"
21906610,Sithole,Lerato,2007-08-02,Female,lerato.sithole6610@student.example.ac.za,072 555 6748,"Flat 15, 28 Andringa St, Stellenbosch, 7600"
22522158,Van der Merwe,Christiaan,2004-01-06,Male,christiaan.vandermerwe2158@student.example.ac.za,083 555 6311,"86 Victoria St, Stellenbosch, 7600"
23065419,Olivier,Liam,2005-03-11,Male,liam.olivier5419@student.example.ac.za,060 555 3170,"Flat 7, 58 Ryneveld St, Stellenbosch, 7600"
21744564,Naidoo,Aisha,2005-06-23,Female,aisha.naidoo4564@student.example.ac.za,071 555 0265,"Room 147, Oude Molen Hall, Stellenbosch, 7600"
27187059,Meyer,Imaan,2002-04-02,Female,imaan.meyer7059@student.example.ac.za,072 555 2607,"Room 137, Lentelus House, Stellenbosch, 7600"
21602546,Radebe,Mandla,2005-12-17,Male,mandla.radebe2546@student.example.ac.za,081 555 3509,"139 Neethling St, Stellenbosch, 7600"
22419668,Du Plessis,Tshepo,2002-06-16,Male,tshepo.duplessis9668@student.example.ac.za,078 555 9696,"150 Helshoogte Rd, Stellenbosch, 7600"
22836282,Swanepoel,Robin,2006-12-17,Non-binary,robin.swanepoel6282@student.example.ac.za,083 555 7963,"Flat 14, 50 Banghoek Rd, Stellenbosch, 7600"
25365449,Mahlangu,Francois,2006-05-08,Male,francois.mahlangu5449@student.example.ac.za,071 555 4794,"17 Merriman Ave, Stellenbosch, 7600"
21499288,Van der Merwe,Buhle,2007-02-12,Female,buhle.vandermerwe9288@student.example.ac.za,083 555 7342,"Room 350, Lentelus House, Stellenbosch, 7600"
21421908,Meyer,Gugu,2002-09-27,Female,gugu.meyer1908@student.example.ac.za,081 555 8867,"Room 274, Simonsberg House, Stellenbosch, 7600"
22482851,Maharaj,Fikile,2006-05-25,Male,fikile.maharaj2851@student.example.ac.za,084 555 2648,"Room 171, Lentelus House, Stellenbosch, 7600"
24525508,Govender,Fikile,2000-12-05,Male,fikile.govender5508@student.example.ac.za,071 555 2637,"Flat 9, 12 Dorp St, Stellenbosch, 7600"
23927823,Kruger,Fatima,2007-11-16,Female,fatima.kruger7823@student.example.ac.za,082 555 1171,"Flat 28, 156 Dorp St, Stellenbosch, 7600"
23762430,Radebe,Hendrik,2007-10-09,Male,hendrik.radebe2430@student.example.ac.za,071 555 1853,"Room 191, Lentelus House, Stellenbosch, 7600"
24237447,Pretorius,Naledi,2006-07-31,Female,naledi.pretorius7447@student.example.ac.za,082 555 1292,"158 Church St, Stellenbosch, 7600"
27848173,Fourie,Kayla,2006-10-12,Female,kayla.fourie8173@student.example.ac.za,071 555 8076,"Room 268, Eikestad House, Stellenbosch, 7600"
24685488,Hendricks,Thandi,2004-01-01,Female,thandi.hendricks5488@student.example.ac.za,083 555 8315,"Room 167, Simonsberg House, Stellenbosch, 7600"
26674879,Jacobs,Hendrik,2005-02-21,Male,hendrik.jacobs4879@student.example.ac.za,078 555 2986,"Room 141, Rozendal Lodge, Stellenbosch, 7600"
25892343,Jacobs,Hannah,2004-01-09,Female,hannah.jacobs2343@student.example.ac.za,076 555 0898,"Flat 10, 40 Dorp St, Stellenbosch, 7600"
25438273,Williams,Robin,2005-11-26,Prefer not to say,robin.williams8273@student.example.ac.za,060 555 8243,"Room 203, Bergzicht Residence, Stellenbosch, 7600"
20698614,Xaba,Siya,2003-06-13,Male,siya.xaba8614@student.example.ac.za,081 555 7104,"Flat 25, 83 Dorp St, Stellenbosch, 7600"
27458009,Nkosi,Emma,2006-08-01,Female,emma.nkosi8009@student.example.ac.za,082 555 9873,"Room 158, Rozendal Lodge, Stellenbosch, 7600"
23840874,Swanepoel,Pieter,2004-01-02,Male,pieter.swanepoel0874@student.example.ac.za,072 555 2766,"Flat 17, 52 Helshoogte Rd, Stellenbosch, 7600"
25401331,Kruger,Imaan,2004-01-02,Female,imaan.kruger1331@student.example.ac.za,076 555 5173,"Room 407, Simonsberg House, Stellenbosch, 7600"
26026485,Smit,Faith,2005-11-21,Female,faith.smit6485@student.example.ac.za,084 555 5186,"Room 260, Eikestad House, Stellenbosch, 7600"
21075155,Govender,Sibusiso,2004-05-05,Male,sibusiso.govender5155@student.example.ac.za,078 555 4110,"Flat 11, 23 Merriman Ave, Stellenbosch, 7600"
25175423,Nkosi,Francois,2006-07-18,Male,francois.nkosi5423@student.example.ac.za,072 555 6696,"Room 164, Simonsberg House, Stellenbosch, 7600"
21900266,Malan,Palesa,2003-11-29,Female,palesa.malan0266@student.example.ac.za,076 555 3671,"Flat 25, 148 Plein St, Stellenbosch, 7600"
22257088,Pretorius,Fikile,2008-08-31,Male,fikile.pretorius7088@student.example.ac.za,076 555 0483,"Room 192, Lentelus House, Stellenbosch, 7600"
20147714,Booysen,Francois,2006-07-22,Male,francois.booysen7714@student.example.ac.za,072 555 3998,"Room 176, Kruispad Hall, Stellenbosch, 7600"
25425312,Williams,Zinhle,2005-02-21,Female,zinhle.williams5312@student.example.ac.za,060 555 9631,"Flat 16, 30 Andringa St, Stellenbosch, 7600"
27446222,Du Plessis,Themba,2008-01-18,Male,themba.duplessis6222@student.example.ac.za,079 555 6422,"Room 378, Lentelus House, Stellenbosch, 7600"
23779027,Kruger,Xolani,2004-12-15,Male,xolani.kruger9027@student.example.ac.za,076 555 2931,"Room 359, Bergzicht Residence, Stellenbosch, 7600"
21074171,Pretorius,Neo,2006-02-23,Male,neo.pretorius4171@student.example.ac.za,076 555 1969,"Room 314, Rozendal Lodge, Stellenbosch, 7600"
26996808,Le Roux,Amahle,2005-02-11,Female,amahle.leroux6808@student.example.ac.za,083 555 1891,"Flat 25, 138 Plein St, Stellenbosch, 7600"
25017140,Van Wyk,Noa,2007-01-30,Non-binary,noa.vanwyk7140@student.example.ac.za,079 555 3497,"Room 396, Oude Molen Hall, Stellenbosch, 7600"
23296037,Cele,Maya,2005-02-20,Female,maya.cele6037@student.example.ac.za,083 555 7147,"Room 283, Kruispad Hall, Stellenbosch, 7600"
25279096,Visser,Chloe,2006-11-06,Female,chloe.visser9096@student.example.ac.za,082 555 2975,"1 Adam Tas Rd, Stellenbosch, 7600"
27913070,Du Plessis,Buhle,2003-03-31,Female,buhle.duplessis3070@student.example.ac.za,082 555 5109,"Room 354, Rozendal Lodge, Stellenbosch, 7600"
20378538,Sithole,Gareth,2003-09-03,Male,gareth.sithole8538@student.example.ac.za,078 555 8361,"Room 300, Lentelus House, Stellenbosch, 7600"
20306798,Kruger,Nkosana,2007-05-03,Male,nkosana.kruger6798@student.example.ac.za,083 555 8365,"Flat 8, 63 Church St, Stellenbosch, 7600"
21543515,Pillay,Reanette,2007-07-02,Female,reanette.pillay3515@student.example.ac.za,076 555 0762,"Flat 12, 42 Bird St, Stellenbosch, 7600"
27065727,Naidoo,Tshepo,2008-08-18,Male,tshepo.naidoo5727@student.example.ac.za,073 555 1010,"92 Church St, Stellenbosch, 7600"
27010416,Naidoo,Thabo,2007-07-25,Male,thabo.naidoo0416@student.example.ac.za,083 555 2040,"Room 184, Oude Molen Hall, Stellenbosch, 7600"
23644034,Cele,Zakhele,2005-01-11,Male,zakhele.cele4034@student.example.ac.za,073 555 1822,"Room 108, Oude Molen Hall, Stellenbosch, 7600"
24320952,Engelbrecht,Ethan,2006-07-03,Male,ethan.engelbrecht0952@student.example.ac.za,060 555 8659,"Flat 23, 115 Victoria St, Stellenbosch, 7600"
23272928,Coetzee,Zinhle,2006-04-06,Female,zinhle.coetzee2928@student.example.ac.za,060 555 6599,"Flat 4, 44 Plein St, Stellenbosch, 7600"
27398764,Mbeki,Pieter,2005-09-05,Male,pieter.mbeki8764@student.example.ac.za,076 555 8077,"Room 190, Simonsberg House, Stellenbosch, 7600"
22177366,Radebe,Themba,2008-03-24,Male,themba.radebe7366@student.example.ac.za,082 555 5413,"69 Ryneveld St, Stellenbosch, 7600"
27553634,Le Roux,Zoe,2007-12-13,Female,zoe.leroux3634@student.example.ac.za,060 555 6622,"Flat 7, 6 Plein St, Stellenbosch, 7600"
22702085,Nel,Gareth,2007-02-19,Male,gareth.nel2085@student.example.ac.za,083 555 3024,"Room 340, Oude Molen Hall, Stellenbosch, 7600"
22238658,Zulu,Amahle,2005-02-22,Female,amahle.zulu8658@student.example.ac.za,072 555 7044,"Room 231, Lentelus House, Stellenbosch, 7600"
22301954,Mbeki,Fatima,2001-05-15,Female,fatima.mbeki1954@student.example.ac.za,079 555 2434,"18 Dorp St, Stellenbosch, 7600"
21774567,Botha,Zoe,2003-03-04,Female,zoe.botha4567@student.example.ac.za,081 555 9868,"Flat 11, 89 Dorp St, Stellenbosch, 7600"
26205451,Smit,Fikile,2002-08-24,Male,fikile.smit5451@student.example.ac.za,071 555 0757,"Room 257, Kruispad Hall, Stellenbosch, 7600"
26704082,Ndlovu,Chloe,2005-02-26,Female,chloe.ndlovu4082@student.example.ac.za,060 555 9219,"Room 139, Rozendal Lodge, Stellenbosch, 7600"
21274345,Molefe,Gugu,2005-02-06,Female,gugu.molefe4345@student.example.ac.za,081 555 9993,"35 Bird St, Stellenbosch, 7600"
20175246,Malan,Lindiwe,2005-08-21,Female,lindiwe.malan5246@student.example.ac.za,079 555 6521,"124 Ryneveld St, Stellenbosch, 7600"
27380384,Naidoo,Bianca,2006-04-30,Female,bianca.naidoo0384@student.example.ac.za,076 555 3062,"149 Adam Tas Rd, Stellenbosch, 7600"
26855728,Brits,Bianca,2003-09-22,Prefer not to say,bianca.brits5728@student.example.ac.za,082 555 2653,"Room 237, Pniel Court, Stellenbosch, 7600"
26544613,Hendricks,Olivia,2004-08-19,Female,olivia.hendricks4613@student.example.ac.za,084 555 6932,"Room 224, Simonsberg House, Stellenbosch, 7600"
20339738,Smit,Olivia,2005-03-21,Female,olivia.smit9738@student.example.ac.za,082 555 4729,"Room 341, Oude Molen Hall, Stellenbosch, 7600"
20397715,Nel,Christiaan,2002-12-29,Male,christiaan.nel7715@student.example.ac.za,060 555 7439,"Room 371, Pniel Court, Stellenbosch, 7600"
24078300,Maharaj,Thandi,2005-11-27,Female,thandi.maharaj8300@student.example.ac.za,083 555 2821,"Room 410, Lentelus House, Stellenbosch, 7600"
21918657,Engelbrecht,Wian,2004-11-29,Male,wian.engelbrecht8657@student.example.ac.za,082 555 8335,"Room 348, Eikestad House, Stellenbosch, 7600"
22291559,Williams,Aisha,2007-08-23,Female,aisha.williams1559@student.example.ac.za,084 555 3461,"Room 125, Eikestad House, Stellenbosch, 7600"
25975649,Engelbrecht,Hannah,2007-11-15,Female,hannah.engelbrecht5649@student.example.ac.za,079 555 8125,"Flat 22, 122 Dorp St, Stellenbosch, 7600"
27452451,Radebe,Brandon,2003-12-12,Male,brandon.radebe2451@student.example.ac.za,083 555 9892,"Room 341, Oude Molen Hall, Stellenbosch, 7600"
21703000,Meyer,Deon,2006-02-17,Male,deon.meyer3000@student.example.ac.za,079 555 6831,"Flat 24, 144 Victoria St, Stellenbosch, 7600"
26027558,Tshabalala,Gareth,2005-04-09,Male,gareth.tshabalala7558@student.example.ac.za,084 555 9941,"18 Andringa St, Stellenbosch, 7600"
21833455,Xaba,Karabo,2007-10-21,Female,karabo.xaba3455@student.example.ac.za,076 555 0150,"Room 126, Oude Molen Hall, Stellenbosch, 7600"
26800336,Khumalo,Liezl,2006-02-14,Female,liezl.khumalo0336@student.example.ac.za,081 555 8702,"Room 387, Bergzicht Residence, Stellenbosch, 7600"
27796846,Hendricks,Amahle,2007-01-03,Female,amahle.hendricks6846@student.example.ac.za,060 555 9208,"Room 388, Pniel Court, Stellenbosch, 7600"
22730886,Nel,Bianca,2005-07-22,Female,bianca.nel0886@student.example.ac.za,060 555 2533,"52 Ryneveld St, Stellenbosch, 7600"
24993505,Meyer,Ashwin,2006-10-08,Male,ashwin.meyer3505@student.example.ac.za,060 555 3478,"Flat 13, 62 Victoria St, Stellenbosch, 7600"
23460319,Brits,Neo,2003-03-20,Male,neo.brits0319@student.example.ac.za,078 555 8720,"Room 144, Simonsberg House, Stellenbosch, 7600"
21256021,Booysen,Mandla,2006-11-17,Male,mandla.booysen6021@student.example.ac.za,083 555 4534,"Flat 6, 55 Church St, Stellenbosch, 7600"
22966177,Mbeki,Karabo,2004-11-23,Female,karabo.mbeki6177@student.example.ac.za,078 555 9524,"110 Church St, Stellenbosch, 7600"
23678130,Engelbrecht,Maya,2007-11-14,Female,maya.engelbrecht8130@student.example.ac.za,072 555 6584,"159 Victoria St, Stellenbosch, 7600"
22968813,Molefe,Reanette,2003-07-28,Female,reanette.molefe8813@student.example.ac.za,060 555 8346,"61 Banghoek Rd, Stellenbosch, 7600"
24723510,Booysen,Liam,2004-05-08,Male,liam.booysen3510@student.example.ac.za,076 555 6235,"62 Bird St, Stellenbosch, 7600"
24110624,Kruger,Reanette,2003-11-25,Female,reanette.kruger0624@student.example.ac.za,082 555 1018,"147 Helshoogte Rd, Stellenbosch, 7600"
24155322,Malan,Anri,2001-05-08,Female,anri.malan5322@student.example.ac.za,081 555 5073,"107 Merriman Ave, Stellenbosch, 7600"
22074950,Olivier,Palesa,2004-01-26,Female,palesa.olivier4950@student.example.ac.za,060 555 0811,"Room 289, Lentelus House, Stellenbosch, 7600"
20706440,Molefe,Thabo,2003-02-25,Male,thabo.molefe6440@student.example.ac.za,072 555 8492,"58 Victoria St, Stellenbosch, 7600"
26858939,Venter,Wian,2005-01-01,Male,wian.venter8939@student.example.ac.za,060 555 5358,"137 Neethling St, Stellenbosch, 7600"
20373570,Mbeki,Zoe,2004-04-11,Female,zoe.mbeki3570@student.example.ac.za,082 555 7074,"154 Andringa St, Stellenbosch, 7600"
20754198,Xaba,Ashwin,2006-08-14,Male,ashwin.xaba4198@student.example.ac.za,071 555 3361,"58 Bird St, Stellenbosch, 7600"
22180839,Khumalo,Sarah,2007-07-07,Female,sarah.khumalo0839@student.example.ac.za,082 555 2549,"Room 126, Eikestad House, Stellenbosch, 7600"
20529201,Steyn,Brandon,2006-01-19,Male,brandon.steyn9201@student.example.ac.za,083 555 6337,"Room 384, Pniel Court, Stellenbosch, 7600"
25939830,Pretorius,Hannah,2004-09-11,Female,hannah.pretorius9830@student.example.ac.za,079 555 2262,"Room 289, Lentelus House, Stellenbosch, 7600"
23320437,Williams,Nkosana,2007-08-04,Male,nkosana.williams0437@student.example.ac.za,060 555 8752,"117 Plein St, Stellenbosch, 7600"
21783687,Olivier,Themba,2002-03-18,Male,themba.olivier3687@student.example.ac.za,084 555 2476,"1 Neethling St, Stellenbosch, 7600"
22925489,Booysen,Yusuf,2007-01-12,Male,yusuf.booysen5489@student.example.ac.za,073 555 0241,"Room 121, Bergzicht Residence, Stellenbosch, 7600"
26179610,Pretorius,Gugu,2007-04-25,Female,gugu.pretorius9610@student.example.ac.za,060 555 4515,"Room 381, Eikestad House, Stellenbosch, 7600"
23164001,Sithole,Reanette,2004-01-23,Female,reanette.sithole4001@student.example.ac.za,078 555 9679,"154 Victoria St, Stellenbosch, 7600"
27885232,Botha,Kayla,2007-07-06,Female,kayla.botha5232@student.example.ac.za,060 555 9754,"Room 350, Bergzicht Residence, Stellenbosch, 7600"
24716543,Sithole,Fikile,2003-07-26,Male,fikile.sithole6543@student.example.ac.za,076 555 2417,"Flat 9, 130 Neethling St, Stellenbosch, 7600"
25951792,Botha,Gugu,2005-01-02,Female,gugu.botha1792@student.example.ac.za,076 555 0984,"Flat 17, 25 Dorp St, Stellenbosch, 7600"
22429295,Petersen,Deon,2005-08-17,Male,deon.petersen9295@student.example.ac.za,073 555 5765,"Room 213, Rozendal Lodge, Stellenbosch, 7600"
24033826,Hendricks,Gugu,2003-07-21,Female,gugu.hendricks3826@student.example.ac.za,078 555 0131,"Room 177, Eikestad House, Stellenbosch, 7600"
20119423,Dlamini,Daniel,2004-08-17,Male,daniel.dlamini9423@student.example.ac.za,060 555 7285,"82 Dorp St, Stellenbosch, 7600"
20492103,Engelbrecht,Pieter,2001-09-13,Male,pieter.engelbrecht2103@student.example.ac.za,081 555 9252,"Room 286, Eikestad House, Stellenbosch, 7600"
25576446,Khumalo,Ethan,2004-07-24,Male,ethan.khumalo6446@student.example.ac.za,084 555 1614,"82 Bird St, Stellenbosch, 7600"
22605278,Olivier,Wian,2005-02-26,Male,wian.olivier5278@student.example.ac.za,078 555 3237,"85 Banghoek Rd, Stellenbosch, 7600"
26149930,Swanepoel,Anele,2007-12-11,Female,anele.swanepoel9930@student.example.ac.za,079 555 9244,"Room 188, Oude Molen Hall, Stellenbosch, 7600"
24787407,Van der Merwe,Mpho,2003-12-08,Male,mpho.vandermerwe7407@student.example.ac.za,084 555 1272,"Flat 8, 55 Andringa St, Stellenbosch, 7600"
22468874,Van der Merwe,Reanette,2005-12-03,Female,reanette.vandermerwe8874@student.example.ac.za,071 555 7012,"64 Banghoek Rd, Stellenbosch, 7600"
20714118,Naidoo,Aisha,2006-05-31,Female,aisha.naidoo4118@student.example.ac.za,071 555 0846,"Room 199, Pniel Court, Stellenbosch, 7600"
25124440,Mbeki,Olivia,2006-02-27,Female,olivia.mbeki4440@student.example.ac.za,076 555 5307,"15 Dorp St, Stellenbosch, 7600"
24010356,Tshabalala,Christiaan,2000-07-14,Male,christiaan.tshabalala0356@student.example.ac.za,072 555 9758,"Room 166, Lentelus House, Stellenbosch, 7600"
27668707,Mbeki,Ian,2007-06-30,Male,ian.mbeki8707@student.example.ac.za,081 555 0804,"Room 174, Bergzicht Residence, Stellenbosch, 7600"
20619510,Van der Merwe,Neo,2005-10-07,Male,neo.vandermerwe9510@student.example.ac.za,076 555 2925,"Room 138, Eikestad House, Stellenbosch, 7600"
27146747,Olivier,Zakhele,2005-10-15,Male,zakhele.olivier6747@student.example.ac.za,081 555 5602,"Flat 19, 127 Dorp St, Stellenbosch, 7600"
22306740,Kruger,Aisha,2005-07-24,Female,aisha.kruger6740@student.example.ac.za,083 555 0902,"Flat 20, 39 Banghoek Rd, Stellenbosch, 7600"
22145269,Mokoena,Sarah,2007-09-15,Female,sarah.mokoena5269@student.example.ac.za,081 555 9815,"Flat 25, 38 Dorp St, Stellenbosch, 7600"
26166009,Dlamini,Mpho,2007-11-18,Male,mpho.dlamini6009@student.example.ac.za,084 555 6961,"54 Andringa St, Stellenbosch, 7600"
20144720,Cele,Naledi,2007-03-02,Female,naledi.cele4720@student.example.ac.za,083 555 9713,"Room 352, Oude Molen Hall, Stellenbosch, 7600"
22223305,Naidoo,Rohan,2006-09-29,Male,rohan.naidoo3305@student.example.ac.za,081 555 4276,"Flat 19, 134 Dorp St, Stellenbosch, 7600"
26094841,Ndlovu,Xolani,2001-04-25,Male,xolani.ndlovu4841@student.example.ac.za,060 555 2649,"Flat 24, 131 Dorp St, Stellenbosch, 7600"
27305833,Naidoo,Tshepo,2006-03-15,Male,tshepo.naidoo5833@student.example.ac.za,083 555 9779,"78 Church St, Stellenbosch, 7600"
27600172,Coetzee,Liam,2006-06-14,Male,liam.coetzee0172@student.example.ac.za,073 555 8536,"Room 351, Kruispad Hall, Stellenbosch, 7600"
21343118,Fourie,Aisha,2004-08-03,Female,aisha.fourie3118@student.example.ac.za,072 555 0038,"Room 202, Rozendal Lodge, Stellenbosch, 7600"
26616003,Petersen,Thandi,2006-07-22,Female,thandi.petersen6003@student.example.ac.za,071 555 4469,"Flat 28, 5 Bird St, Stellenbosch, 7600"
23806523,Steyn,Reanette,2005-04-16,Female,reanette.steyn6523@student.example.ac.za,079 555 5915,"Room 410, Kruispad Hall, Stellenbosch, 7600"
20925943,Nkosi,Tshepo,2002-06-11,Male,tshepo.nkosi5943@student.example.ac.za,082 555 6832,"126 Victoria St, Stellenbosch, 7600"
26804126,Hendricks,Neo,2003-11-05,Male,neo.hendricks4126@student.example.ac.za,083 555 3712,"71 Plein St, Stellenbosch, 7600"
20997789,Swanepoel,Callum,2006-09-19,Male,callum.swanepoel7789@student.example.ac.za,076 555 1631,"Room 198, Bergzicht Residence, Stellenbosch, 7600"
22829661,Maharaj,Emma,2006-06-12,Female,emma.maharaj9661@student.example.ac.za,060 555 7258,"Room 333, Rozendal Lodge, Stellenbosch, 7600"
27979486,Jansen,Jaco,2006-12-16,Male,jaco.jansen9486@student.example.ac.za,076 555 2732,"Room 112, Pniel Court, Stellenbosch, 7600"
22070921,Le Roux,Elri,2007-07-13,Female,elri.leroux0921@student.example.ac.za,078 555 9316,"60 Church St, Stellenbosch, 7600"
22550464,Sithole,Hannah,2006-11-10,Female,hannah.sithole0464@student.example.ac.za,084 555 1679,"Flat 10, 158 Ryneveld St, Stellenbosch, 7600"
26160093,Dlamini,Tiaan,2005-05-30,Male,tiaan.dlamini0093@student.example.ac.za,073 555 6573,"Flat 5, 25 Andringa St, Stellenbosch, 7600"
20302410,Le Roux,Nomsa,2005-03-17,Female,nomsa.leroux2410@student.example.ac.za,071 555 8248,"152 Victoria St, Stellenbosch, 7600"
22291107,Molefe,Ethan,2005-09-29,Male,ethan.molefe1107@student.example.ac.za,083 555 1707,"Flat 3, 118 Plein St, Stellenbosch, 7600"
20811228,Zulu,Tumelo,2005-07-15,Female,tumelo.zulu1228@student.example.ac.za,071 555 2229,"Room 161, Kruispad Hall, Stellenbosch, 7600"
25970002,Maharaj,Faith,2004-11-10,Female,faith.maharaj0002@student.example.ac.za,078 555 9668,"96 Andringa St, Stellenbosch, 7600"
22295470,Xaba,Anri,2005-03-25,Female,anri.xaba5470@student.example.ac.za,071 555 2584,"Flat 20, 151 Church St, Stellenbosch, 7600"
25303461,Naidoo,Aisha,2008-05-29,Female,aisha.naidoo3461@student.example.ac.za,083 555 1113,"36 Church St, Stellenbosch, 7600"
26919695,Adams,Reanette,2004-11-18,Female,reanette.adams9695@student.example.ac.za,073 555 3566,"Flat 6, 18 Victoria St, Stellenbosch, 7600"
20611480,Van der Merwe,Francois,2005-01-07,Male,francois.vandermerwe1480@student.example.ac.za,071 555 6327,"Room 410, Simonsberg House, Stellenbosch, 7600"
22326036,Olivier,Riaan,2004-02-06,Male,riaan.olivier6036@student.example.ac.za,081 555 9864,"140 Victoria St, Stellenbosch, 7600"
21878670,Botha,Chloe,2006-07-14,Female,chloe.botha8670@student.example.ac.za,073 555 4017,"32 Adam Tas Rd, Stellenbosch, 7600"
24602553,Nkosi,Chanel,2003-06-20,Prefer not to say,chanel.nkosi2553@student.example.ac.za,084 555 6501,"122 Andringa St, Stellenbosch, 7600"
23585366,Naidoo,Riaan,2005-12-21,Male,riaan.naidoo5366@student.example.ac.za,071 555 0185,"11 Banghoek Rd, Stellenbosch, 7600"
25802512,Van Wyk,Mandla,2007-12-09,Male,mandla.vanwyk2512@student.example.ac.za,079 555 4481,"91 Dorp St, Stellenbosch, 7600"
23495369,Dlamini,Fikile,2006-10-13,Male,fikile.dlamini5369@student.example.ac.za,071 555 3178,"Flat 10, 50 Merriman Ave, Stellenbosch, 7600"
24371639,Naidoo,Kagiso,2004-02-13,Male,kagiso.naidoo1639@student.example.ac.za,079 555 9837,"85 Victoria St, Stellenbosch, 7600"
20923715,Van der Merwe,Andile,2005-03-27,Male,andile.vandermerwe3715@student.example.ac.za,083 555 5618,"92 Banghoek Rd, Stellenbosch, 7600"
24170226,Nel,Dineo,2004-07-21,Female,dineo.nel0226@student.example.ac.za,076 555 1119,"81 Church St, Stellenbosch, 7600"
25852755,Sithole,Sibusiso,2005-02-10,Male,sibusiso.sithole2755@student.example.ac.za,073 555 7658,"Flat 24, 23 Church St, Stellenbosch, 7600"
25131281,Meyer,Andile,2004-12-10,Male,andile.meyer1281@student.example.ac.za,060 555 3176,"Room 103, Eikestad House, Stellenbosch, 7600"
23625805,Mahlangu,Zanele,2004-08-15,Female,zanele.mahlangu5805@student.example.ac.za,083 555 7113,"85 Plein St, Stellenbosch, 7600"
21504661,Van Wyk,Olivia,2004-11-07,Female,olivia.vanwyk4661@student.example.ac.za,079 555 8254,"Flat 6, 36 Andringa St, Stellenbosch, 7600"
25088895,Smit,Kayla,2004-10-14,Female,kayla.smit8895@student.example.ac.za,082 555 3699,"Room 177, Bergzicht Residence, Stellenbosch, 7600"
24911905,Williams,Jaco,2006-07-17,Male,jaco.williams1905@student.example.ac.za,073 555 1792,"Room 359, Oude Molen Hall, Stellenbosch, 7600"
27291888,Mokoena,Palesa,2007-08-22,Female,palesa.mokoena1888@student.example.ac.za,079 555 1640,"Flat 23, 60 Plein St, Stellenbosch, 7600"
24321296,Booysen,Fatima,2005-10-12,Female,fatima.booysen1296@student.example.ac.za,082 555 9182,"Flat 19, 5 Neethling St, Stellenbosch, 7600"
27387555,Malan,Zinhle,2004-02-18,Female,zinhle.malan7555@student.example.ac.za,084 555 8872,"Room 381, Simonsberg House, Stellenbosch, 7600"
21526902,Adams,Tumelo,2003-06-04,Female,tumelo.adams6902@student.example.ac.za,076 555 0857,"Flat 13, 134 Dorp St, Stellenbosch, 7600"
24736082,Pretorius,Lerato,2007-04-28,Female,lerato.pretorius6082@student.example.ac.za,084 555 1962,"Room 131, Eikestad House, Stellenbosch, 7600"
23814597,Olivier,Nkosana,2005-04-28,Male,nkosana.olivier4597@student.example.ac.za,078 555 0936,"Room 395, Bergzicht Residence, Stellenbosch, 7600"
27169262,Dlamini,Ian,2006-10-17,Male,ian.dlamini9262@student.example.ac.za,076 555 7043,"Room 254, Rozendal Lodge, Stellenbosch, 7600"
27596588,Le Roux,Callum,2003-03-24,Male,callum.leroux6588@student.example.ac.za,084 555 5635,"Room 222, Kruispad Hall, Stellenbosch, 7600"
25921595,Mahlangu,Amahle,2004-06-11,Female,amahle.mahlangu1595@student.example.ac.za,084 555 0458,"Flat 15, 45 Dorp St, Stellenbosch, 7600"
26519228,Olivier,Christiaan,2006-06-23,Male,christiaan.olivier9228@student.example.ac.za,079 555 7006,"Flat 13, 51 Dorp St, Stellenbosch, 7600"
25314688,Tshabalala,Zinhle,2004-08-18,Female,zinhle.tshabalala4688@student.example.ac.za,073 555 4167,"10 Victoria St, Stellenbosch, 7600"
20479631,Meyer,Siya,2002-02-26,Male,siya.meyer9631@student.example.ac.za,060 555 6124,"Flat 15, 143 Victoria St, Stellenbosch, 7600"
22069625,Molefe,Sarah,2004-11-01,Female,sarah.molefe9625@student.example.ac.za,076 555 8512,"35 Plein St, Stellenbosch, 7600"
26859747,Kruger,Yusuf,2006-03-08,Male,yusuf.kruger9747@student.example.ac.za,082 555 4273,"63 Church St, Stellenbosch, 7600"
27027422,Booysen,Buhle,2005-04-03,Female,buhle.booysen7422@student.example.ac.za,072 555 1420,"Room 401, Simonsberg House, Stellenbosch, 7600"
20509949,Pretorius,Buhle,2005-01-09,Female,buhle.pretorius9949@student.example.ac.za,071 555 6015,"Room 136, Oude Molen Hall, Stellenbosch, 7600"
27137429,Naidoo,Sibusiso,2004-07-23,Male,sibusiso.naidoo7429@student.example.ac.za,083 555 2600,"Room 358, Oude Molen Hall, Stellenbosch, 7600"
26202071,Petersen,Buhle,2003-01-08,Female,buhle.petersen2071@student.example.ac.za,079 555 0114,"Room 338, Eikestad House, Stellenbosch, 7600"
25760748,Van der Merwe,Chanel,2006-08-05,Female,chanel.vandermerwe0748@student.example.ac.za,076 555 8323,"115 Andringa St, Stellenbosch, 7600"
25063958,Naidoo,Rohan,2007-12-15,Male,rohan.naidoo3958@student.example.ac.za,078 555 6833,"Room 321, Eikestad House, Stellenbosch, 7600"
24633490,Jansen,Daniel,2005-08-09,Male,daniel.jansen3490@student.example.ac.za,072 555 8665,"31 Dorp St, Stellenbosch, 7600"
26294785,Xaba,Naledi,2008-08-05,Female,naledi.xaba4785@student.example.ac.za,079 555 6086,"Room 328, Rozendal Lodge, Stellenbosch, 7600"
24467928,Nkosi,Zoe,2003-03-28,Female,zoe.nkosi7928@student.example.ac.za,078 555 4820,"Room 296, Oude Molen Hall, Stellenbosch, 7600"
22885466,Mbeki,Jana,2005-09-26,Female,jana.mbeki5466@student.example.ac.za,073 555 4300,"Flat 19, 23 Church St, Stellenbosch, 7600"
23640092,Xaba,Zanele,2005-06-13,Female,zanele.xaba0092@student.example.ac.za,084 555 4644,"145 Bird St, Stellenbosch, 7600"
20842039,Mbeki,Reanette,2006-07-27,Female,reanette.mbeki2039@student.example.ac.za,078 555 0504,"Room 255, Rozendal Lodge, Stellenbosch, 7600"
22762620,Botha,Hendrik,2005-01-24,Male,hendrik.botha2620@student.example.ac.za,073 555 9802,"Room 119, Lentelus House, Stellenbosch, 7600"
25751776,Booysen,Precious,2004-01-08,Female,precious.booysen1776@student.example.ac.za,076 555 8142,"4 Plein St, Stellenbosch, 7600"
27489174,Govender,Karabo,2003-02-15,Female,karabo.govender9174@student.example.ac.za,084 555 7442,"93 Merriman Ave, Stellenbosch, 7600"
23428950,Du Plessis,Lungile,2005-12-06,Male,lungile.duplessis8950@student.example.ac.za,081 555 9264,"142 Plein St, Stellenbosch, 7600"
20847927,Khumalo,Dineo,2005-12-21,Female,dineo.khumalo7927@student.example.ac.za,079 555 8210,"39 Plein St, Stellenbosch, 7600"
27863037,Mokoena,Ian,2004-10-15,Male,ian.mokoena3037@student.example.ac.za,084 555 7422,"Room 344, Simonsberg House, Stellenbosch, 7600"
21008116,Pretorius,Zinhle,2006-03-21,Female,zinhle.pretorius8116@student.example.ac.za,083 555 6195,"Room 197, Lentelus House, Stellenbosch, 7600"
21512552,Williams,Ian,2005-11-04,Male,ian.williams2552@student.example.ac.za,083 555 2964,"Room 261, Eikestad House, Stellenbosch, 7600"
25826966,Hendricks,Tiaan,2004-07-11,Male,tiaan.hendricks6966@student.example.ac.za,084 555 9333,"Room 315, Oude Molen Hall, Stellenbosch, 7600"
25401959,Jansen,Christiaan,2006-10-26,Male,christiaan.jansen1959@student.example.ac.za,081 555 5919,"109 Adam Tas Rd, Stellenbosch, 7600"
26028869,Smit,Wian,2004-01-07,Male,wian.smit8869@student.example.ac.za,071 555 8139,"100 Plein St, Stellenbosch, 7600"
27991566,Petersen,Megan,2000-01-08,Female,megan.petersen1566@student.example.ac.za,073 555 9753,"Flat 22, 81 Dorp St, Stellenbosch, 7600"
27662973,Van der Merwe,Elri,2005-02-26,Female,elri.vandermerwe2973@student.example.ac.za,082 555 5221,"Room 305, Pniel Court, Stellenbosch, 7600"
22610559,Brits,Tumelo,2005-04-28,Female,tumelo.brits0559@student.example.ac.za,060 555 4250,"Room 210, Simonsberg House, Stellenbosch, 7600"
27833520,Fourie,Deon,2000-12-20,Male,deon.fourie3520@student.example.ac.za,073 555 3439,"75 Adam Tas Rd, Stellenbosch, 7600"
24768509,Maharaj,Pieter,2003-05-26,Male,pieter.maharaj8509@student.example.ac.za,081 555 8788,"Room 296, Kruispad Hall, Stellenbosch, 7600"
22923116,Pather,Emma,2004-07-13,Female,emma.pather3116@student.example.ac.za,082 555 5659,"Room 410, Kruispad Hall, Stellenbosch, 7600"
20104332,Tshabalala,Ashwin,2005-05-06,Male,ashwin.tshabalala4332@student.example.ac.za,071 555 8487,"Room 274, Pniel Court, Stellenbosch, 7600"
22332604,Botha,Olivia,2003-06-16,Female,olivia.botha2604@student.example.ac.za,073 555 9603,"Room 114, Kruispad Hall, Stellenbosch, 7600"
21611949,Maharaj,Precious,2006-10-19,Female,precious.maharaj1949@student.example.ac.za,083 555 8059,"Flat 15, 5 Adam Tas Rd, Stellenbosch, 7600"
20954005,Smit,Dineo,2004-08-12,Female,dineo.smit4005@student.example.ac.za,072 555 3960,"Room 346, Kruispad Hall, Stellenbosch, 7600"
25247126,Govender,Thandi,2006-01-27,Female,thandi.govender7126@student.example.ac.za,084 555 2243,"Room 376, Simonsberg House, Stellenbosch, 7600"
20956188,Xaba,Jana,2008-07-13,Female,jana.xaba6188@student.example.ac.za,081 555 9297,"Room 154, Oude Molen Hall, Stellenbosch, 7600"
26474670,Jansen,Ian,2004-09-04,Male,ian.jansen4670@student.example.ac.za,076 555 1925,"Flat 14, 103 Neethling St, Stellenbosch, 7600"
27265009,Pather,Elri,2005-11-15,Female,elri.pather5009@student.example.ac.za,081 555 4528,"Room 239, Lentelus House, Stellenbosch, 7600"
27421177,Pretorius,Emma,2004-11-01,Female,emma.pretorius1177@student.example.ac.za,076 555 1569,"154 Church St, Stellenbosch, 7600"
25021247,Olivier,Tshepo,2006-10-13,Male,tshepo.olivier1247@student.example.ac.za,078 555 8860,"117 Plein St, Stellenbosch, 7600"
24486371,Venter,Lindiwe,2003-03-12,Female,lindiwe.venter6371@student.example.ac.za,079 555 2901,"Room 209, Rozendal Lodge, Stellenbosch, 7600"
27425699,Zulu,Francois,2005-10-15,Male,francois.zulu5699@student.example.ac.za,079 555 1092,"63 Dorp St, Stellenbosch, 7600"
25066799,Dlamini,Buhle,2003-11-12,Female,buhle.dlamini6799@student.example.ac.za,060 555 8979,"Room 261, Oude Molen Hall, Stellenbosch, 7600"
23878830,Steyn,Tumelo,2007-12-30,Female,tumelo.steyn8830@student.example.ac.za,060 555 9174,"Room 384, Pniel Court, Stellenbosch, 7600"
23882924,Booysen,Zinhle,2007-07-15,Female,zinhle.booysen2924@student.example.ac.za,076 555 4490,"25 Bird St, Stellenbosch, 7600"
26185480,Maharaj,Kayla,2006-02-10,Female,kayla.maharaj5480@student.example.ac.za,079 555 2606,"Room 284, Lentelus House, Stellenbosch, 7600"
23964543,Lombard,Faith,2008-06-19,Female,faith.lombard4543@student.example.ac.za,082 555 8524,"49 Ryneveld St, Stellenbosch, 7600"
20608646,Radebe,Mandla,2007-03-04,Male,mandla.radebe8646@student.example.ac.za,084 555 3759,"Flat 14, 58 Adam Tas Rd, Stellenbosch, 7600"
21742636,Swanepoel,Zakhele,2004-05-14,Male,zakhele.swanepoel2636@student.example.ac.za,072 555 9000,"Flat 29, 17 Banghoek Rd, Stellenbosch, 7600"
21999499,Brits,Amahle,2006-11-25,Female,amahle.brits9499@student.example.ac.za,082 555 1883,"65 Neethling St, Stellenbosch, 7600"
24534311,Dlamini,Elri,2002-01-07,Female,elri.dlamini4311@student.example.ac.za,078 555 9275,"45 Neethling St, Stellenbosch, 7600"
24491315,Smit,Ethan,2005-02-04,Male,ethan.smit1315@student.example.ac.za,082 555 3475,"36 Ryneveld St, Stellenbosch, 7600"
24189883,Zulu,Kabelo,2003-08-14,Male,kabelo.zulu9883@student.example.ac.za,073 555 1118,"Flat 25, 97 Victoria St, Stellenbosch, 7600"
24306160,Meyer,Lerato,2007-12-17,Female,lerato.meyer6160@student.example.ac.za,060 555 5117,"Room 348, Kruispad Hall, Stellenbosch, 7600"
26211854,Ndlovu,Zanele,2004-03-29,Female,zanele.ndlovu1854@student.example.ac.za,083 555 6374,"18 Andringa St, Stellenbosch, 7600"
22261757,Williams,Olivia,2005-12-20,Female,olivia.williams1757@student.example.ac.za,082 555 1463,"144 Church St, Stellenbosch, 7600"
20366811,Mahlangu,Ethan,2003-08-26,Male,ethan.mahlangu6811@student.example.ac.za,071 555 9592,"61 Victoria St, Stellenbosch, 7600"
25137118,Xaba,Kayla,2005-07-01,Female,kayla.xaba7118@student.example.ac.za,083 555 9941,"Room 379, Oude Molen Hall, Stellenbosch, 7600"
21421879,Malan,Bheki,2002-02-24,Male,bheki.malan1879@student.example.ac.za,073 555 5051,"Flat 12, 55 Banghoek Rd, Stellenbosch, 7600"
21646440,Botha,Yusuf,2007-02-24,Male,yusuf.botha6440@student.example.ac.za,060 555 9450,"Room 193, Bergzicht Residence, Stellenbosch, 7600"
24595655,Zulu,Bheki,2005-11-27,Male,bheki.zulu5655@student.example.ac.za,083 555 1170,"56 Banghoek Rd, Stellenbosch, 7600"
23632641,Olivier,Mpho,2006-11-27,Male,mpho.olivier2641@student.example.ac.za,079 555 7501,"Room 334, Pniel Court, Stellenbosch, 7600"
20632649,Zulu,Bheki,2006-01-27,Male,bheki.zulu2649@student.example.ac.za,078 555 2734,"110 Merriman Ave, Stellenbosch, 7600"
22616960,Botha,Liam,2007-09-07,Male,liam.botha6960@student.example.ac.za,071 555 7665,"Room 310, Lentelus House, Stellenbosch, 7600"
25852267,Radebe,Precious,2003-10-06,Female,precious.radebe2267@student.example.ac.za,081 555 3838,"9 Plein St, Stellenbosch, 7600"
26727274,Van Wyk,Nomsa,2006-11-18,Female,nomsa.vanwyk7274@student.example.ac.za,084 555 3152,"52 Church St, Stellenbosch, 7600"
22907115,Cele,Callum,2004-08-09,Male,callum.cele7115@student.example.ac.za,083 555 3479,"Flat 26, 39 Merriman Ave, Stellenbosch, 7600"
23685774,Hendricks,Sarah,2007-06-25,Female,sarah.hendricks5774@student.example.ac.za,076 555 6661,"144 Andringa St, Stellenbosch, 7600"
26491164,Botha,Anri,2003-07-28,Female,anri.botha1164@student.example.ac.za,083 555 2082,"57 Merriman Ave, Stellenbosch, 7600"
27539885,Botha,Nomsa,2001-08-09,Female,nomsa.botha9885@student.example.ac.za,071 555 5368,"100 Merriman Ave, Stellenbosch, 7600"
22351817,Van Wyk,Christiaan,2003-11-09,Male,christiaan.vanwyk1817@student.example.ac.za,083 555 3248,"Room 372, Rozendal Lodge, Stellenbosch, 7600"
25971192,Zulu,Francois,2005-05-30,Male,francois.zulu1192@student.example.ac.za,076 555 8721,"120 Church St, Stellenbosch, 7600"
24435065,Williams,Xolani,2004-10-26,Male,xolani.williams5065@student.example.ac.za,060 555 2228,"88 Andringa St, Stellenbosch, 7600"
22073795,Le Roux,Dineo,2007-06-26,Female,dineo.leroux3795@student.example.ac.za,072 555 0543,"Room 194, Bergzicht Residence, Stellenbosch, 7600"
20018126,Visser,Chloe,2001-04-10,Female,chloe.visser8126@student.example.ac.za,084 555 6231,"Room 273, Kruispad Hall, Stellenbosch, 7600"
24032649,Pillay,Fatima,2005-06-19,Female,fatima.pillay2649@student.example.ac.za,076 555 1414,"127 Adam Tas Rd, Stellenbosch, 7600"
24728861,Molefe,Taylor,2005-03-07,Non-binary,taylor.molefe8861@student.example.ac.za,060 555 6282,"Room 270, Pniel Court, Stellenbosch, 7600"
23896678,Malan,Fikile,2005-12-26,Male,fikile.malan6678@student.example.ac.za,081 555 6191,"Room 137, Eikestad House, Stellenbosch, 7600"
22120081,Coetzee,Emma,2006-02-04,Female,emma.coetzee0081@student.example.ac.za,084 555 7364,"Flat 11, 152 Andringa St, Stellenbosch, 7600"
25048444,Maharaj,Kayla,2004-07-28,Female,kayla.maharaj8444@student.example.ac.za,078 555 6002,"Room 178, Lentelus House, Stellenbosch, 7600"
22512435,Malan,Ashwin,2006-07-04,Male,ashwin.malan2435@student.example.ac.za,073 555 9513,"84 Plein St, Stellenbosch, 7600"
26250638,Naidoo,Themba,2003-12-03,Male,themba.naidoo0638@student.example.ac.za,082 555 8564,"123 Dorp St, Stellenbosch, 7600"
21313883,Xaba,Olivia,2007-06-02,Female,olivia.xaba3883@student.example.ac.za,078 555 1709,"101 Neethling St, Stellenbosch, 7600"
21152348,Ndlovu,Francois,2000-02-06,Male,francois.ndlovu2348@student.example.ac.za,082 555 0633,"Room 219, Bergzicht Residence, Stellenbosch, 7600"
25464210,Engelbrecht,Neo,2005-08-26,Male,neo.engelbrecht4210@student.example.ac.za,084 555 9771,"Room 387, Oude Molen Hall, Stellenbosch, 7600"
20291388,Sithole,Pieter,2005-10-01,Male,pieter.sithole1388@student.example.ac.za,079 555 3061,"Flat 23, 109 Andringa St, Stellenbosch, 7600"
22663878,Tshabalala,Reanette,2005-04-14,Female,reanette.tshabalala3878@student.example.ac.za,071 555 1725,"Flat 13, 76 Plein St, Stellenbosch, 7600"
23591342,Lombard,Jana,2003-10-11,Female,jana.lombard1342@student.example.ac.za,083 555 3326,"Flat 9, 67 Adam Tas Rd, Stellenbosch, 7600"
20072231,Venter,Liam,2006-08-19,Male,liam.venter2231@student.example.ac.za,071 555 5571,"Room 355, Simonsberg House, Stellenbosch, 7600"
27956298,Le Roux,Emma,2007-05-17,Female,emma.leroux6298@student.example.ac.za,082 555 3509,"Room 143, Eikestad House, Stellenbosch, 7600"
24435360,Adams,Jana,2000-10-22,Female,jana.adams5360@student.example.ac.za,072 555 9865,"Flat 24, 143 Merriman Ave, Stellenbosch, 7600"
27746788,Fourie,Riaan,2003-01-09,Male,riaan.fourie6788@student.example.ac.za,078 555 4963,"Room 238, Pniel Court, Stellenbosch, 7600"
22970245,Adams,Zoe,2004-08-28,Female,zoe.adams0245@student.example.ac.za,082 555 8841,"Flat 26, 55 Adam Tas Rd, Stellenbosch, 7600"
25971629,Van der Merwe,Jaco,2005-03-09,Male,jaco.vandermerwe1629@student.example.ac.za,060 555 3768,"124 Helshoogte Rd, Stellenbosch, 7600"
25716532,Adams,Kayla,2003-09-04,Female,kayla.adams6532@student.example.ac.za,072 555 5833,"Room 300, Simonsberg House, Stellenbosch, 7600"
26096960,Lombard,Nomsa,2006-02-06,Female,nomsa.lombard6960@student.example.ac.za,084 555 0004,"Room 335, Bergzicht Residence, Stellenbosch, 7600"
20903906,Ndlovu,Hendrik,2006-11-08,Male,hendrik.ndlovu3906@student.example.ac.za,076 555 8982,"Room 236, Eikestad House, Stellenbosch, 7600"
26881911,Brits,Ashwin,2005-09-21,Male,ashwin.brits1911@student.example.ac.za,082 555 8847,"107 Victoria St, Stellenbosch, 7600"
25131183,Mbeki,Elri,2004-11-28,Female,elri.mbeki1183@student.example.ac.za,082 555 4476,"Room 211, Rozendal Lodge, Stellenbosch, 7600"
22238823,Cele,Bianca,2006-10-03,Female,bianca.cele8823@student.example.ac.za,079 555 8669,"Room 124, Kruispad Hall, Stellenbosch, 7600"
26480595,Coetzee,Maya,2005-03-24,Female,maya.coetzee0595@student.example.ac.za,083 555 8147,"Room 102, Lentelus House, Stellenbosch, 7600"
25757580,Tshabalala,Fatima,2003-11-23,Female,fatima.tshabalala7580@student.example.ac.za,082 555 3324,"39 Helshoogte Rd, Stellenbosch, 7600"
24904027,Du Plessis,Jana,2006-09-26,Female,jana.duplessis4027@student.example.ac.za,071 555 0192,"108 Plein St, Stellenbosch, 7600"
23914609,Maharaj,Jason,2006-11-01,Male,jason.maharaj4609@student.example.ac.za,073 555 9134,"99 Adam Tas Rd, Stellenbosch, 7600"
24835433,Jacobs,Elri,2007-09-25,Female,elri.jacobs5433@student.example.ac.za,072 555 6392,"Room 240, Rozendal Lodge, Stellenbosch, 7600"
21810430,Nel,Hannah,2005-05-11,Female,hannah.nel0430@student.example.ac.za,082 555 5992,"44 Plein St, Stellenbosch, 7600"
20635804,Lombard,Fatima,2006-10-30,Female,fatima.lombard5804@student.example.ac.za,079 555 6862,"Room 374, Pniel Court, Stellenbosch, 7600"
24380249,Mahlangu,Anele,2003-10-15,Female,anele.mahlangu0249@student.example.ac.za,081 555 4205,"11 Neethling St, Stellenbosch, 7600"
24884533,Sithole,Aisha,2006-06-27,Female,aisha.sithole4533@student.example.ac.za,060 555 9065,"78 Victoria St, Stellenbosch, 7600"
21991097,Lombard,Lerato,2004-07-09,Female,lerato.lombard1097@student.example.ac.za,083 555 4973,"Room 146, Eikestad House, Stellenbosch, 7600"
20122125,Naidoo,Ian,2002-02-05,Male,ian.naidoo2125@student.example.ac.za,076 555 8975,"Room 187, Bergzicht Residence, Stellenbosch, 7600"
22262735,Fourie,Lerato,2006-01-08,Female,lerato.fourie2735@student.example.ac.za,078 555 4300,"Room 418, Eikestad House, Stellenbosch, 7600"
20102938,Adams,Ian,2004-10-06,Male,ian.adams2938@student.example.ac.za,072 555 9437,"Flat 11, 82 Bird St, Stellenbosch, 7600"
22476607,Smit,Elri,2004-01-13,Female,elri.smit6607@student.example.ac.za,073 555 0923,"22 Ryneveld St, Stellenbosch, 7600"
24968771,Fourie,Jana,2007-06-16,Female,jana.fourie8771@student.example.ac.za,082 555 0877,"Room 329, Lentelus House, Stellenbosch, 7600"
27805989,Tshabalala,Buhle,2007-03-12,Female,buhle.tshabalala5989@student.example.ac.za,083 555 5591,"Flat 6, 132 Dorp St, Stellenbosch, 7600"
27648751,Govender,Daniel,2007-06-20,Male,daniel.govender8751@student.example.ac.za,071 555 8161,"Flat 17, 8 Andringa St, Stellenbosch, 7600"
22697400,Swanepoel,Brandon,2007-11-05,Male,brandon.swanepoel7400@student.example.ac.za,071 555 1540,"16 Plein St, Stellenbosch, 7600"
23048249,Botha,Imaan,2003-01-15,Female,imaan.botha8249@student.example.ac.za,081 555 5197,"Flat 14, 81 Bird St, Stellenbosch, 7600"
25650155,Petersen,Megan,2004-01-19,Female,megan.petersen0155@student.example.ac.za,081 555 3332,"Flat 4, 26 Banghoek Rd, Stellenbosch, 7600"
23823856,Swanepoel,Riaan,2008-04-07,Male,riaan.swanepoel3856@student.example.ac.za,076 555 0255,"Room 142, Eikestad House, Stellenbosch, 7600"
22850822,Swanepoel,Carmen,2004-02-15,Female,carmen.swanepoel0822@student.example.ac.za,083 555 0910,"22 Victoria St, Stellenbosch, 7600"
24399984,Nkosi,Gareth,2003-12-21,Male,gareth.nkosi9984@student.example.ac.za,083 555 4700,"90 Ryneveld St, Stellenbosch, 7600"
25989024,Kruger,Ashwin,2007-10-16,Male,ashwin.kruger9024@student.example.ac.za,082 555 7428,"Room 298, Lentelus House, Stellenbosch, 7600"
23053198,Adams,Rohan,2004-01-16,Male,rohan.adams3198@student.example.ac.za,072 555 5632,"60 Helshoogte Rd, Stellenbosch, 7600"
24020733,Zulu,Lerato,2002-06-20,Female,lerato.zulu0733@student.example.ac.za,072 555 8680,"Room 345, Kruispad Hall, Stellenbosch, 7600"
20090349,Cele,Zanele,2003-08-28,Female,zanele.cele0349@student.example.ac.za,083 555 6244,"42 Bird St, Stellenbosch, 7600"
27636477,Mokoena,Neo,2000-04-17,Male,neo.mokoena6477@student.example.ac.za,072 555 5172,"Room 401, Rozendal Lodge, Stellenbosch, 7600"
26897273,Pillay,Jaco,2004-03-13,Male,jaco.pillay7273@student.example.ac.za,073 555 4914,"Flat 12, 68 Victoria St, Stellenbosch, 7600"
27006623,Pather,Tshepo,2002-04-26,Male,tshepo.pather6623@student.example.ac.za,081 555 1723,"Room 290, Eikestad House, Stellenbosch, 7600"
22280960,Jansen,Amahle,2003-08-03,Female,amahle.jansen0960@student.example.ac.za,076 555 3656,"Flat 16, 130 Plein St, Stellenbosch, 7600"
22538480,Khumalo,Yusuf,2003-11-16,Male,yusuf.khumalo8480@student.example.ac.za,071 555 3482,"Room 202, Eikestad House, Stellenbosch, 7600"
22442555,Pretorius,Anri,2005-08-02,Female,anri.pretorius2555@student.example.ac.za,083 555 5487,"Room 359, Rozendal Lodge, Stellenbosch, 7600"
24587275,Lombard,Francois,2005-05-02,Male,francois.lombard7275@student.example.ac.za,082 555 3368,"Flat 6, 142 Dorp St, Stellenbosch, 7600"
21366909,Van der Merwe,Pieter,2006-06-01,Male,pieter.vandermerwe6909@student.example.ac.za,084 555 6927,"138 Banghoek Rd, Stellenbosch, 7600"
22469024,Molefe,Faith,2006-01-24,Female,faith.molefe9024@student.example.ac.za,071 555 1656,"144 Banghoek Rd, Stellenbosch, 7600"
22109287,Pather,Nkosana,2007-03-23,Male,nkosana.pather9287@student.example.ac.za,072 555 2224,"137 Neethling St, Stellenbosch, 7600"
23270429,Naidoo,Daniel,2007-09-12,Male,daniel.naidoo0429@student.example.ac.za,078 555 2788,"Flat 7, 54 Dorp St, Stellenbosch, 7600"
24551588,Cele,Thandi,2003-12-10,Female,thandi.cele1588@student.example.ac.za,072 555 4408,"Room 184, Kruispad Hall, Stellenbosch, 7600"
26985305,Radebe,Zoe,2006-06-27,Female,zoe.radebe5305@student.example.ac.za,084 555 0873,"Flat 10, 102 Banghoek Rd, Stellenbosch, 7600"
25236514,Meyer,Anele,2006-11-23,Female,anele.meyer6514@student.example.ac.za,082 555 9008,"Flat 5, 75 Helshoogte Rd, Stellenbosch, 7600"
23924804,Fourie,Tumelo,2005-10-07,Female,tumelo.fourie4804@student.example.ac.za,083 555 7387,"Flat 18, 39 Bird St, Stellenbosch, 7600"
23930938,Venter,Anele,2007-01-30,Female,anele.venter0938@student.example.ac.za,083 555 8644,"Room 215, Bergzicht Residence, Stellenbosch, 7600"
24115360,Zulu,Chanel,2007-05-27,Female,chanel.zulu5360@student.example.ac.za,060 555 6703,"117 Plein St, Stellenbosch, 7600"
23229828,Adams,Bheki,2005-01-24,Male,bheki.adams9828@student.example.ac.za,081 555 8181,"13 Church St, Stellenbosch, 7600"
21682593,Radebe,Sarah,2007-06-24,Female,sarah.radebe2593@student.example.ac.za,084 555 4553,"Room 281, Simonsberg House, Stellenbosch, 7600"
26735621,Molefe,Liezl,2005-01-22,Female,liezl.molefe5621@student.example.ac.za,082 555 9456,"Room 177, Simonsberg House, Stellenbosch, 7600"
24781018,Visser,Bheki,2005-04-23,Male,bheki.visser1018@student.example.ac.za,076 555 3277,"Room 359, Lentelus House, Stellenbosch, 7600"
27556224,Hendricks,Zakhele,2005-08-14,Male,zakhele.hendricks6224@student.example.ac.za,076 555 3186,"Room 370, Eikestad House, Stellenbosch, 7600"
22578498,Pather,Imaan,2003-06-24,Female,imaan.pather8498@student.example.ac.za,060 555 0796,"Room 288, Bergzicht Residence, Stellenbosch, 7600"
25875161,Hendricks,Lindiwe,2005-11-04,Female,lindiwe.hendricks5161@student.example.ac.za,072 555 4317,"94 Dorp St, Stellenbosch, 7600"
26328200,Botha,Xolani,2000-02-12,Male,xolani.botha8200@student.example.ac.za,084 555 8888,"29 Adam Tas Rd, Stellenbosch, 7600"
25760049,Ndlovu,Ian,2003-09-07,Male,ian.ndlovu0049@student.example.ac.za,060 555 4723,"113 Ryneveld St, Stellenbosch, 7600"
23627416,Tshabalala,Faith,2000-04-16,Female,faith.tshabalala7416@student.example.ac.za,081 555 5559,"87 Victoria St, Stellenbosch, 7600"
27535173,Nel,Lerato,2003-08-22,Female,lerato.nel5173@student.example.ac.za,078 555 6086,"109 Merriman Ave, Stellenbosch, 7600"
22961881,Xaba,Pieter,2005-12-12,Male,pieter.xaba1881@student.example.ac.za,072 555 8846,"Room 207, Bergzicht Residence, Stellenbosch, 7600"
21333941,Ndlovu,Nomsa,2005-04-18,Female,nomsa.ndlovu3941@student.example.ac.za,082 555 2641,"Room 196, Oude Molen Hall, Stellenbosch, 7600"
23072810,Govender,Faith,2004-02-12,Female,faith.govender2810@student.example.ac.za,084 555 7206,"103 Banghoek Rd, Stellenbosch, 7600"
22874980,Steyn,Liam,2003-10-01,Male,liam.steyn4980@student.example.ac.za,081 555 9101,"Room 314, Simonsberg House, Stellenbosch, 7600"
24119511,Sithole,Naledi,2003-11-08,Female,naledi.sithole9511@student.example.ac.za,060 555 4317,"Room 199, Pniel Court, Stellenbosch, 7600"
25179130,Naidoo,Christiaan,2005-01-06,Male,christiaan.naidoo9130@student.example.ac.za,072 555 8662,"156 Merriman Ave, Stellenbosch, 7600"
23882190,Maharaj,Christiaan,2007-06-16,Male,christiaan.maharaj2190@student.example.ac.za,081 555 7486,"Room 292, Rozendal Lodge, Stellenbosch, 7600"
24688975,Brits,Imaan,2005-09-22,Female,imaan.brits8975@student.example.ac.za,073 555 6368,"1 Merriman Ave, Stellenbosch, 7600"
26453782,Swanepoel,Themba,2005-08-04,Male,themba.swanepoel3782@student.example.ac.za,060 555 8275,"Room 367, Pniel Court, Stellenbosch, 7600"
24791598,Fourie,Zakhele,2005-06-07,Male,zakhele.fourie1598@student.example.ac.za,078 555 0438,"Room 220, Bergzicht Residence, Stellenbosch, 7600"
23629874,Tshabalala,Ashwin,2005-04-13,Male,ashwin.tshabalala9874@student.example.ac.za,081 555 2756,"19 Banghoek Rd, Stellenbosch, 7600"
23072572,Hendricks,Karabo,2004-11-08,Female,karabo.hendricks2572@student.example.ac.za,084 555 9010,"94 Ryneveld St, Stellenbosch, 7600"
24591040,Jacobs,Ashwin,2004-04-06,Male,ashwin.jacobs1040@student.example.ac.za,071 555 8359,"Room 301, Pniel Court, Stellenbosch, 7600"
24913723,Ndlovu,Palesa,2001-10-04,Female,palesa.ndlovu3723@student.example.ac.za,072 555 1286,"Flat 11, 53 Neethling St, Stellenbosch, 7600"
26155089,Nkosi,Mpho,2006-01-19,Male,mpho.nkosi5089@student.example.ac.za,082 555 3546,"Flat 1, 50 Dorp St, Stellenbosch, 7600"
22234977,Govender,Thandi,2003-08-09,Female,thandi.govender4977@student.example.ac.za,073 555 3381,"145 Banghoek Rd, Stellenbosch, 7600"
27711766,Petersen,Mandla,2004-06-07,Male,mandla.petersen1766@student.example.ac.za,078 555 5584,"54 Dorp St, Stellenbosch, 7600"
20264466,Engelbrecht,Thabo,2001-12-02,Male,thabo.engelbrecht4466@student.example.ac.za,078 555 1323,"69 Ryneveld St, Stellenbosch, 7600"
20236483,Kruger,Amahle,2005-07-31,Female,amahle.kruger6483@student.example.ac.za,084 555 7575,"Room 118, Simonsberg House, Stellenbosch, 7600"
25942907,Du Plessis,Ian,2004-08-17,Male,ian.duplessis2907@student.example.ac.za,072 555 6897,"Room 230, Lentelus House, Stellenbosch, 7600"
27168413,Radebe,Anele,2006-09-03,Female,anele.radebe8413@student.example.ac.za,084 555 7453,"Room 162, Rozendal Lodge, Stellenbosch, 7600"
21825608,Petersen,Fatima,2007-03-01,Female,fatima.petersen5608@student.example.ac.za,073 555 8072,"Room 303, Simonsberg House, Stellenbosch, 7600"
20670424,Malan,Andile,2006-11-04,Male,andile.malan0424@student.example.ac.za,079 555 2563,"Flat 22, 66 Adam Tas Rd, Stellenbosch, 7600"
20214271,Molefe,Tumelo,2002-03-29,Female,tumelo.molefe4271@student.example.ac.za,084 555 4264,"148 Dorp St, Stellenbosch, 7600"
21520396,Mbeki,Lerato,2008-08-24,Female,lerato.mbeki0396@student.example.ac.za,060 555 3823,"Flat 5, 101 Plein St, Stellenbosch, 7600"
22533673,Mahlangu,Riaan,2002-12-04,Male,riaan.mahlangu3673@student.example.ac.za,072 555 0907,"119 Neethling St, Stellenbosch, 7600"
20117591,Petersen,Xolani,2007-03-14,Male,xolani.petersen7591@student.example.ac.za,082 555 6874,"78 Dorp St, Stellenbosch, 7600"
25976663,Steyn,Olivia,2004-09-26,Female,olivia.steyn6663@student.example.ac.za,060 555 6827,"Flat 14, 141 Plein St, Stellenbosch, 7600"
25516221,Fourie,Buhle,2005-03-16,Female,buhle.fourie6221@student.example.ac.za,060 555 1425,"Flat 22, 154 Church St, Stellenbosch, 7600"
20672521,Adams,Yusuf,2007-10-12,Male,yusuf.adams2521@student.example.ac.za,060 555 7540,"Room 347, Kruispad Hall, Stellenbosch, 7600"
25468669,Engelbrecht,Tshepo,2007-07-25,Male,tshepo.engelbrecht8669@student.example.ac.za,076 555 0226,"Flat 19, 150 Church St, Stellenbosch, 7600"
23277848,Van der Merwe,Daniel,2003-06-26,Male,daniel.vandermerwe7848@student.example.ac.za,071 555 1271,"Room 363, Bergzicht Residence, Stellenbosch, 7600"
21588597,Brits,Anele,2005-01-20,Female,anele.brits8597@student.example.ac.za,076 555 4350,"Room 177, Kruispad Hall, Stellenbosch, 7600"
22528871,Mokoena,Xolani,2004-09-04,Male,xolani.mokoena8871@student.example.ac.za,072 555 2162,"Room 399, Pniel Court, Stellenbosch, 7600"
27036455,Hendricks,Palesa,2006-03-19,Female,palesa.hendricks6455@student.example.ac.za,078 555 4521,"Flat 4, 11 Andringa St, Stellenbosch, 7600"
27651250,Booysen,Tiaan,2003-01-06,Male,tiaan.booysen1250@student.example.ac.za,082 555 9910,"Flat 19, 94 Adam Tas Rd, Stellenbosch, 7600"
23619007,Du Plessis,Zanele,2004-08-10,Female,zanele.duplessis9007@student.example.ac.za,081 555 6716,"Flat 1, 107 Helshoogte Rd, Stellenbosch, 7600"
26260521,Van der Merwe,Imaan,2001-06-02,Female,imaan.vandermerwe0521@student.example.ac.za,073 555 8227,"Room 145, Eikestad House, Stellenbosch, 7600"
20489552,Van der Merwe,Gareth,2005-10-21,Male,gareth.vandermerwe9552@student.example.ac.za,079 555 7570,"Flat 1, 58 Plein St, Stellenbosch, 7600"
25250766,Venter,Zanele,2005-03-09,Female,zanele.venter0766@student.example.ac.za,060 555 7677,"Room 399, Lentelus House, Stellenbosch, 7600"
20872729,Visser,Ethan,2002-02-05,Male,ethan.visser2729@student.example.ac.za,082 555 1282,"Flat 5, 151 Merriman Ave, Stellenbosch, 7600"
24973124,Khumalo,Zoe,2007-02-11,Female,zoe.khumalo3124@student.example.ac.za,073 555 1385,"Room 169, Eikestad House, Stellenbosch, 7600"
21744757,Visser,Callum,2003-07-17,Male,callum.visser4757@student.example.ac.za,081 555 9748,"Flat 3, 157 Church St, Stellenbosch, 7600"
20947146,Dlamini,Anele,2006-10-18,Female,anele.dlamini7146@student.example.ac.za,060 555 2889,"109 Banghoek Rd, Stellenbosch, 7600"
24900020,Coetzee,Ashwin,2003-10-03,Male,ashwin.coetzee0020@student.example.ac.za,082 555 8774,"2 Plein St, Stellenbosch, 7600"
26565471,Pather,Themba,2002-11-21,Male,themba.pather5471@student.example.ac.za,060 555 1789,"Room 222, Kruispad Hall, Stellenbosch, 7600"
20930973,Smit,Jaco,2004-03-04,Male,jaco.smit0973@student.example.ac.za,081 555 2783,"Flat 25, 97 Victoria St, Stellenbosch, 7600"
21443644,Booysen,Tumelo,2005-02-09,Female,tumelo.booysen3644@student.example.ac.za,084 555 7784,"34 Andringa St, Stellenbosch, 7600"
22662373,Visser,Jordan,2002-09-03,Non-binary,jordan.visser2373@student.example.ac.za,083 555 0494,"16 Bird St, Stellenbosch, 7600"
23684691,Radebe,Jason,2006-06-15,Male,jason.radebe4691@student.example.ac.za,082 555 3303,"30 Helshoogte Rd, Stellenbosch, 7600"
26843530,Booysen,Aisha,2006-07-19,Female,aisha.booysen3530@student.example.ac.za,078 555 8943,"136 Ryneveld St, Stellenbosch, 7600"
24639432,Pillay,Emma,2004-05-10,Female,emma.pillay9432@student.example.ac.za,071 555 1093,"Flat 13, 5 Andringa St, Stellenbosch, 7600"
20552715,Tshabalala,Thabo,2007-09-13,Male,thabo.tshabalala2715@student.example.ac.za,078 555 3417,"Room 107, Bergzicht Residence, Stellenbosch, 7600"
24792901,Dlamini,Liam,2003-05-05,Male,liam.dlamini2901@student.example.ac.za,071 555 9696,"Room 327, Eikestad House, Stellenbosch, 7600"
21118212,Mbeki,Sibusiso,2002-07-29,Male,sibusiso.mbeki8212@student.example.ac.za,084 555 1984,"Flat 26, 98 Victoria St, Stellenbosch, 7600"
27262250,Molefe,Yusuf,2002-01-01,Male,yusuf.molefe2250@student.example.ac.za,079 555 3563,"Flat 19, 25 Helshoogte Rd, Stellenbosch, 7600"
24698631,Tshabalala,Mandla,2008-08-08,Male,mandla.tshabalala8631@student.example.ac.za,083 555 0990,"Room 356, Lentelus House, Stellenbosch, 7600"
26207893,Du Plessis,Zanele,2006-07-16,Female,zanele.duplessis7893@student.example.ac.za,060 555 8978,"Room 320, Pniel Court, Stellenbosch, 7600"
22433561,Nel,Ethan,2006-10-26,Male,ethan.nel3561@student.example.ac.za,083 555 7845,"Room 205, Rozendal Lodge, Stellenbosch, 7600"
25424606,Sithole,Thabo,2004-01-15,Male,thabo.sithole4606@student.example.ac.za,082 555 6014,"Room 193, Oude Molen Hall, Stellenbosch, 7600"
25644260,Van Wyk,Anri,2005-07-27,Female,anri.vanwyk4260@student.example.ac.za,073 555 6663,"115 Merriman Ave, Stellenbosch, 7600"
23820914,Venter,Deon,2005-07-04,Male,deon.venter0914@student.example.ac.za,081 555 2198,"Room 226, Eikestad House, Stellenbosch, 7600"
21452364,Mbeki,Precious,2002-08-22,Female,precious.mbeki2364@student.example.ac.za,071 555 9656,"Room 404, Pniel Court, Stellenbosch, 7600"
27982140,Molefe,Andile,2004-03-18,Male,andile.molefe2140@student.example.ac.za,083 555 6731,"Flat 16, 3 Victoria St, Stellenbosch, 7600"
21726615,Mahlangu,Anri,2005-02-04,Female,anri.mahlangu6615@student.example.ac.za,079 555 7036,"119 Dorp St, Stellenbosch, 7600"
21529114,Mokoena,Jana,2002-10-02,Female,jana.mokoena9114@student.example.ac.za,081 555 3249,"Flat 13, 24 Helshoogte Rd, Stellenbosch, 7600"
21851156,Kruger,Zoe,2004-11-02,Female,zoe.kruger1156@student.example.ac.za,072 555 7737,"Flat 15, 115 Victoria St, Stellenbosch, 7600"
25792746,Radebe,Palesa,2008-02-06,Female,palesa.radebe2746@student.example.ac.za,060 555 2545,"Room 320, Lentelus House, Stellenbosch, 7600"
21242926,Botha,Wian,2004-08-12,Male,wian.botha2926@student.example.ac.za,071 555 6766,"Room 129, Pniel Court, Stellenbosch, 7600"
23157094,Tshabalala,Imaan,2004-07-25,Female,imaan.tshabalala7094@student.example.ac.za,076 555 8063,"Room 131, Eikestad House, Stellenbosch, 7600"
23443905,Molefe,Naledi,2002-06-26,Female,naledi.molefe3905@student.example.ac.za,078 555 8022,"Room 267, Lentelus House, Stellenbosch, 7600"
20061809,Nkosi,Bheki,2007-11-19,Male,bheki.nkosi1809@student.example.ac.za,071 555 9154,"43 Church St, Stellenbosch, 7600"
21962632,Pather,Brandon,2006-10-26,Male,brandon.pather2632@student.example.ac.za,082 555 1280,"Room 363, Eikestad House, Stellenbosch, 7600"
27245835,Smit,Lungile,2005-07-22,Male,lungile.smit5835@student.example.ac.za,083 555 2038,"Room 167, Simonsberg House, Stellenbosch, 7600"
21427293,Swanepoel,Olivia,2006-01-11,Female,olivia.swanepoel7293@student.example.ac.za,081 555 6083,"Room 180, Bergzicht Residence, Stellenbosch, 7600"
20280999,Jacobs,Christiaan,2005-07-04,Male,christiaan.jacobs0999@student.example.ac.za,072 555 4263,"Room 183, Lentelus House, Stellenbosch, 7600"
21898293,Van der Merwe,Fatima,2005-08-17,Female,fatima.vandermerwe8293@student.example.ac.za,081 555 3853,"Flat 5, 122 Church St, Stellenbosch, 7600"
24984264,Tshabalala,Lungile,2004-04-02,Male,lungile.tshabalala4264@student.example.ac.za,073 555 6030,"Room 386, Oude Molen Hall, Stellenbosch, 7600"
24569867,Visser,Nomsa,2006-09-06,Female,nomsa.visser9867@student.example.ac.za,073 555 5932,"Room 386, Simonsberg House, Stellenbosch, 7600"
22814039,Mbeki,Nkosana,2006-10-18,Male,nkosana.mbeki4039@student.example.ac.za,079 555 6748,"16 Victoria St, Stellenbosch, 7600"
21232628,Jansen,Fikile,2006-05-02,Male,fikile.jansen2628@student.example.ac.za,073 555 3283,"34 Banghoek Rd, Stellenbosch, 7600"
25119376,Khumalo,Lungile,2005-09-17,Male,lungile.khumalo9376@student.example.ac.za,082 555 7986,"116 Neethling St, Stellenbosch, 7600"
24435692,Le Roux,Gugu,2006-02-21,Female,gugu.leroux5692@student.example.ac.za,076 555 0082,"Room 189, Simonsberg House, Stellenbosch, 7600"
25981306,Cele,Sibusiso,2004-11-13,Male,sibusiso.cele1306@student.example.ac.za,084 555 8891,"Flat 17, 43 Ryneveld St, Stellenbosch, 7600"
22643108,Fourie,Tumelo,2003-11-22,Female,tumelo.fourie3108@student.example.ac.za,083 555 3011,"Flat 21, 108 Neethling St, Stellenbosch, 7600"
27337639,Williams,Jaco,2007-10-15,Male,jaco.williams7639@student.example.ac.za,060 555 6264,"Room 379, Simonsberg House, Stellenbosch, 7600"
22282266,Le Roux,Palesa,2003-06-20,Female,palesa.leroux2266@student.example.ac.za,082 555 2462,"Flat 26, 64 Adam Tas Rd, Stellenbosch, 7600"
22474796,Kruger,Faith,2003-06-16,Female,faith.kruger4796@student.example.ac.za,078 555 6775,"Flat 16, 140 Bird St, Stellenbosch, 7600"
24203443,Malan,Chanel,2000-07-01,Female,chanel.malan3443@student.example.ac.za,073 555 7144,"Room 385, Lentelus House, Stellenbosch, 7600"
26959881,Meyer,Mandla,2008-06-08,Male,mandla.meyer9881@student.example.ac.za,082 555 0697,"111 Adam Tas Rd, Stellenbosch, 7600"
25625005,Williams,Megan,2001-04-18,Female,megan.williams5005@student.example.ac.za,082 555 8304,"2 Merriman Ave, Stellenbosch, 7600"
25378573,Pillay,Aisha,2003-06-28,Female,aisha.pillay8573@student.example.ac.za,060 555 3251,"Flat 10, 103 Banghoek Rd, Stellenbosch, 7600"
20696342,Du Plessis,Fatima,2002-03-24,Female,fatima.duplessis6342@student.example.ac.za,072 555 3902,"36 Victoria St, Stellenbosch, 7600"
22900670,Xaba,Zoe,2004-06-23,Female,zoe.xaba0670@student.example.ac.za,078 555 5717,"Room 279, Lentelus House, Stellenbosch, 7600"
23570809,Engelbrecht,Lindiwe,2005-02-23,Female,lindiwe.engelbrecht0809@student.example.ac.za,060 555 5659,"25 Bird St, Stellenbosch, 7600"
21068742,Engelbrecht,Yusuf,2008-04-17,Male,yusuf.engelbrecht8742@student.example.ac.za,072 555 3826,"Flat 24, 39 Bird St, Stellenbosch, 7600"
27430714,Mokoena,Hendrik,2006-12-03,Male,hendrik.mokoena0714@student.example.ac.za,083 555 3902,"Room 136, Kruispad Hall, Stellenbosch, 7600"
23293009,Jansen,Zanele,2007-03-26,Female,zanele.jansen3009@student.example.ac.za,083 555 6835,"Room 411, Kruispad Hall, Stellenbosch, 7600"
22504704,Naidoo,Elri,2000-04-28,Female,elri.naidoo4704@student.example.ac.za,082 555 7992,"Room 352, Pniel Court, Stellenbosch, 7600"
26663998,Le Roux,Rohan,2001-09-29,Male,rohan.leroux3998@student.example.ac.za,078 555 0779,"Flat 11, 3 Merriman Ave, Stellenbosch, 7600"
21513851,Engelbrecht,Nomsa,2007-11-02,Female,nomsa.engelbrecht3851@student.example.ac.za,083 555 4514,"Flat 8, 102 Dorp St, Stellenbosch, 7600"
24140032,Swanepoel,Palesa,2000-05-02,Female,palesa.swanepoel0032@student.example.ac.za,076 555 8897,"11 Andringa St, Stellenbosch, 7600"
22219865,Du Plessis,Elri,2005-08-26,Female,elri.duplessis9865@student.example.ac.za,078 555 2260,"Room 343, Lentelus House, Stellenbosch, 7600"
22009139,Venter,Gugu,2003-01-19,Female,gugu.venter9139@student.example.ac.za,076 555 8711,"5 Church St, Stellenbosch, 7600"
21254420,Nel,Kagiso,2004-10-04,Male,kagiso.nel4420@student.example.ac.za,079 555 5066,"Room 322, Rozendal Lodge, Stellenbosch, 7600"
22520723,Botha,Hannah,2002-09-29,Female,hannah.botha0723@student.example.ac.za,084 555 5627,"Room 368, Pniel Court, Stellenbosch, 7600"
24484243,Hendricks,Fatima,2005-08-01,Female,fatima.hendricks4243@student.example.ac.za,081 555 5417,"71 Banghoek Rd, Stellenbosch, 7600"
27736961,Dlamini,Palesa,2005-07-25,Female,palesa.dlamini6961@student.example.ac.za,076 555 8112,"111 Andringa St, Stellenbosch, 7600"
24040001,Van Wyk,Anri,2008-07-06,Female,anri.vanwyk0001@student.example.ac.za,060 555 3202,"Room 393, Lentelus House, Stellenbosch, 7600"
22941035,Ndlovu,Maya,2008-08-22,Female,maya.ndlovu1035@student.example.ac.za,060 555 9675,"32 Dorp St, Stellenbosch, 7600"
24425899,Nel,Gareth,2008-07-11,Male,gareth.nel5899@student.example.ac.za,071 555 0837,"115 Dorp St, Stellenbosch, 7600"
22274535,Fourie,Chloe,2004-07-01,Female,chloe.fourie4535@student.example.ac.za,081 555 1821,"Room 181, Kruispad Hall, Stellenbosch, 7600"
27235913,Botha,Daniel,2006-02-03,Prefer not to say,daniel.botha5913@student.example.ac.za,076 555 1879,"Room 318, Eikestad House, Stellenbosch, 7600"
26594367,Mahlangu,Thandi,2005-12-13,Female,thandi.mahlangu4367@student.example.ac.za,071 555 6570,"Room 341, Rozendal Lodge, Stellenbosch, 7600"
20140335,Malan,Chloe,2006-06-11,Female,chloe.malan0335@student.example.ac.za,073 555 6436,"Flat 15, 54 Plein St, Stellenbosch, 7600"
25325791,Venter,Elri,2007-01-07,Female,elri.venter5791@student.example.ac.za,083 555 8399,"127 Adam Tas Rd, Stellenbosch, 7600"
20642380,Visser,Chanel,2005-03-24,Female,chanel.visser2380@student.example.ac.za,081 555 3230,"Room 216, Eikestad House, Stellenbosch, 7600"
21803347,Coetzee,Anri,2007-07-22,Female,anri.coetzee3347@student.example.ac.za,060 555 2195,"71 Ryneveld St, Stellenbosch, 7600"
26423774,Ndlovu,Nomsa,2006-12-16,Female,nomsa.ndlovu3774@student.example.ac.za,060 555 6590,"149 Helshoogte Rd, Stellenbosch, 7600"
26624885,Steyn,Ashwin,2004-03-26,Male,ashwin.steyn4885@student.example.ac.za,084 555 6724,"Room 409, Lentelus House, Stellenbosch, 7600"
21673915,Visser,Lungile,2007-09-07,Male,lungile.visser3915@student.example.ac.za,084 555 4182,"Room 104, Kruispad Hall, Stellenbosch, 7600"
22318195,Hendricks,Reanette,2004-03-12,Female,reanette.hendricks8195@student.example.ac.za,081 555 8196,"Room 348, Lentelus House, Stellenbosch, 7600"
25255718,Williams,Jaco,2004-12-27,Male,jaco.williams5718@student.example.ac.za,082 555 1246,"Room 193, Kruispad Hall, Stellenbosch, 7600"
21222743,Jacobs,Dineo,2006-10-25,Female,dineo.jacobs2743@student.example.ac.za,081 555 6383,"Room 405, Pniel Court, Stellenbosch, 7600"
20191194,Petersen,Chloe,2003-11-16,Female,chloe.petersen1194@student.example.ac.za,071 555 1711,"122 Andringa St, Stellenbosch, 7600"
26559602,Hendricks,Ari,2006-09-03,Non-binary,ari.hendricks9602@student.example.ac.za,083 555 6288,"Flat 5, 87 Andringa St, Stellenbosch, 7600"
25671110,Radebe,Maya,2006-03-13,Female,maya.radebe1110@student.example.ac.za,076 555 3334,"Room 380, Eikestad House, Stellenbosch, 7600"
22476494,Maharaj,Precious,2006-02-17,Female,precious.maharaj6494@student.example.ac.za,072 555 0651,"Room 233, Kruispad Hall, Stellenbosch, 7600"
23650364,Jacobs,Gugu,2007-07-18,Female,gugu.jacobs0364@student.example.ac.za,071 555 8409,"Room 384, Bergzicht Residence, Stellenbosch, 7600"
25757035,Molefe,Ethan,2007-11-26,Male,ethan.molefe7035@student.example.ac.za,078 555 2750,"Flat 5, 137 Neethling St, Stellenbosch, 7600"
20401156,Coetzee,Reanette,2006-05-30,Female,reanette.coetzee1156@student.example.ac.za,082 555 7691,"Room 322, Bergzicht Residence, Stellenbosch, 7600"
26311532,Swanepoel,Deon,2000-05-02,Male,deon.swanepoel1532@student.example.ac.za,082 555 0898,"Flat 26, 143 Plein St, Stellenbosch, 7600"
22176832,Mokoena,Ashwin,2004-07-14,Prefer not to say,ashwin.mokoena6832@student.example.ac.za,084 555 6261,"123 Victoria St, Stellenbosch, 7600"
21901009,Swanepoel,Xolani,2005-10-11,Male,xolani.swanepoel1009@student.example.ac.za,079 555 0754,"Room 360, Oude Molen Hall, Stellenbosch, 7600"
24876113,Smit,Gareth,2001-03-23,Male,gareth.smit6113@student.example.ac.za,084 555 9913,"49 Victoria St, Stellenbosch, 7600"
21879551,Mokoena,Palesa,2006-04-09,Female,palesa.mokoena9551@student.example.ac.za,060 555 1286,"Room 176, Bergzicht Residence, Stellenbosch, 7600"
26034619,Pretorius,Megan,2007-01-07,Female,megan.pretorius4619@student.example.ac.za,073 555 3094,"127 Bird St, Stellenbosch, 7600"
23339956,Tshabalala,Kagiso,2004-05-31,Male,kagiso.tshabalala9956@student.example.ac.za,084 555 7577,"Room 133, Kruispad Hall, Stellenbosch, 7600"
20038104,Khumalo,Christiaan,2003-12-27,Male,christiaan.khumalo8104@student.example.ac.za,079 555 6491,"Flat 28, 120 Victoria St, Stellenbosch, 7600"
21286303,Nkosi,Emma,2006-12-03,Female,emma.nkosi6303@student.example.ac.za,079 555 4096,"Room 342, Pniel Court, Stellenbosch, 7600"
22900266,Mahlangu,Xolani,2007-07-30,Male,xolani.mahlangu0266@student.example.ac.za,072 555 2422,"Room 245, Bergzicht Residence, Stellenbosch, 7600"
22717433,Nel,Sibusiso,2005-09-27,Male,sibusiso.nel7433@student.example.ac.za,079 555 8830,"Room 395, Eikestad House, Stellenbosch, 7600"
21080132,Steyn,Neo,2006-04-28,Male,neo.steyn0132@student.example.ac.za,083 555 0099,"Room 386, Simonsberg House, Stellenbosch, 7600"
20576318,Du Plessis,Buhle,2004-10-30,Female,buhle.duplessis6318@student.example.ac.za,084 555 3053,"Flat 29, 97 Andringa St, Stellenbosch, 7600"
24880344,Williams,Sarah,2005-12-21,Female,sarah.williams0344@student.example.ac.za,082 555 5930,"Room 343, Lentelus House, Stellenbosch, 7600"
25122867,Smit,Mandla,2003-02-15,Male,mandla.smit2867@student.example.ac.za,083 555 8209,"Flat 6, 137 Dorp St, Stellenbosch, 7600"
22678067,Lombard,Jana,2001-12-27,Female,jana.lombard8067@student.example.ac.za,083 555 1870,"Flat 26, 106 Church St, Stellenbosch, 7600"
22773831,Brits,Precious,2004-05-30,Female,precious.brits3831@student.example.ac.za,078 555 3237,"Flat 20, 156 Adam Tas Rd, Stellenbosch, 7600"
20712098,Venter,Yusuf,2004-03-12,Male,yusuf.venter2098@student.example.ac.za,060 555 0902,"Room 407, Bergzicht Residence, Stellenbosch, 7600"
26144440,Steyn,Carmen,2004-09-19,Female,carmen.steyn4440@student.example.ac.za,083 555 4785,"Flat 3, 23 Church St, Stellenbosch, 7600"
25037412,Zulu,Lindiwe,2006-10-11,Female,lindiwe.zulu7412@student.example.ac.za,078 555 9312,"Room 192, Simonsberg House, Stellenbosch, 7600"
22344340,Hendricks,Jaco,2006-12-30,Male,jaco.hendricks4340@student.example.ac.za,079 555 6086,"Flat 1, 145 Ryneveld St, Stellenbosch, 7600"
20237067,Cele,Chloe,2006-01-15,Female,chloe.cele7067@student.example.ac.za,076 555 2684,"54 Victoria St, Stellenbosch, 7600"
24440871,Jacobs,Sarah,2003-04-30,Female,sarah.jacobs0871@student.example.ac.za,079 555 6448,"Room 270, Bergzicht Residence, Stellenbosch, 7600"
27470695,Xaba,Reanette,2007-01-25,Female,reanette.xaba0695@student.example.ac.za,071 555 0403,"Room 227, Eikestad House, Stellenbosch, 7600"
24222848,Mahlangu,Buhle,2007-03-12,Female,buhle.mahlangu2848@student.example.ac.za,081 555 7588,"87 Helshoogte Rd, Stellenbosch, 7600"
24464989,Hendricks,Zanele,2007-01-26,Female,zanele.hendricks4989@student.example.ac.za,078 555 1583,"Room 294, Simonsberg House, Stellenbosch, 7600"
20172841,Pretorius,Zinhle,2005-04-06,Female,zinhle.pretorius2841@student.example.ac.za,084 555 4664,"93 Dorp St, Stellenbosch, 7600"
24551023,Petersen,Pieter,2006-09-11,Male,pieter.petersen1023@student.example.ac.za,073 555 6038,"Room 306, Lentelus House, Stellenbosch, 7600"
25882691,Sithole,Kayla,2000-02-21,Female,kayla.sithole2691@student.example.ac.za,060 555 7143,"Room 356, Rozendal Lodge, Stellenbosch, 7600"
21012698,Mahlangu,Ian,2008-01-11,Male,ian.mahlangu2698@student.example.ac.za,076 555 6768,"12 Church St, Stellenbosch, 7600"
23454314,Meyer,Lindiwe,2002-10-20,Female,lindiwe.meyer4314@student.example.ac.za,084 555 1852,"Flat 25, 19 Ryneveld St, Stellenbosch, 7600"
25982793,Meyer,Bianca,2006-09-24,Female,bianca.meyer2793@student.example.ac.za,082 555 6573,"Room 245, Simonsberg House, Stellenbosch, 7600"
26044497,Sithole,Francois,2001-08-18,Male,francois.sithole4497@student.example.ac.za,083 555 3962,"99 Andringa St, Stellenbosch, 7600"
21871708,Smit,Gugu,2003-08-05,Female,gugu.smit1708@student.example.ac.za,079 555 8139,"119 Neethling St, Stellenbosch, 7600"
23611569,Maharaj,Kabelo,2005-12-23,Male,kabelo.maharaj1569@student.example.ac.za,081 555 5818,"Flat 11, 2 Plein St, Stellenbosch, 7600"
26952310,Mokoena,Deon,2005-03-28,Male,deon.mokoena2310@student.example.ac.za,073 555 3000,"Flat 21, 88 Ryneveld St, Stellenbosch, 7600"
27328310,Tshabalala,Chloe,2004-02-02,Female,chloe.tshabalala8310@student.example.ac.za,073 555 2352,"Room 209, Kruispad Hall, Stellenbosch, 7600"
23362272,Cele,Precious,2004-07-22,Female,precious.cele2272@student.example.ac.za,076 555 8407,"123 Ryneveld St, Stellenbosch, 7600"
20131807,Molefe,Chloe,2007-02-22,Female,chloe.molefe1807@student.example.ac.za,060 555 1136,"Room 388, Bergzicht Residence, Stellenbosch, 7600"
23700426,Hendricks,Fatima,2007-01-16,Female,fatima.hendricks0426@student.example.ac.za,082 555 8791,"Room 386, Eikestad House, Stellenbosch, 7600"
22412822,Coetzee,Anele,2006-06-26,Female,anele.coetzee2822@student.example.ac.za,073 555 9083,"Room 410, Lentelus House, Stellenbosch, 7600"
20815185,Swanepoel,Gareth,2005-01-08,Male,gareth.swanepoel5185@student.example.ac.za,060 555 7432,"48 Merriman Ave, Stellenbosch, 7600"
20881349,Naidoo,Ian,2005-06-16,Male,ian.naidoo1349@student.example.ac.za,079 555 6608,"Room 229, Rozendal Lodge, Stellenbosch, 7600"
23541056,Pillay,Gugu,2007-07-19,Female,gugu.pillay1056@student.example.ac.za,081 555 1602,"45 Victoria St, Stellenbosch, 7600"
23453681,Adams,Brandon,2005-02-28,Male,brandon.adams3681@student.example.ac.za,084 555 5250,"Room 232, Bergzicht Residence, Stellenbosch, 7600"
22186053,Williams,Ian,2006-02-26,Male,ian.williams6053@student.example.ac.za,073 555 3088,"Flat 4, 64 Helshoogte Rd, Stellenbosch, 7600"
24615688,Khumalo,Palesa,2004-05-07,Female,palesa.khumalo5688@student.example.ac.za,084 555 5471,"Room 359, Eikestad House, Stellenbosch, 7600"
26200881,Steyn,Carmen,2004-09-02,Female,carmen.steyn0881@student.example.ac.za,076 555 3864,"Room 344, Lentelus House, Stellenbosch, 7600"
23538499,Botha,Thandi,2001-09-30,Female,thandi.botha8499@student.example.ac.za,083 555 5152,"105 Church St, Stellenbosch, 7600"
26133732,Brits,Dineo,2006-01-14,Female,dineo.brits3732@student.example.ac.za,082 555 1211,"Room 122, Kruispad Hall, Stellenbosch, 7600"
25326880,Venter,Emma,2000-06-25,Female,emma.venter6880@student.example.ac.za,073 555 7706,"Room 151, Simonsberg House, Stellenbosch, 7600"
21525622,Engelbrecht,Kayla,2002-05-23,Female,kayla.engelbrecht5622@student.example.ac.za,081 555 1938,"Room 251, Pniel Court, Stellenbosch, 7600"
25044126,Booysen,Rohan,2007-09-18,Male,rohan.booysen4126@student.example.ac.za,060 555 0016,"Room 104, Bergzicht Residence, Stellenbosch, 7600"
20505424,Adams,Faith,2007-06-21,Female,faith.adams5424@student.example.ac.za,073 555 8998,"Room 318, Rozendal Lodge, Stellenbosch, 7600"
22208821,Williams,Elri,2004-11-07,Female,elri.williams8821@student.example.ac.za,072 555 0642,"56 Dorp St, Stellenbosch, 7600"
26448647,Smit,Jason,2006-08-07,Male,jason.smit8647@student.example.ac.za,084 555 3097,"100 Banghoek Rd, Stellenbosch, 7600"
20912545,Botha,Hannah,2005-07-17,Female,hannah.botha2545@student.example.ac.za,071 555 1090,"86 Andringa St, Stellenbosch, 7600"
20332053,Adams,Anri,2005-06-08,Female,anri.adams2053@student.example.ac.za,081 555 1527,"Room 402, Kruispad Hall, Stellenbosch, 7600"
22455528,Du Plessis,Aisha,2003-03-05,Female,aisha.duplessis5528@student.example.ac.za,072 555 3061,"Room 133, Rozendal Lodge, Stellenbosch, 7600"
25437239,Fourie,Zinhle,2006-11-18,Female,zinhle.fourie7239@student.example.ac.za,084 555 4024,"14 Banghoek Rd, Stellenbosch, 7600"
24242682,Steyn,Hendrik,2006-06-07,Male,hendrik.steyn2682@student.example.ac.za,073 555 1021,"Room 162, Simonsberg House, Stellenbosch, 7600"
27027034,Williams,Alex,2006-09-09,Prefer not to say,alex.williams7034@student.example.ac.za,079 555 0127,"94 Church St, Stellenbosch, 7600"
24037347,Lombard,Maya,2002-07-01,Female,maya.lombard7347@student.example.ac.za,083 555 7643,"17 Church St, Stellenbosch, 7600"
20636381,Engelbrecht,Pieter,2005-06-14,Male,pieter.engelbrecht6381@student.example.ac.za,083 555 0397,"Flat 25, 77 Bird St, Stellenbosch, 7600"
22827363,Sithole,Lindiwe,2006-12-15,Female,lindiwe.sithole7363@student.example.ac.za,076 555 6635,"72 Plein St, Stellenbosch, 7600"
25451735,Adams,Lerato,2008-04-07,Female,lerato.adams1735@student.example.ac.za,078 555 1811,"6 Bird St, Stellenbosch, 7600"
21621229,Jacobs,Zakhele,2007-05-24,Male,zakhele.jacobs1229@student.example.ac.za,082 555 0673,"Room 143, Simonsberg House, Stellenbosch, 7600"
23185473,Williams,Precious,2005-05-29,Female,precious.williams5473@student.example.ac.za,084 555 8043,"Flat 3, 43 Banghoek Rd, Stellenbosch, 7600"
20659664,Molefe,Callum,2002-11-08,Male,callum.molefe9664@student.example.ac.za,060 555 3795,"113 Merriman Ave, Stellenbosch, 7600"
24662650,Molefe,Deon,2005-07-06,Male,deon.molefe2650@student.example.ac.za,083 555 6380,"76 Bird St, Stellenbosch, 7600"
24020453,Sithole,Yusuf,2006-03-23,Male,yusuf.sithole0453@student.example.ac.za,081 555 2457,"Flat 28, 112 Helshoogte Rd, Stellenbosch, 7600"
21338895,Mbeki,Buhle,2000-10-15,Female,buhle.mbeki8895@student.example.ac.za,082 555 2359,"Room 400, Simonsberg House, Stellenbosch, 7600"
25460159,Zulu,Pieter,2005-08-01,Male,pieter.zulu0159@student.example.ac.za,079 555 6909,"Room 315, Pniel Court, Stellenbosch, 7600"
24698699,Swanepoel,Jana,2005-02-04,Female,jana.swanepoel8699@student.example.ac.za,084 555 4665,"2 Adam Tas Rd, Stellenbosch, 7600"
26276384,Sithole,Maya,2000-10-14,Female,maya.sithole6384@student.example.ac.za,079 555 2942,"Room 345, Pniel Court, Stellenbosch, 7600"
22428698,Swanepoel,Tiaan,2006-06-20,Male,tiaan.swanepoel8698@student.example.ac.za,084 555 7826,"Room 184, Eikestad House, Stellenbosch, 7600"
20591847,Smit,Gugu,2004-09-02,Female,gugu.smit1847@student.example.ac.za,083 555 7216,"82 Neethling St, Stellenbosch, 7600"
27097041,Visser,Sibusiso,2007-10-22,Male,sibusiso.visser7041@student.example.ac.za,081 555 0736,"Room 334, Eikestad House, Stellenbosch, 7600"
22363368,Swanepoel,Wian,2002-06-15,Male,wian.swanepoel3368@student.example.ac.za,076 555 2917,"Room 187, Simonsberg House, Stellenbosch, 7600"
23490405,Dlamini,Fatima,2004-10-10,Female,fatima.dlamini0405@student.example.ac.za,060 555 1147,"Flat 15, 105 Bird St, Stellenbosch, 7600"
25577412,Nkosi,Riaan,2004-01-20,Male,riaan.nkosi7412@student.example.ac.za,083 555 1126,"Room 171, Oude Molen Hall, Stellenbosch, 7600"
20462549,Cele,Mpho,2003-01-13,Male,mpho.cele2549@student.example.ac.za,073 555 3529,"Room 300, Eikestad House, Stellenbosch, 7600"
20513348,Dlamini,Sibusiso,2006-10-07,Male,sibusiso.dlamini3348@student.example.ac.za,073 555 1573,"Room 387, Oude Molen Hall, Stellenbosch, 7600"
27165400,Steyn,Hannah,2008-05-04,Female,hannah.steyn5400@student.example.ac.za,072 555 1343,"Flat 17, 84 Andringa St, Stellenbosch, 7600"
21161769,Tshabalala,Daniel,2005-09-21,Male,daniel.tshabalala1769@student.example.ac.za,081 555 1998,"Room 143, Oude Molen Hall, Stellenbosch, 7600"
24489070,Cele,Bheki,2004-11-21,Male,bheki.cele9070@student.example.ac.za,060 555 8251,"122 Andringa St, Stellenbosch, 7600"
26226756,Lombard,Jason,2003-01-11,Male,jason.lombard6756@student.example.ac.za,072 555 0167,"155 Bird St, Stellenbosch, 7600"
22378927,Mokoena,Ian,2006-05-02,Male,ian.mokoena8927@student.example.ac.za,076 555 2550,"Room 335, Rozendal Lodge, Stellenbosch, 7600"
24929065,Booysen,Anele,2001-11-08,Female,anele.booysen9065@student.example.ac.za,082 555 5152,"51 Helshoogte Rd, Stellenbosch, 7600"
24804871,Tshabalala,Jana,2005-09-08,Female,jana.tshabalala4871@student.example.ac.za,082 555 6075,"Flat 10, 26 Plein St, Stellenbosch, 7600"
26047789,Zulu,Taylor,2007-07-13,Prefer not to say,taylor.zulu7789@student.example.ac.za,082 555 7686,"157 Victoria St, Stellenbosch, 7600"
22752657,Mbeki,Nomsa,2006-07-29,Female,nomsa.mbeki2657@student.example.ac.za,060 555 8536,"20 Ryneveld St, Stellenbosch, 7600"
24464264,Pretorius,Nkosana,2003-04-03,Male,nkosana.pretorius4264@student.example.ac.za,084 555 9700,"Room 367, Pniel Court, Stellenbosch, 7600"
20454263,Visser,Nkosana,2001-05-09,Male,nkosana.visser4263@student.example.ac.za,071 555 3008,"Room 179, Pniel Court, Stellenbosch, 7600"
24490218,Hendricks,Christiaan,2006-04-30,Male,christiaan.hendricks0218@student.example.ac.za,084 555 3055,"108 Victoria St, Stellenbosch, 7600"
24155079,Dlamini,Amahle,2005-08-04,Female,amahle.dlamini5079@student.example.ac.za,071 555 7159,"Room 188, Oude Molen Hall, Stellenbosch, 7600"
24380081,Sithole,Carmen,2004-12-19,Female,carmen.sithole0081@student.example.ac.za,073 555 6386,"141 Helshoogte Rd, Stellenbosch, 7600"
20546140,Dlamini,Christiaan,2006-11-07,Male,christiaan.dlamini6140@student.example.ac.za,073 555 1430,"Flat 11, 154 Banghoek Rd, Stellenbosch, 7600"
27992568,Pretorius,Jason,2006-03-30,Male,jason.pretorius2568@student.example.ac.za,079 555 4817,"Room 222, Eikestad House, Stellenbosch, 7600"
25028926,Botha,Imaan,2002-09-22,Female,imaan.botha8926@student.example.ac.za,079 555 1559,"Room 168, Simonsberg House, Stellenbosch, 7600"
26029429,Jansen,Fatima,2004-04-13,Female,fatima.jansen9429@student.example.ac.za,082 555 8251,"Room 222, Bergzicht Residence, Stellenbosch, 7600"
24578405,Ndlovu,Imaan,2006-02-24,Female,imaan.ndlovu8405@student.example.ac.za,084 555 0698,"Room 411, Kruispad Hall, Stellenbosch, 7600"
27119396,Lombard,Karabo,2005-05-17,Female,karabo.lombard9396@student.example.ac.za,060 555 1005,"Flat 14, 60 Church St, Stellenbosch, 7600"
26104556,Venter,Karabo,2008-05-19,Female,karabo.venter4556@student.example.ac.za,060 555 0649,"47 Merriman Ave, Stellenbosch, 7600"
23893827,Khumalo,Bheki,2004-10-10,Male,bheki.khumalo3827@student.example.ac.za,083 555 6160,"59 Victoria St, Stellenbosch, 7600"
25928216,Cele,Sarah,2004-10-22,Female,sarah.cele8216@student.example.ac.za,084 555 3956,"Room 301, Oude Molen Hall, Stellenbosch, 7600"
25507798,Pillay,Nkosana,2002-09-13,Male,nkosana.pillay7798@student.example.ac.za,083 555 0085,"Flat 22, 93 Ryneveld St, Stellenbosch, 7600"
22522296,Ndlovu,Fikile,2005-09-07,Male,fikile.ndlovu2296@student.example.ac.za,073 555 0029,"Room 386, Pniel Court, Stellenbosch, 7600"
26753803,Nel,Carmen,2006-06-12,Female,carmen.nel3803@student.example.ac.za,079 555 6356,"Room 375, Rozendal Lodge, Stellenbosch, 7600"
26240222,Williams,Riaan,2003-09-06,Male,riaan.williams0222@student.example.ac.za,081 555 4519,"Flat 6, 136 Helshoogte Rd, Stellenbosch, 7600"
27037711,Swanepoel,Buhle,2005-01-07,Female,buhle.swanepoel7711@student.example.ac.za,079 555 9140,"Room 264, Kruispad Hall, Stellenbosch, 7600"
20624366,Xaba,Zakhele,2006-02-09,Male,zakhele.xaba4366@student.example.ac.za,078 555 8235,"63 Neethling St, Stellenbosch, 7600"
21802647,Brits,Faith,2002-04-05,Female,faith.brits2647@student.example.ac.za,082 555 3476,"Flat 23, 75 Dorp St, Stellenbosch, 7600"
24742437,Brits,Maya,2007-04-16,Female,maya.brits2437@student.example.ac.za,081 555 4194,"Room 388, Pniel Court, Stellenbosch, 7600"
26991436,Kruger,Tshepo,2007-04-17,Male,tshepo.kruger1436@student.example.ac.za,071 555 6817,"149 Neethling St, Stellenbosch, 7600"
26582068,Williams,Emma,2006-07-08,Female,emma.williams2068@student.example.ac.za,076 555 9043,"Room 248, Bergzicht Residence, Stellenbosch, 7600"
21973578,Venter,Tshepo,2004-05-19,Male,tshepo.venter3578@student.example.ac.za,060 555 8852,"Room 180, Pniel Court, Stellenbosch, 7600"
24242035,Tshabalala,Kagiso,2001-10-18,Male,kagiso.tshabalala2035@student.example.ac.za,079 555 3417,"Room 273, Eikestad House, Stellenbosch, 7600"
23632742,Mahlangu,Emma,2006-08-23,Female,emma.mahlangu2742@student.example.ac.za,072 555 6321,"56 Victoria St, Stellenbosch, 7600"
27505297,Naidoo,Thandi,2006-03-23,Female,thandi.naidoo5297@student.example.ac.za,071 555 9635,"Flat 18, 114 Merriman Ave, Stellenbosch, 7600"
23461608,Steyn,Bianca,2005-11-09,Female,bianca.steyn1608@student.example.ac.za,081 555 3044,"Room 141, Bergzicht Residence, Stellenbosch, 7600"
26158274,Nel,Tshepo,2006-12-13,Male,tshepo.nel8274@student.example.ac.za,084 555 2322,"155 Adam Tas Rd, Stellenbosch, 7600"
21035505,Tshabalala,Fikile,2002-01-03,Male,fikile.tshabalala5505@student.example.ac.za,083 555 7612,"50 Neethling St, Stellenbosch, 7600"
26174616,Kruger,Fatima,2004-07-30,Female,fatima.kruger4616@student.example.ac.za,076 555 9041,"150 Plein St, Stellenbosch, 7600"
22722305,Jansen,Daniel,2004-04-13,Male,daniel.jansen2305@student.example.ac.za,076 555 9014,"Flat 27, 35 Helshoogte Rd, Stellenbosch, 7600"
25645161,Williams,Tumelo,2006-04-20,Female,tumelo.williams5161@student.example.ac.za,083 555 5476,"Room 409, Pniel Court, Stellenbosch, 7600"
22776412,Mbeki,Olivia,2005-01-26,Female,olivia.mbeki6412@student.example.ac.za,073 555 3013,"Room 247, Rozendal Lodge, Stellenbosch, 7600"
25933769,Kruger,Megan,2005-11-29,Female,megan.kruger3769@student.example.ac.za,084 555 2185,"49 Helshoogte Rd, Stellenbosch, 7600"
20645294,Jacobs,Dineo,2006-11-24,Female,dineo.jacobs5294@student.example.ac.za,079 555 3776,"60 Adam Tas Rd, Stellenbosch, 7600"
21473805,Engelbrecht,Karabo,2005-04-06,Female,karabo.engelbrecht3805@student.example.ac.za,083 555 2813,"66 Andringa St, Stellenbosch, 7600"
22166974,Naidoo,Anele,2003-10-15,Female,anele.naidoo6974@student.example.ac.za,073 555 4596,"Room 413, Eikestad House, Stellenbosch, 7600"
21114428,Venter,Carmen,2007-02-13,Non-binary,carmen.venter4428@student.example.ac.za,079 555 7532,"82 Adam Tas Rd, Stellenbosch, 7600"
22969573,Khumalo,Nkosana,2001-03-31,Male,nkosana.khumalo9573@student.example.ac.za,071 555 2955,"Flat 5, 44 Neethling St, Stellenbosch, 7600"
26733982,Venter,Liam,2005-07-05,Male,liam.venter3982@student.example.ac.za,082 555 6341,"1 Banghoek Rd, Stellenbosch, 7600"
25597861,Zulu,Dineo,2007-02-06,Female,dineo.zulu7861@student.example.ac.za,081 555 3821,"Flat 16, 146 Victoria St, Stellenbosch, 7600"
25684532,Swanepoel,Pieter,2006-11-03,Male,pieter.swanepoel4532@student.example.ac.za,078 555 1475,"Room 201, Rozendal Lodge, Stellenbosch, 7600"
23739646,Cele,Buhle,2007-01-28,Female,buhle.cele9646@student.example.ac.za,084 555 2782,"Flat 19, 113 Helshoogte Rd, Stellenbosch, 7600"
26398784,Govender,Siya,2007-01-03,Male,siya.govender8784@student.example.ac.za,078 555 4921,"Room 393, Kruispad Hall, Stellenbosch, 7600"
24270678,Le Roux,Andile,2005-07-04,Male,andile.leroux0678@student.example.ac.za,084 555 9533,"Room 296, Kruispad Hall, Stellenbosch, 7600"
20715193,Van Wyk,Riley,2003-03-25,Non-binary,riley.vanwyk5193@student.example.ac.za,083 555 7112,"22 Dorp St, Stellenbosch, 7600"
26591343,Le Roux,Zoe,2003-06-25,Female,zoe.leroux1343@student.example.ac.za,078 555 4054,"Flat 27, 106 Ryneveld St, Stellenbosch, 7600"
27731606,Dlamini,Buhle,2005-10-03,Female,buhle.dlamini1606@student.example.ac.za,060 555 8499,"135 Helshoogte Rd, Stellenbosch, 7600"
24952741,Venter,Neo,2004-11-10,Male,neo.venter2741@student.example.ac.za,084 555 1326,"Room 258, Rozendal Lodge, Stellenbosch, 7600"
20626364,Du Plessis,Aisha,2007-06-07,Prefer not to say,aisha.duplessis6364@student.example.ac.za,082 555 6376,"Flat 28, 65 Plein St, Stellenbosch, 7600"
20185648,Naidoo,Dineo,2006-05-03,Female,dineo.naidoo5648@student.example.ac.za,082 555 7362,"Flat 2, 70 Helshoogte Rd, Stellenbosch, 7600"
20412633,Molefe,Christiaan,2007-02-23,Male,christiaan.molefe2633@student.example.ac.za,072 555 7464,"Room 190, Kruispad Hall, Stellenbosch, 7600"
23889962,Molefe,Sibusiso,2005-05-26,Male,sibusiso.molefe9962@student.example.ac.za,060 555 4104,"Flat 29, 5 Banghoek Rd, Stellenbosch, 7600"
23527026,Engelbrecht,Pieter,2007-09-08,Male,pieter.engelbrecht7026@student.example.ac.za,078 555 7995,"Room 114, Rozendal Lodge, Stellenbosch, 7600"
22608894,Botha,Wian,2003-11-12,Male,wian.botha8894@student.example.ac.za,083 555 7420,"Room 236, Simonsberg House, Stellenbosch, 7600"
24915709,Olivier,Chanel,2007-10-04,Female,chanel.olivier5709@student.example.ac.za,084 555 0114,"Room 336, Pniel Court, Stellenbosch, 7600"
25667306,Pretorius,Hendrik,2004-12-30,Male,hendrik.pretorius7306@student.example.ac.za,083 555 7738,"Room 307, Eikestad House, Stellenbosch, 7600"
24063807,Ndlovu,Naledi,2005-10-18,Female,naledi.ndlovu3807@student.example.ac.za,082 555 6981,"82 Andringa St, Stellenbosch, 7600"
20952013,Engelbrecht,Naledi,2005-07-08,Female,naledi.engelbrecht2013@student.example.ac.za,083 555 6372,"Room 407, Simonsberg House, Stellenbosch, 7600"
24788217,Naidoo,Siya,2004-01-18,Male,siya.naidoo8217@student.example.ac.za,082 555 9700,"Room 406, Eikestad House, Stellenbosch, 7600"
23010521,Cele,Sibusiso,2003-10-17,Male,sibusiso.cele0521@student.example.ac.za,084 555 8367,"Flat 26, 28 Church St, Stellenbosch, 7600"
21894671,Mahlangu,Christiaan,2006-12-02,Male,christiaan.mahlangu4671@student.example.ac.za,076 555 6079,"36 Plein St, Stellenbosch, 7600"
26550825,Le Roux,Gareth,2007-07-03,Male,gareth.leroux0825@student.example.ac.za,071 555 4604,"Flat 8, 43 Victoria St, Stellenbosch, 7600"
21065853,Mokoena,Sarah,2005-03-26,Female,sarah.mokoena5853@student.example.ac.za,072 555 1760,"Flat 22, 127 Helshoogte Rd, Stellenbosch, 7600"
26528451,Naidoo,Kagiso,2001-09-01,Male,kagiso.naidoo8451@student.example.ac.za,071 555 1231,"Flat 17, 146 Plein St, Stellenbosch, 7600"
25131024,Xaba,Sibusiso,2005-09-10,Male,sibusiso.xaba1024@student.example.ac.za,082 555 5403,"Room 166, Rozendal Lodge, Stellenbosch, 7600"
23882611,Khumalo,Amahle,2003-11-03,Female,amahle.khumalo2611@student.example.ac.za,082 555 5488,"Flat 10, 125 Bird St, Stellenbosch, 7600"
23870019,Botha,Tshepo,2006-08-02,Male,tshepo.botha0019@student.example.ac.za,076 555 9524,"4 Adam Tas Rd, Stellenbosch, 7600"
27097207,Nkosi,Tshepo,2002-02-11,Male,tshepo.nkosi7207@student.example.ac.za,076 555 4390,"Room 199, Kruispad Hall, Stellenbosch, 7600"
22721960,Dlamini,Noa,2007-01-23,Non-binary,noa.dlamini1960@student.example.ac.za,081 555 3084,"Room 402, Lentelus House, Stellenbosch, 7600"
20802254,Xaba,Thabo,2004-10-22,Male,thabo.xaba2254@student.example.ac.za,082 555 7122,"Flat 25, 95 Helshoogte Rd, Stellenbosch, 7600"
21861979,Naidoo,Brandon,2002-07-07,Male,brandon.naidoo1979@student.example.ac.za,079 555 9674,"Room 409, Oude Molen Hall, Stellenbosch, 7600"
26698730,Kruger,Buhle,2003-02-04,Female,buhle.kruger8730@student.example.ac.za,083 555 7325,"77 Dorp St, Stellenbosch, 7600"
24747437,Visser,Bianca,2006-07-07,Female,bianca.visser7437@student.example.ac.za,060 555 2781,"Room 156, Rozendal Lodge, Stellenbosch, 7600"
27270070,Petersen,Sibusiso,2007-10-27,Male,sibusiso.petersen0070@student.example.ac.za,073 555 5163,"Room 206, Rozendal Lodge, Stellenbosch, 7600"
27597435,Pather,Anele,2005-05-29,Female,anele.pather7435@student.example.ac.za,078 555 7146,"Room 104, Pniel Court, Stellenbosch, 7600"
27402588,Le Roux,Tshepo,2004-05-17,Male,tshepo.leroux2588@student.example.ac.za,082 555 9718,"43 Neethling St, Stellenbosch, 7600"
25499824,Venter,Amahle,2004-05-09,Female,amahle.venter9824@student.example.ac.za,079 555 2142,"158 Andringa St, Stellenbosch, 7600"
21105773,Dlamini,Sibusiso,2002-12-12,Male,sibusiso.dlamini5773@student.example.ac.za,071 555 5122,"Room 400, Lentelus House, Stellenbosch, 7600"
27880869,Mbeki,Pieter,2007-11-13,Male,pieter.mbeki0869@student.example.ac.za,078 555 1397,"Room 230, Simonsberg House, Stellenbosch, 7600"
21646505,Olivier,Naledi,2004-09-05,Female,naledi.olivier6505@student.example.ac.za,071 555 3016,"Flat 13, 97 Bird St, Stellenbosch, 7600"
21471817,Ndlovu,Rohan,2003-03-20,Male,rohan.ndlovu1817@student.example.ac.za,071 555 4865,"Room 376, Oude Molen Hall, Stellenbosch, 7600"
25472191,Molefe,Daniel,2002-06-19,Male,daniel.molefe2191@student.example.ac.za,073 555 9327,"Room 256, Oude Molen Hall, Stellenbosch, 7600"
24536558,Olivier,Thandi,2005-02-07,Female,thandi.olivier6558@student.example.ac.za,072 555 8696,"Room 283, Pniel Court, Stellenbosch, 7600"
25974007,Khumalo,Karabo,2001-06-20,Female,karabo.khumalo4007@student.example.ac.za,082 555 5740,"47 Merriman Ave, Stellenbosch, 7600"
26457455,Van Wyk,Ethan,2005-01-08,Male,ethan.vanwyk7455@student.example.ac.za,081 555 7226,"Flat 5, 94 Andringa St, Stellenbosch, 7600"
27338656,Cele,Tiaan,2007-03-10,Male,tiaan.cele8656@student.example.ac.za,078 555 8782,"12 Victoria St, Stellenbosch, 7600"
21628159,Petersen,Christiaan,2003-09-16,Male,christiaan.petersen8159@student.example.ac.za,072 555 2921,"3 Bird St, Stellenbosch, 7600"
27719020,Smit,Yusuf,2007-11-13,Male,yusuf.smit9020@student.example.ac.za,073 555 2379,"Room 284, Lentelus House, Stellenbosch, 7600"
24192809,Zulu,Francois,2008-04-11,Male,francois.zulu2809@student.example.ac.za,082 555 5116,"Room 416, Bergzicht Residence, Stellenbosch, 7600"
23703974,Engelbrecht,Jaco,2006-12-26,Male,jaco.engelbrecht3974@student.example.ac.za,072 555 5025,"Flat 5, 73 Plein St, Stellenbosch, 7600"
23483972,Naidoo,Bianca,2007-06-07,Non-binary,bianca.naidoo3972@student.example.ac.za,082 555 1549,"Room 199, Rozendal Lodge, Stellenbosch, 7600"
25122243,Maharaj,Ian,2006-01-19,Male,ian.maharaj2243@student.example.ac.za,078 555 4936,"Flat 5, 127 Merriman Ave, Stellenbosch, 7600"
22333574,Nel,Tiaan,2008-04-13,Male,tiaan.nel3574@student.example.ac.za,084 555 3390,"Room 210, Rozendal Lodge, Stellenbosch, 7600"
23063727,Fourie,Tiaan,2005-11-27,Male,tiaan.fourie3727@student.example.ac.za,071 555 1910,"Flat 9, 42 Ryneveld St, Stellenbosch, 7600"
23566589,Van Wyk,Buhle,2006-02-11,Female,buhle.vanwyk6589@student.example.ac.za,072 555 6605,"Room 322, Eikestad House, Stellenbosch, 7600"
23705915,Botha,Tumelo,2007-11-22,Female,tumelo.botha5915@student.example.ac.za,072 555 4578,"78 Merriman Ave, Stellenbosch, 7600"
25925280,Malan,Mpho,2005-04-26,Male,mpho.malan5280@student.example.ac.za,073 555 2506,"Room 124, Pniel Court, Stellenbosch, 7600"
23699147,Petersen,Naledi,2000-03-01,Female,naledi.petersen9147@student.example.ac.za,078 555 8461,"92 Neethling St, Stellenbosch, 7600"
24192570,Coetzee,Brandon,2004-07-29,Male,brandon.coetzee2570@student.example.ac.za,083 555 9018,"Flat 13, 123 Merriman Ave, Stellenbosch, 7600"
21178604,Jansen,Lungile,2004-08-20,Male,lungile.jansen8604@student.example.ac.za,081 555 7590,"Flat 7, 142 Church St, Stellenbosch, 7600"
21890087,Brits,Imaan,2006-01-22,Female,imaan.brits0087@student.example.ac.za,079 555 3404,"Room 367, Kruispad Hall, Stellenbosch, 7600"
20375971,Le Roux,Kayla,2008-01-28,Female,kayla.leroux5971@student.example.ac.za,078 555 3564,"Room 254, Pniel Court, Stellenbosch, 7600"
22736990,Zulu,Zinhle,2008-08-10,Female,zinhle.zulu6990@student.example.ac.za,072 555 1302,"Flat 2, 139 Ryneveld St, Stellenbosch, 7600"
25847663,Booysen,Chanel,2006-04-11,Female,chanel.booysen7663@student.example.ac.za,072 555 8856,"Room 320, Bergzicht Residence, Stellenbosch, 7600"
20774813,Le Roux,Nomsa,2006-03-27,Female,nomsa.leroux4813@student.example.ac.za,076 555 3948,"158 Helshoogte Rd, Stellenbosch, 7600"
21998142,Engelbrecht,Yusuf,2007-08-19,Male,yusuf.engelbrecht8142@student.example.ac.za,072 555 8208,"Room 367, Bergzicht Residence, Stellenbosch, 7600"
23886046,Van der Merwe,Kayla,2006-09-15,Female,kayla.vandermerwe6046@student.example.ac.za,060 555 3473,"Flat 7, 32 Adam Tas Rd, Stellenbosch, 7600"
20447441,Khumalo,Liam,2004-12-21,Male,liam.khumalo7441@student.example.ac.za,082 555 3910,"Room 192, Lentelus House, Stellenbosch, 7600"
21761958,Naidoo,Hannah,2002-08-17,Female,hannah.naidoo1958@student.example.ac.za,073 555 6633,"Room 120, Bergzicht Residence, Stellenbosch, 7600"
23659306,Williams,Daniel,2006-02-01,Male,daniel.williams9306@student.example.ac.za,082 555 2712,"Flat 26, 70 Dorp St, Stellenbosch, 7600"
21097739,Cele,Callum,2006-06-27,Male,callum.cele7739@student.example.ac.za,083 555 1779,"146 Church St, Stellenbosch, 7600"
27078059,Mokoena,Maya,2007-02-27,Female,maya.mokoena8059@student.example.ac.za,081 555 7664,"Room 194, Simonsberg House, Stellenbosch, 7600"
27548784,Naidoo,Siya,2001-07-22,Male,siya.naidoo8784@student.example.ac.za,071 555 8330,"Room 355, Simonsberg House, Stellenbosch, 7600"
22464970,Visser,Lindiwe,2007-05-22,Female,lindiwe.visser4970@student.example.ac.za,071 555 5232,"67 Banghoek Rd, Stellenbosch, 7600"
25755215,Coetzee,Nkosana,2002-06-13,Male,nkosana.coetzee5215@student.example.ac.za,073 555 8766,"Room 113, Bergzicht Residence, Stellenbosch, 7600"
25758058,Steyn,Deon,2005-11-17,Male,deon.steyn8058@student.example.ac.za,083 555 8302,"Flat 21, 30 Dorp St, Stellenbosch, 7600"
24292902,Venter,Kabelo,2006-04-28,Male,kabelo.venter2902@student.example.ac.za,073 555 6898,"159 Merriman Ave, Stellenbosch, 7600"
22493526,Jacobs,Karabo,2006-10-10,Female,karabo.jacobs3526@student.example.ac.za,072 555 3732,"115 Bird St, Stellenbosch, 7600"
25735518,Xaba,Thandi,2006-01-23,Female,thandi.xaba5518@student.example.ac.za,076 555 7765,"Flat 13, 128 Neethling St, Stellenbosch, 7600"
26796564,Van der Merwe,Callum,2006-09-08,Male,callum.vandermerwe6564@student.example.ac.za,079 555 5719,"111 Merriman Ave, Stellenbosch, 7600"
22271747,Jacobs,Thandi,2007-06-11,Female,thandi.jacobs1747@student.example.ac.za,084 555 9331,"Flat 4, 117 Merriman Ave, Stellenbosch, 7600"
22308518,Venter,Buhle,2004-05-03,Female,buhle.venter8518@student.example.ac.za,081 555 5208,"155 Helshoogte Rd, Stellenbosch, 7600"
23261538,Brits,Amahle,2005-07-19,Female,amahle.brits1538@student.example.ac.za,076 555 1178,"11 Andringa St, Stellenbosch, 7600"
27822814,Hendricks,Karabo,2007-02-06,Female,karabo.hendricks2814@student.example.ac.za,082 555 7390,"Room 368, Bergzicht Residence, Stellenbosch, 7600"
22239856,Adams,Precious,2005-05-19,Female,precious.adams9856@student.example.ac.za,081 555 8291,"Room 407, Lentelus House, Stellenbosch, 7600"
22007157,Xaba,Ian,2006-05-13,Male,ian.xaba7157@student.example.ac.za,073 555 6533,"Flat 2, 39 Merriman Ave, Stellenbosch, 7600"
20414508,Engelbrecht,Faith,2005-07-09,Female,faith.engelbrecht4508@student.example.ac.za,071 555 2285,"Flat 5, 5 Neethling St, Stellenbosch, 7600"
26371046,Olivier,Kabelo,2003-12-03,Male,kabelo.olivier1046@student.example.ac.za,084 555 7960,"89 Dorp St, Stellenbosch, 7600"
25277923,Hendricks,Aisha,2001-05-19,Female,aisha.hendricks7923@student.example.ac.za,071 555 0335,"Room 171, Oude Molen Hall, Stellenbosch, 7600"
27846119,Naidoo,Amahle,2005-10-27,Female,amahle.naidoo6119@student.example.ac.za,083 555 8220,"Room 281, Rozendal Lodge, Stellenbosch, 7600"
25655564,Lombard,Wian,2005-05-31,Male,wian.lombard5564@student.example.ac.za,078 555 6535,"Room 312, Eikestad House, Stellenbosch, 7600"
20732902,Molefe,Palesa,2004-01-30,Female,palesa.molefe2902@student.example.ac.za,078 555 6493,"Room 136, Oude Molen Hall, Stellenbosch, 7600"
24150375,Pillay,Liam,2004-06-10,Male,liam.pillay0375@student.example.ac.za,083 555 2136,"8 Banghoek Rd, Stellenbosch, 7600"
21135251,Van Wyk,Jason,2005-05-01,Male,jason.vanwyk5251@student.example.ac.za,081 555 8604,"103 Church St, Stellenbosch, 7600"
27582269,Smit,Fikile,2007-03-05,Male,fikile.smit2269@student.example.ac.za,072 555 1389,"Flat 1, 21 Dorp St, Stellenbosch, 7600"
25050339,Dlamini,Fikile,2000-01-03,Male,fikile.dlamini0339@student.example.ac.za,072 555 1741,"54 Victoria St, Stellenbosch, 7600"
23987085,Sithole,Karabo,2006-05-08,Female,karabo.sithole7085@student.example.ac.za,078 555 3984,"Flat 19, 86 Andringa St, Stellenbosch, 7600"
24355834,Pillay,Nkosana,2003-03-18,Male,nkosana.pillay5834@student.example.ac.za,079 555 4172,"46 Andringa St, Stellenbosch, 7600"
22139542,Brits,Bianca,2004-04-28,Female,bianca.brits9542@student.example.ac.za,071 555 0512,"Flat 7, 2 Bird St, Stellenbosch, 7600"
25261591,Adams,Themba,2005-10-14,Male,themba.adams1591@student.example.ac.za,084 555 4360,"57 Adam Tas Rd, Stellenbosch, 7600"
21429343,Molefe,Nomsa,2001-12-31,Female,nomsa.molefe9343@student.example.ac.za,081 555 8957,"100 Dorp St, Stellenbosch, 7600"
23326930,Maharaj,Pieter,2005-07-13,Male,pieter.maharaj6930@student.example.ac.za,076 555 7044,"Room 274, Kruispad Hall, Stellenbosch, 7600"
23589206,Zulu,Tshepo,2006-05-04,Male,tshepo.zulu9206@student.example.ac.za,060 555 6616,"Room 212, Rozendal Lodge, Stellenbosch, 7600"
27546314,Pillay,Callum,2005-05-08,Male,callum.pillay6314@student.example.ac.za,082 555 4741,"Room 173, Pniel Court, Stellenbosch, 7600"
24282957,Venter,Nkosana,2004-11-08,Male,nkosana.venter2957@student.example.ac.za,071 555 2414,"133 Merriman Ave, Stellenbosch, 7600"
21101466,Hendricks,Anele,2004-06-22,Female,anele.hendricks1466@student.example.ac.za,076 555 2686,"Flat 17, 125 Banghoek Rd, Stellenbosch, 7600"
22460349,Venter,Nkosana,2001-05-28,Male,nkosana.venter0349@student.example.ac.za,082 555 3032,"Flat 4, 22 Helshoogte Rd, Stellenbosch, 7600"
20481097,Petersen,Jaco,2006-08-05,Male,jaco.petersen1097@student.example.ac.za,078 555 2765,"98 Plein St, Stellenbosch, 7600"
21889919,Botha,Palesa,2001-08-12,Female,palesa.botha9919@student.example.ac.za,060 555 5817,"Room 359, Lentelus House, Stellenbosch, 7600"
26454563,Jacobs,Kayla,2003-06-08,Female,kayla.jacobs4563@student.example.ac.za,078 555 7166,"Flat 25, 8 Andringa St, Stellenbosch, 7600"
25894005,Govender,Brandon,2007-06-22,Male,brandon.govender4005@student.example.ac.za,081 555 5450,"Flat 23, 1 Adam Tas Rd, Stellenbosch, 7600"
24358596,Lombard,Riaan,2003-03-04,Male,riaan.lombard8596@student.example.ac.za,078 555 4466,"Room 365, Lentelus House, Stellenbosch, 7600"
26458551,Visser,Deon,2004-06-07,Male,deon.visser8551@student.example.ac.za,071 555 4345,"46 Dorp St, Stellenbosch, 7600"
27592029,Visser,Mpho,2006-01-10,Male,mpho.visser2029@student.example.ac.za,083 555 3834,"107 Church St, Stellenbosch, 7600"
26675402,Xaba,Karabo,2005-01-20,Female,karabo.xaba5402@student.example.ac.za,072 555 8960,"76 Andringa St, Stellenbosch, 7600"
25507473,Pretorius,Fatima,2006-03-07,Female,fatima.pretorius7473@student.example.ac.za,071 555 8518,"Room 385, Kruispad Hall, Stellenbosch, 7600"
26599399,Petersen,Zanele,2004-11-10,Female,zanele.petersen9399@student.example.ac.za,081 555 4042,"Room 123, Lentelus House, Stellenbosch, 7600"
22217527,Van Wyk,Naledi,2006-03-10,Female,naledi.vanwyk7527@student.example.ac.za,081 555 9982,"110 Neethling St, Stellenbosch, 7600"
25824592,Booysen,Faith,2006-12-07,Female,faith.booysen4592@student.example.ac.za,082 555 3766,"Room 295, Simonsberg House, Stellenbosch, 7600"
20983480,Kruger,Bianca,2005-12-15,Female,bianca.kruger3480@student.example.ac.za,072 555 0565,"Flat 6, 51 Dorp St, Stellenbosch, 7600"
21758129,Xaba,Amahle,2005-10-18,Female,amahle.xaba8129@student.example.ac.za,084 555 3554,"68 Helshoogte Rd, Stellenbosch, 7600"
26077836,Van der Merwe,Riaan,2003-01-09,Male,riaan.vandermerwe7836@student.example.ac.za,082 555 9916,"Room 221, Pniel Court, Stellenbosch, 7600"
20538942,Sithole,Precious,2000-05-01,Female,precious.sithole8942@student.example.ac.za,073 555 3219,"Room 408, Lentelus House, Stellenbosch, 7600"
26033562,Malan,Lindiwe,2004-08-11,Female,lindiwe.malan3562@student.example.ac.za,060 555 1966,"Flat 29, 61 Banghoek Rd, Stellenbosch, 7600"
20399834,Van Wyk,Lindiwe,2003-12-27,Female,lindiwe.vanwyk9834@student.example.ac.za,073 555 2835,"Room 116, Oude Molen Hall, Stellenbosch, 7600"
23408317,Booysen,Megan,2006-03-31,Female,megan.booysen8317@student.example.ac.za,072 555 8484,"Flat 28, 151 Victoria St, Stellenbosch, 7600"
26457071,Botha,Siya,2003-04-21,Male,siya.botha7071@student.example.ac.za,083 555 1088,"125 Plein St, Stellenbosch, 7600"
27739130,Steyn,Jana,2002-12-24,Female,jana.steyn9130@student.example.ac.za,060 555 6403,"Room 235, Eikestad House, Stellenbosch, 7600"
25441413,Fourie,Imaan,2007-04-30,Female,imaan.fourie1413@student.example.ac.za,083 555 8083,"67 Ryneveld St, Stellenbosch, 7600"
24106581,Booysen,Elri,2003-06-22,Female,elri.booysen6581@student.example.ac.za,072 555 1431,"Flat 18, 96 Victoria St, Stellenbosch, 7600"
24163472,Mokoena,Hannah,2006-02-02,Female,hannah.mokoena3472@student.example.ac.za,060 555 6402,"Room 271, Simonsberg House, Stellenbosch, 7600"
20647347,Jacobs,Pieter,2007-07-27,Male,pieter.jacobs7347@student.example.ac.za,081 555 5260,"Room 308, Oude Molen Hall, Stellenbosch, 7600"
21084175,Tshabalala,Zakhele,2006-10-19,Male,zakhele.tshabalala4175@student.example.ac.za,083 555 9433,"Room 306, Kruispad Hall, Stellenbosch, 7600"
23793754,Adams,Bianca,2007-02-11,Female,bianca.adams3754@student.example.ac.za,082 555 0121,"Flat 15, 152 Church St, Stellenbosch, 7600"
22975502,Lombard,Thandi,2005-10-20,Female,thandi.lombard5502@student.example.ac.za,078 555 2340,"1 Andringa St, Stellenbosch, 7600"
20918203,Naidoo,Chanel,2000-11-08,Female,chanel.naidoo8203@student.example.ac.za,071 555 2777,"Room 232, Simonsberg House, Stellenbosch, 7600"
26735786,Olivier,Brandon,2006-06-18,Male,brandon.olivier5786@student.example.ac.za,060 555 3976,"123 Merriman Ave, Stellenbosch, 7600"
25400450,Booysen,Dineo,2003-08-04,Female,dineo.booysen0450@student.example.ac.za,081 555 2522,"Room 179, Oude Molen Hall, Stellenbosch, 7600"
22563790,Booysen,Nomsa,2005-03-18,Female,nomsa.booysen3790@student.example.ac.za,072 555 3373,"Room 381, Oude Molen Hall, Stellenbosch, 7600"
27199970,Meyer,Kabelo,2007-06-18,Male,kabelo.meyer9970@student.example.ac.za,076 555 6834,"29 Dorp St, Stellenbosch, 7600"
20991039,Coetzee,Karabo,2001-12-12,Female,karabo.coetzee1039@student.example.ac.za,076 555 4186,"Flat 24, 149 Dorp St, Stellenbosch, 7600"
26982106,Smit,Megan,2008-03-06,Female,megan.smit2106@student.example.ac.za,071 555 2274,"Room 167, Oude Molen Hall, Stellenbosch, 7600"
22650419,Ndlovu,Zinhle,2006-01-16,Female,zinhle.ndlovu0419@student.example.ac.za,073 555 6227,"Room 104, Kruispad Hall, Stellenbosch, 7600"
20779062,Khumalo,Megan,2008-04-27,Female,megan.khumalo9062@student.example.ac.za,083 555 3805,"Room 416, Rozendal Lodge, Stellenbosch, 7600"
22375338,Molefe,Bheki,2005-07-25,Male,bheki.molefe5338@student.example.ac.za,082 555 0182,"82 Bird St, Stellenbosch, 7600"
25361596,Govender,Buhle,2006-06-17,Female,buhle.govender1596@student.example.ac.za,071 555 4650,"Flat 19, 63 Banghoek Rd, Stellenbosch, 7600"
27454911,Ndlovu,Deon,2007-01-07,Male,deon.ndlovu4911@student.example.ac.za,071 555 8479,"Flat 23, 133 Dorp St, Stellenbosch, 7600"
26023802,Hendricks,Maya,2008-01-28,Female,maya.hendricks3802@student.example.ac.za,081 555 0287,"Flat 12, 68 Merriman Ave, Stellenbosch, 7600"
25641640,Molefe,Zinhle,2004-07-17,Female,zinhle.molefe1640@student.example.ac.za,081 555 5089,"Room 229, Pniel Court, Stellenbosch, 7600"
21784554,Jacobs,Precious,2005-06-18,Female,precious.jacobs4554@student.example.ac.za,083 555 5994,"Room 383, Rozendal Lodge, Stellenbosch, 7600"
21997112,Pather,Hannah,2005-08-09,Female,hannah.pather7112@student.example.ac.za,076 555 1143,"Room 264, Rozendal Lodge, Stellenbosch, 7600"
24725187,Sithole,Ian,2006-05-06,Male,ian.sithole5187@student.example.ac.za,078 555 6690,"Room 174, Oude Molen Hall, Stellenbosch, 7600"
21928990,Smit,Daniel,2004-04-03,Male,daniel.smit8990@student.example.ac.za,060 555 2705,"56 Dorp St, Stellenbosch, 7600"
26648952,Lombard,Siya,2006-05-27,Male,siya.lombard8952@student.example.ac.za,072 555 9549,"4 Church St, Stellenbosch, 7600"
24421095,Le Roux,Hannah,2007-08-31,Female,hannah.leroux1095@student.example.ac.za,071 555 6166,"Flat 19, 41 Bird St, Stellenbosch, 7600"
24899458,Tshabalala,Naledi,2005-06-23,Female,naledi.tshabalala9458@student.example.ac.za,078 555 1210,"Room 214, Eikestad House, Stellenbosch, 7600"
26859870,Mahlangu,Bianca,2001-09-18,Female,bianca.mahlangu9870@student.example.ac.za,072 555 2544,"Flat 25, 96 Ryneveld St, Stellenbosch, 7600"
21173572,Williams,Pieter,2003-06-23,Male,pieter.williams3572@student.example.ac.za,081 555 6517,"Room 372, Simonsberg House, Stellenbosch, 7600"
26729420,Petersen,Kayla,2004-03-16,Female,kayla.petersen9420@student.example.ac.za,071 555 7097,"30 Andringa St, Stellenbosch, 7600"
25249054,Petersen,Andile,2007-09-02,Male,andile.petersen9054@student.example.ac.za,081 555 0231,"Room 166, Rozendal Lodge, Stellenbosch, 7600"
27707816,Steyn,Imaan,2002-01-19,Female,imaan.steyn7816@student.example.ac.za,060 555 2255,"Room 191, Rozendal Lodge, Stellenbosch, 7600"
27573623,Cele,Themba,2003-04-03,Male,themba.cele3623@student.example.ac.za,076 555 2762,"157 Adam Tas Rd, Stellenbosch, 7600"
26190828,Botha,Olivia,2005-08-08,Female,olivia.botha0828@student.example.ac.za,076 555 8543,"Room 129, Lentelus House, Stellenbosch, 7600"
22385220,Jansen,Kagiso,2003-06-03,Male,kagiso.jansen5220@student.example.ac.za,079 555 5231,"Flat 25, 119 Ryneveld St, Stellenbosch, 7600"
20480707,Du Plessis,Ian,2007-07-07,Male,ian.duplessis0707@student.example.ac.za,078 555 5116,"Room 257, Rozendal Lodge, Stellenbosch, 7600"
25591169,Pretorius,Carmen,2002-10-01,Female,carmen.pretorius1169@student.example.ac.za,084 555 4424,"Flat 24, 96 Helshoogte Rd, Stellenbosch, 7600"
22866087,Radebe,Jana,2004-03-06,Female,jana.radebe6087@student.example.ac.za,082 555 6659,"136 Plein St, Stellenbosch, 7600"
22303394,Steyn,Fikile,2003-06-25,Male,fikile.steyn3394@student.example.ac.za,073 555 3659,"Flat 3, 112 Victoria St, Stellenbosch, 7600"
24414040,Ndlovu,Anele,2005-10-01,Female,anele.ndlovu4040@student.example.ac.za,060 555 7760,"Flat 5, 76 Church St, Stellenbosch, 7600"
23165633,Jansen,Fikile,2004-07-30,Male,fikile.jansen5633@student.example.ac.za,084 555 4225,"Room 152, Pniel Court, Stellenbosch, 7600"
22358384,Govender,Riaan,2005-10-05,Male,riaan.govender8384@student.example.ac.za,082 555 9858,"93 Ryneveld St, Stellenbosch, 7600"
22998287,Pretorius,Kayla,2003-12-20,Female,kayla.pretorius8287@student.example.ac.za,078 555 8671,"106 Helshoogte Rd, Stellenbosch, 7600"
21824206,Tshabalala,Nomsa,2006-11-10,Female,nomsa.tshabalala4206@student.example.ac.za,071 555 7292,"Room 279, Lentelus House, Stellenbosch, 7600"
26236404,Pather,Andile,2007-03-19,Male,andile.pather6404@student.example.ac.za,073 555 7017,"86 Victoria St, Stellenbosch, 7600"
24335270,Govender,Elri,2006-04-20,Female,elri.govender5270@student.example.ac.za,071 555 8115,"Flat 17, 132 Bird St, Stellenbosch, 7600"
24586894,Hendricks,Zakhele,2004-08-25,Male,zakhele.hendricks6894@student.example.ac.za,079 555 8367,"52 Helshoogte Rd, Stellenbosch, 7600"
22445885,Ndlovu,Nkosana,2003-06-22,Male,nkosana.ndlovu5885@student.example.ac.za,078 555 0349,"Room 225, Lentelus House, Stellenbosch, 7600"
20041615,Booysen,Lindiwe,2005-10-04,Female,lindiwe.booysen1615@student.example.ac.za,084 555 8612,"Room 132, Oude Molen Hall, Stellenbosch, 7600"
20577658,Petersen,Riaan,2006-10-04,Male,riaan.petersen7658@student.example.ac.za,071 555 4615,"Flat 10, 108 Dorp St, Stellenbosch, 7600"
22040039,Coetzee,Buhle,2005-03-28,Female,buhle.coetzee0039@student.example.ac.za,071 555 1769,"Flat 18, 84 Andringa St, Stellenbosch, 7600"
24850667,Brits,Callum,2005-04-07,Male,callum.brits0667@student.example.ac.za,084 555 9326,"33 Dorp St, Stellenbosch, 7600"
20214670,Mahlangu,Zinhle,2003-05-12,Female,zinhle.mahlangu4670@student.example.ac.za,073 555 8279,"77 Neethling St, Stellenbosch, 7600"
27231166,Malan,Lindiwe,2001-01-13,Female,lindiwe.malan1166@student.example.ac.za,078 555 7705,"Room 141, Oude Molen Hall, Stellenbosch, 7600"
27744198,Van der Merwe,Imaan,2007-08-30,Female,imaan.vandermerwe4198@student.example.ac.za,073 555 7216,"Flat 12, 44 Merriman Ave, Stellenbosch, 7600"
27927547,Hendricks,Zakhele,2005-07-19,Male,zakhele.hendricks7547@student.example.ac.za,071 555 3349,"Room 416, Kruispad Hall, Stellenbosch, 7600"
25509349,Pather,Callum,2007-08-13,Male,callum.pather9349@student.example.ac.za,084 555 9401,"131 Bird St, Stellenbosch, 7600"
25762143,Cele,Chanel,2005-04-11,Female,chanel.cele2143@student.example.ac.za,078 555 8483,"109 Ryneveld St, Stellenbosch, 7600"
20080598,Adams,Buhle,2005-03-14,Female,buhle.adams0598@student.example.ac.za,076 555 6167,"Flat 17, 77 Merriman Ave, Stellenbosch, 7600"
27575455,Meyer,Jana,2002-11-25,Female,jana.meyer5455@student.example.ac.za,082 555 2350,"Flat 4, 89 Victoria St, Stellenbosch, 7600"
22869185,Swanepoel,Wian,2003-08-02,Male,wian.swanepoel9185@student.example.ac.za,071 555 6434,"61 Helshoogte Rd, Stellenbosch, 7600"
25209522,Steyn,Nomsa,2005-12-04,Female,nomsa.steyn9522@student.example.ac.za,083 555 5098,"Room 199, Simonsberg House, Stellenbosch, 7600"
23112256,Booysen,Faith,2000-12-14,Female,faith.booysen2256@student.example.ac.za,081 555 6265,"10 Andringa St, Stellenbosch, 7600"
21815263,Khumalo,Tumelo,2004-04-19,Female,tumelo.khumalo5263@student.example.ac.za,076 555 5246,"57 Neethling St, Stellenbosch, 7600"
27875262,Nel,Carmen,2000-03-02,Female,carmen.nel5262@student.example.ac.za,060 555 4259,"147 Plein St, Stellenbosch, 7600"
21369401,Smit,Christiaan,2005-04-21,Male,christiaan.smit9401@student.example.ac.za,073 555 1739,"Flat 19, 14 Helshoogte Rd, Stellenbosch, 7600"
20779813,Mahlangu,Rohan,2006-11-15,Male,rohan.mahlangu9813@student.example.ac.za,084 555 9561,"Room 129, Kruispad Hall, Stellenbosch, 7600"
22862978,Molefe,Kabelo,2005-08-11,Male,kabelo.molefe2978@student.example.ac.za,084 555 1924,"125 Banghoek Rd, Stellenbosch, 7600"
23037794,Radebe,Hendrik,2006-03-18,Male,hendrik.radebe7794@student.example.ac.za,073 555 3938,"Room 365, Oude Molen Hall, Stellenbosch, 7600"
23899579,Pather,Kagiso,2008-05-22,Male,kagiso.pather9579@student.example.ac.za,079 555 1555,"102 Adam Tas Rd, Stellenbosch, 7600"
20141401,Fourie,Zoe,2002-03-17,Female,zoe.fourie1401@student.example.ac.za,083 555 2481,"Room 398, Pniel Court, Stellenbosch, 7600"
20722814,Van der Merwe,Tumelo,2003-05-15,Female,tumelo.vandermerwe2814@student.example.ac.za,081 555 5111,"59 Andringa St, Stellenbosch, 7600"
22318111,Zulu,Nomsa,2006-01-21,Female,nomsa.zulu8111@student.example.ac.za,076 555 0970,"27 Victoria St, Stellenbosch, 7600"
24690574,Sithole,Dineo,2005-11-25,Female,dineo.sithole0574@student.example.ac.za,072 555 8935,"Room 353, Lentelus House, Stellenbosch, 7600"
22334032,Dlamini,Kayla,2004-03-15,Female,kayla.dlamini4032@student.example.ac.za,076 555 2899,"Flat 26, 111 Merriman Ave, Stellenbosch, 7600"
26505825,Naidoo,Kabelo,2008-04-07,Male,kabelo.naidoo5825@student.example.ac.za,082 555 8521,"116 Plein St, Stellenbosch, 7600"
23673273,Pretorius,Gugu,2004-05-25,Female,gugu.pretorius3273@student.example.ac.za,071 555 1064,"Room 353, Lentelus House, Stellenbosch, 7600"
23039088,Smit,Riaan,2005-09-03,Male,riaan.smit9088@student.example.ac.za,071 555 6401,"Flat 15, 62 Dorp St, Stellenbosch, 7600"
21945353,Radebe,Kayla,2004-12-07,Female,kayla.radebe5353@student.example.ac.za,082 555 5995,"Room 257, Lentelus House, Stellenbosch, 7600"
21270927,Steyn,Gugu,2005-01-03,Female,gugu.steyn0927@student.example.ac.za,084 555 6713,"152 Helshoogte Rd, Stellenbosch, 7600"
23129051,Venter,Anele,2006-01-23,Female,anele.venter9051@student.example.ac.za,078 555 6186,"Room 125, Lentelus House, Stellenbosch, 7600"
25462063,Hendricks,Brandon,2001-01-06,Male,brandon.hendricks2063@student.example.ac.za,060 555 1001,"Room 344, Bergzicht Residence, Stellenbosch, 7600"
23010428,Mahlangu,Anele,2005-08-08,Female,anele.mahlangu0428@student.example.ac.za,079 555 2798,"Room 152, Simonsberg House, Stellenbosch, 7600"
22832674,Nel,Amahle,2007-08-04,Female,amahle.nel2674@student.example.ac.za,082 555 0850,"Room 193, Bergzicht Residence, Stellenbosch, 7600"
25951560,Govender,Maya,2000-02-26,Female,maya.govender1560@student.example.ac.za,081 555 2209,"Room 405, Pniel Court, Stellenbosch, 7600"
25537685,Kruger,Karabo,2006-08-03,Female,karabo.kruger7685@student.example.ac.za,072 555 2968,"Room 229, Lentelus House, Stellenbosch, 7600"
22602261,Sithole,Gareth,2004-02-08,Male,gareth.sithole2261@student.example.ac.za,073 555 7392,"10 Adam Tas Rd, Stellenbosch, 7600"
23982189,Lombard,Faith,2000-04-15,Female,faith.lombard2189@student.example.ac.za,071 555 2916,"Room 264, Eikestad House, Stellenbosch, 7600"
20175611,Hendricks,Jason,2006-10-05,Male,jason.hendricks5611@student.example.ac.za,076 555 3865,"Room 389, Lentelus House, Stellenbosch, 7600"
21171066,Jansen,Francois,2003-03-31,Male,francois.jansen1066@student.example.ac.za,078 555 5979,"45 Neethling St, Stellenbosch, 7600"
25208495,Visser,Olivia,2006-05-25,Female,olivia.visser8495@student.example.ac.za,060 555 5520,"Flat 7, 141 Ryneveld St, Stellenbosch, 7600"
26760228,Du Plessis,Hannah,2000-11-01,Female,hannah.duplessis0228@student.example.ac.za,081 555 0181,"28 Merriman Ave, Stellenbosch, 7600"
24270952,Brits,Thandi,2004-04-21,Female,thandi.brits0952@student.example.ac.za,081 555 2447,"Room 227, Oude Molen Hall, Stellenbosch, 7600"
27219827,Nkosi,Fatima,2007-06-22,Female,fatima.nkosi9827@student.example.ac.za,071 555 5394,"116 Bird St, Stellenbosch, 7600"
23256364,Pather,Bianca,2001-05-17,Female,bianca.pather6364@student.example.ac.za,071 555 5530,"Flat 8, 55 Victoria St, Stellenbosch, 7600"
23175725,Jacobs,Imaan,2007-03-28,Female,imaan.jacobs5725@student.example.ac.za,084 555 5566,"Flat 2, 90 Plein St, Stellenbosch, 7600"
21809340,Fourie,Nomsa,2004-09-22,Female,nomsa.fourie9340@student.example.ac.za,076 555 7489,"Room 247, Simonsberg House, Stellenbosch, 7600"
21585506,Nkosi,Anele,2006-12-20,Female,anele.nkosi5506@student.example.ac.za,072 555 5196,"Room 251, Simonsberg House, Stellenbosch, 7600"
21580752,Jacobs,Palesa,2006-04-25,Female,palesa.jacobs0752@student.example.ac.za,060 555 1756,"Room 116, Pniel Court, Stellenbosch, 7600"
26008826,Pillay,Sarah,2004-04-15,Female,sarah.pillay8826@student.example.ac.za,079 555 3360,"122 Adam Tas Rd, Stellenbosch, 7600"
26773489,Coetzee,Tiaan,2005-10-22,Male,tiaan.coetzee3489@student.example.ac.za,082 555 5139,"Room 409, Pniel Court, Stellenbosch, 7600"
24392795,Hendricks,Palesa,2007-12-03,Female,palesa.hendricks2795@student.example.ac.za,084 555 2644,"Room 224, Oude Molen Hall, Stellenbosch, 7600"
26425489,Ndlovu,Hendrik,2007-07-20,Male,hendrik.ndlovu5489@student.example.ac.za,082 555 8875,"31 Helshoogte Rd, Stellenbosch, 7600"
25090597,Naidoo,Bheki,2004-04-03,Male,bheki.naidoo0597@student.example.ac.za,084 555 8138,"Room 200, Bergzicht Residence, Stellenbosch, 7600"
26057777,Jacobs,Tumelo,2007-02-08,Female,tumelo.jacobs7777@student.example.ac.za,071 555 1634,"25 Dorp St, Stellenbosch, 7600"
26688099,Tshabalala,Hendrik,2007-02-20,Male,hendrik.tshabalala8099@student.example.ac.za,084 555 8348,"88 Neethling St, Stellenbosch, 7600"
24391461,Zulu,Aisha,2007-12-30,Female,aisha.zulu1461@student.example.ac.za,072 555 0137,"Flat 15, 76 Plein St, Stellenbosch, 7600"
24371440,Steyn,Siya,2004-08-16,Male,siya.steyn1440@student.example.ac.za,082 555 6213,"Flat 22, 143 Andringa St, Stellenbosch, 7600"
25122655,Swanepoel,Thabo,2007-03-07,Male,thabo.swanepoel2655@student.example.ac.za,072 555 0590,"Room 193, Eikestad House, Stellenbosch, 7600"
25269009,Du Plessis,Fikile,2005-04-07,Male,fikile.duplessis9009@student.example.ac.za,078 555 5953,"92 Helshoogte Rd, Stellenbosch, 7600"
27373630,Govender,Tiaan,2003-03-31,Male,tiaan.govender3630@student.example.ac.za,072 555 0537,"153 Helshoogte Rd, Stellenbosch, 7600"
24616501,Smit,Lindiwe,2005-02-21,Female,lindiwe.smit6501@student.example.ac.za,078 555 9206,"Flat 9, 11 Merriman Ave, Stellenbosch, 7600"
26218993,Govender,Elri,2006-09-14,Female,elri.govender8993@student.example.ac.za,076 555 7399,"62 Victoria St, Stellenbosch, 7600"
24793819,Fourie,Mpho,2003-07-01,Male,mpho.fourie3819@student.example.ac.za,081 555 7830,"Flat 2, 137 Victoria St, Stellenbosch, 7600"
25912487,Nkosi,Deon,2005-01-10,Male,deon.nkosi2487@student.example.ac.za,083 555 9300,"Room 217, Lentelus House, Stellenbosch, 7600"
20934834,Booysen,Yusuf,2002-04-07,Male,yusuf.booysen4834@student.example.ac.za,078 555 7400,"Flat 19, 86 Banghoek Rd, Stellenbosch, 7600"
20712371,Mokoena,Fikile,2005-06-21,Male,fikile.mokoena2371@student.example.ac.za,073 555 5343,"96 Church St, Stellenbosch, 7600"
24583621,Kruger,Anri,2004-05-27,Female,anri.kruger3621@student.example.ac.za,076 555 8325,"Room 131, Eikestad House, Stellenbosch, 7600"
24963689,Nkosi,Callum,2002-04-04,Male,callum.nkosi3689@student.example.ac.za,060 555 4079,"Room 283, Kruispad Hall, Stellenbosch, 7600"
21554154,Govender,Kabelo,2002-02-18,Male,kabelo.govender4154@student.example.ac.za,060 555 8179,"Room 269, Eikestad House, Stellenbosch, 7600"
20631680,Ndlovu,Francois,2004-07-09,Male,francois.ndlovu1680@student.example.ac.za,060 555 1550,"152 Helshoogte Rd, Stellenbosch, 7600"
27446004,Du Plessis,Palesa,2005-05-22,Female,palesa.duplessis6004@student.example.ac.za,083 555 1590,"Room 383, Simonsberg House, Stellenbosch, 7600"
26010604,Visser,Kayla,2004-04-16,Female,kayla.visser0604@student.example.ac.za,071 555 6255,"Flat 21, 128 Andringa St, Stellenbosch, 7600"
22509779,Nkosi,Bianca,2004-11-19,Female,bianca.nkosi9779@student.example.ac.za,073 555 7965,"Flat 5, 82 Merriman Ave, Stellenbosch, 7600"
20234937,Mahlangu,Elri,2007-12-02,Female,elri.mahlangu4937@student.example.ac.za,073 555 6647,"Room 382, Oude Molen Hall, Stellenbosch, 7600"
23254767,Jacobs,Jaco,2007-10-17,Male,jaco.jacobs4767@student.example.ac.za,078 555 9060,"95 Church St, Stellenbosch, 7600"
24934881,Zulu,Dineo,2002-06-25,Female,dineo.zulu4881@student.example.ac.za,083 555 8820,"Room 165, Lentelus House, Stellenbosch, 7600"
21869858,Jacobs,Zakhele,2005-12-10,Male,zakhele.jacobs9858@student.example.ac.za,078 555 8312,"Room 191, Oude Molen Hall, Stellenbosch, 7600"
26672155,Adams,Emma,2004-08-04,Female,emma.adams2155@student.example.ac.za,083 555 1148,"Flat 28, 54 Church St, Stellenbosch, 7600"
23054820,Nkosi,Anele,2007-07-11,Female,anele.nkosi4820@student.example.ac.za,073 555 9846,"103 Plein St, Stellenbosch, 7600"
25062243,Cele,Gareth,2007-07-26,Male,gareth.cele2243@student.example.ac.za,084 555 1312,"Flat 28, 133 Banghoek Rd, Stellenbosch, 7600"
22022097,Botha,Chloe,2006-12-06,Female,chloe.botha2097@student.example.ac.za,078 555 5176,"Room 143, Eikestad House, Stellenbosch, 7600"
23585654,Meyer,Imaan,2004-07-28,Female,imaan.meyer5654@student.example.ac.za,083 555 0136,"6 Banghoek Rd, Stellenbosch, 7600"
21137934,Pillay,Ian,2006-03-23,Male,ian.pillay7934@student.example.ac.za,081 555 4200,"Room 396, Eikestad House, Stellenbosch, 7600"
20829437,Mbeki,Chloe,2005-05-09,Female,chloe.mbeki9437@student.example.ac.za,084 555 1023,"Room 151, Pniel Court, Stellenbosch, 7600"
21182212,Petersen,Thandi,2004-05-03,Female,thandi.petersen2212@student.example.ac.za,060 555 3557,"Room 315, Lentelus House, Stellenbosch, 7600"
26479806,Cele,Anele,2005-05-07,Female,anele.cele9806@student.example.ac.za,071 555 1236,"61 Helshoogte Rd, Stellenbosch, 7600"
26967179,Mahlangu,Liezl,2005-01-06,Female,liezl.mahlangu7179@student.example.ac.za,078 555 5218,"Flat 16, 83 Andringa St, Stellenbosch, 7600"
26051185,Adams,Fikile,2003-06-01,Male,fikile.adams1185@student.example.ac.za,072 555 1044,"118 Bird St, Stellenbosch, 7600"
21372679,Ndlovu,Olivia,2005-10-28,Female,olivia.ndlovu2679@student.example.ac.za,083 555 1226,"Flat 4, 143 Ryneveld St, Stellenbosch, 7600"
21265950,Maharaj,Palesa,2005-09-27,Female,palesa.maharaj5950@student.example.ac.za,072 555 4458,"Flat 25, 33 Church St, Stellenbosch, 7600"
20237637,Mahlangu,Themba,2004-10-18,Male,themba.mahlangu7637@student.example.ac.za,078 555 5347,"Room 266, Lentelus House, Stellenbosch, 7600"
25133023,Mokoena,Wian,2008-07-12,Male,wian.mokoena3023@student.example.ac.za,071 555 5366,"Flat 10, 59 Merriman Ave, Stellenbosch, 7600"
25353183,Pather,Mandla,2001-01-10,Male,mandla.pather3183@student.example.ac.za,081 555 6314,"Flat 19, 115 Plein St, Stellenbosch, 7600"
27570029,Pretorius,Brandon,2001-02-10,Male,brandon.pretorius0029@student.example.ac.za,084 555 4205,"Room 339, Oude Molen Hall, Stellenbosch, 7600"
24656946,Smit,Zakhele,2004-08-19,Male,zakhele.smit6946@student.example.ac.za,083 555 4535,"69 Victoria St, Stellenbosch, 7600"
22775539,Visser,Zanele,2005-09-29,Female,zanele.visser5539@student.example.ac.za,073 555 6783,"Room 357, Oude Molen Hall, Stellenbosch, 7600"
21880964,Xaba,Zanele,2007-03-04,Female,zanele.xaba0964@student.example.ac.za,081 555 2685,"Room 324, Simonsberg House, Stellenbosch, 7600"
23558301,Jansen,Jana,2007-12-14,Female,jana.jansen8301@student.example.ac.za,060 555 5714,"154 Ryneveld St, Stellenbosch, 7600"
22913993,Zulu,Riaan,2003-10-05,Male,riaan.zulu3993@student.example.ac.za,083 555 1266,"Flat 25, 21 Helshoogte Rd, Stellenbosch, 7600"
27195430,Smit,Yusuf,2006-08-21,Male,yusuf.smit5430@student.example.ac.za,071 555 6318,"145 Andringa St, Stellenbosch, 7600"
20119726,Olivier,Fikile,2007-11-17,Male,fikile.olivier9726@student.example.ac.za,073 555 7300,"31 Neethling St, Stellenbosch, 7600"
27260984,Tshabalala,Callum,2003-11-07,Male,callum.tshabalala0984@student.example.ac.za,083 555 0667,"Room 350, Lentelus House, Stellenbosch, 7600"
26232201,Xaba,Fikile,2005-01-13,Male,fikile.xaba2201@student.example.ac.za,084 555 1495,"Flat 22, 131 Neethling St, Stellenbosch, 7600"
21999756,Radebe,Jason,2006-04-13,Male,jason.radebe9756@student.example.ac.za,076 555 9405,"Room 118, Rozendal Lodge, Stellenbosch, 7600"
21353433,Van der Merwe,Nomsa,2005-04-08,Female,nomsa.vandermerwe3433@student.example.ac.za,072 555 0011,"110 Plein St, Stellenbosch, 7600"
23609559,Maharaj,Hannah,2006-08-12,Female,hannah.maharaj9559@student.example.ac.za,081 555 9134,"30 Helshoogte Rd, Stellenbosch, 7600"
21601745,Booysen,Mandla,2004-03-05,Male,mandla.booysen1745@student.example.ac.za,060 555 7852,"Room 279, Eikestad House, Stellenbosch, 7600"
23811873,Petersen,Thandi,2005-04-17,Female,thandi.petersen1873@student.example.ac.za,081 555 4962,"Room 247, Oude Molen Hall, Stellenbosch, 7600"
20200295,Kruger,Zinhle,2007-01-02,Female,zinhle.kruger0295@student.example.ac.za,076 555 6330,"Room 200, Pniel Court, Stellenbosch, 7600"
21566302,Lombard,Callum,2004-03-22,Male,callum.lombard6302@student.example.ac.za,078 555 5927,"115 Neethling St, Stellenbosch, 7600"
25102001,Olivier,Buhle,2006-07-23,Female,buhle.olivier2001@student.example.ac.za,084 555 5284,"154 Andringa St, Stellenbosch, 7600"
21190249,Pather,Rohan,2006-03-27,Male,rohan.pather0249@student.example.ac.za,073 555 7170,"Room 313, Pniel Court, Stellenbosch, 7600"
25547332,Olivier,Elri,2005-11-15,Female,elri.olivier7332@student.example.ac.za,076 555 1767,"Flat 17, 122 Merriman Ave, Stellenbosch, 7600"
27536334,Petersen,Precious,2003-05-26,Female,precious.petersen6334@student.example.ac.za,081 555 3963,"48 Plein St, Stellenbosch, 7600"
21279036,Dlamini,Xolani,2005-01-02,Male,xolani.dlamini9036@student.example.ac.za,076 555 6965,"Flat 1, 28 Ryneveld St, Stellenbosch, 7600"
26781516,Booysen,Gareth,2002-03-03,Male,gareth.booysen1516@student.example.ac.za,078 555 4045,"121 Victoria St, Stellenbosch, 7600"
25782871,Cele,Chloe,2007-01-12,Female,chloe.cele2871@student.example.ac.za,060 555 2444,"14 Banghoek Rd, Stellenbosch, 7600"
27380749,Smit,Emma,2005-03-24,Female,emma.smit0749@student.example.ac.za,083 555 5493,"Room 359, Pniel Court, Stellenbosch, 7600"
22847571,Govender,Ethan,2007-04-18,Male,ethan.govender7571@student.example.ac.za,073 555 9467,"Room 285, Rozendal Lodge, Stellenbosch, 7600"
20212774,Pillay,Zoe,2002-06-03,Female,zoe.pillay2774@student.example.ac.za,076 555 8964,"106 Neethling St, Stellenbosch, 7600"
23619372,Adams,Dineo,2004-06-30,Female,dineo.adams9372@student.example.ac.za,079 555 1477,"Room 142, Simonsberg House, Stellenbosch, 7600"
27003596,Dlamini,Christiaan,2003-10-09,Male,christiaan.dlamini3596@student.example.ac.za,071 555 1673,"Room 359, Oude Molen Hall, Stellenbosch, 7600"
24024685,Engelbrecht,Themba,2004-04-26,Male,themba.engelbrecht4685@student.example.ac.za,071 555 4712,"Room 285, Simonsberg House, Stellenbosch, 7600"
25771169,Ndlovu,Nkosana,2005-05-14,Male,nkosana.ndlovu1169@student.example.ac.za,078 555 4425,"Flat 25, 45 Dorp St, Stellenbosch, 7600"
22591775,Pillay,Gugu,2002-09-14,Female,gugu.pillay1775@student.example.ac.za,060 555 4191,"Room 372, Kruispad Hall, Stellenbosch, 7600"
27433171,Tshabalala,Emma,2006-12-28,Female,emma.tshabalala3171@student.example.ac.za,082 555 4754,"Room 192, Pniel Court, Stellenbosch, 7600"
25816695,Botha,Rohan,2001-01-11,Male,rohan.botha6695@student.example.ac.za,078 555 8164,"Flat 27, 156 Plein St, Stellenbosch, 7600"
27426294,Booysen,Aisha,2006-07-05,Female,aisha.booysen6294@student.example.ac.za,082 555 3594,"Flat 26, 100 Victoria St, Stellenbosch, 7600"
22586504,Adams,Pieter,2008-08-28,Male,pieter.adams6504@student.example.ac.za,072 555 9127,"Room 173, Simonsberg House, Stellenbosch, 7600"
20050116,Nkosi,Callum,2006-03-03,Male,callum.nkosi0116@student.example.ac.za,060 555 7031,"Flat 5, 79 Victoria St, Stellenbosch, 7600"
21882289,Sithole,Emma,2006-09-17,Female,emma.sithole2289@student.example.ac.za,072 555 1839,"62 Victoria St, Stellenbosch, 7600"
27930596,Steyn,Sibusiso,2003-10-25,Male,sibusiso.steyn0596@student.example.ac.za,060 555 7972,"144 Ryneveld St, Stellenbosch, 7600"
23350136,Williams,Aisha,2004-02-01,Female,aisha.williams0136@student.example.ac.za,076 555 9337,"Room 365, Bergzicht Residence, Stellenbosch, 7600"
23875948,Pather,Kagiso,2005-08-20,Male,kagiso.pather5948@student.example.ac.za,081 555 0853,"Room 334, Bergzicht Residence, Stellenbosch, 7600"
24324823,Molefe,Brandon,2007-12-22,Male,brandon.molefe4823@student.example.ac.za,081 555 9986,"Room 385, Bergzicht Residence, Stellenbosch, 7600"
24173521,Khumalo,Anri,2006-06-15,Female,anri.khumalo3521@student.example.ac.za,078 555 5797,"Flat 13, 55 Dorp St, Stellenbosch, 7600"
27980145,Ndlovu,Faith,2005-06-05,Female,faith.ndlovu0145@student.example.ac.za,082 555 7438,"Room 354, Bergzicht Residence, Stellenbosch, 7600"
27252905,Jacobs,Aisha,2003-01-12,Female,aisha.jacobs2905@student.example.ac.za,060 555 2711,"Flat 24, 87 Dorp St, Stellenbosch, 7600"
26040117,Pretorius,Mpho,2001-12-28,Male,mpho.pretorius0117@student.example.ac.za,083 555 5093,"100 Bird St, Stellenbosch, 7600"
24230819,Fourie,Maya,2004-01-02,Female,maya.fourie0819@student.example.ac.za,081 555 5751,"138 Dorp St, Stellenbosch, 7600"
25506691,Malan,Daniel,2004-03-01,Male,daniel.malan6691@student.example.ac.za,078 555 2338,"71 Church St, Stellenbosch, 7600"
25232477,Mokoena,Dineo,2005-12-19,Female,dineo.mokoena2477@student.example.ac.za,060 555 3308,"Room 142, Simonsberg House, Stellenbosch, 7600"
23019727,Petersen,Lerato,2005-11-02,Female,lerato.petersen9727@student.example.ac.za,082 555 4041,"Room 189, Rozendal Lodge, Stellenbosch, 7600"
25204397,Van Wyk,Andile,2003-07-22,Male,andile.vanwyk4397@student.example.ac.za,072 555 2061,"Room 354, Oude Molen Hall, Stellenbosch, 7600"
26002192,Maharaj,Precious,2007-12-03,Female,precious.maharaj2192@student.example.ac.za,083 555 3692,"Flat 16, 83 Dorp St, Stellenbosch, 7600"
26655078,Adams,Hannah,2005-01-05,Female,hannah.adams5078@student.example.ac.za,081 555 6367,"Flat 18, 109 Helshoogte Rd, Stellenbosch, 7600"
23825489,Adams,Mandla,2006-07-01,Male,mandla.adams5489@student.example.ac.za,073 555 7253,"Room 216, Oude Molen Hall, Stellenbosch, 7600"
27116571,Meyer,Kayla,2003-02-25,Female,kayla.meyer6571@student.example.ac.za,083 555 3574,"50 Helshoogte Rd, Stellenbosch, 7600"
22875009,Swanepoel,Bheki,2004-03-02,Male,bheki.swanepoel5009@student.example.ac.za,073 555 2666,"Room 106, Bergzicht Residence, Stellenbosch, 7600"
21307267,Pather,Sarah,2004-11-25,Female,sarah.pather7267@student.example.ac.za,073 555 9474,"22 Bird St, Stellenbosch, 7600"
26893843,Tshabalala,Sarah,2006-02-17,Female,sarah.tshabalala3843@student.example.ac.za,072 555 3025,"Room 337, Oude Molen Hall, Stellenbosch, 7600"
24641497,Meyer,Zakhele,2001-03-06,Male,zakhele.meyer1497@student.example.ac.za,083 555 6158,"Room 113, Pniel Court, Stellenbosch, 7600"
23055148,Adams,Zanele,2004-07-13,Female,zanele.adams5148@student.example.ac.za,081 555 3509,"Flat 18, 92 Banghoek Rd, Stellenbosch, 7600"
25124306,Brits,Buhle,2004-03-12,Female,buhle.brits4306@student.example.ac.za,072 555 2174,"Flat 8, 87 Ryneveld St, Stellenbosch, 7600"
22902789,Khumalo,Thandi,2004-06-10,Female,thandi.khumalo2789@student.example.ac.za,083 555 4400,"Room 237, Pniel Court, Stellenbosch, 7600"
24850490,Jansen,Maya,2004-04-08,Female,maya.jansen0490@student.example.ac.za,083 555 2652,"Flat 18, 74 Ryneveld St, Stellenbosch, 7600"
25943877,Olivier,Bheki,2000-07-06,Male,bheki.olivier3877@student.example.ac.za,072 555 3696,"Room 352, Eikestad House, Stellenbosch, 7600"
27985945,Booysen,Francois,2004-01-11,Male,francois.booysen5945@student.example.ac.za,071 555 8663,"47 Andringa St, Stellenbosch, 7600"
21926465,Le Roux,Olivia,2008-08-01,Female,olivia.leroux6465@student.example.ac.za,081 555 7754,"Room 250, Kruispad Hall, Stellenbosch, 7600"
20455351,Booysen,Palesa,2005-03-24,Female,palesa.booysen5351@student.example.ac.za,079 555 0486,"93 Adam Tas Rd, Stellenbosch, 7600"
25897719,Olivier,Reanette,2007-02-05,Female,reanette.olivier7719@student.example.ac.za,076 555 2730,"Room 307, Eikestad House, Stellenbosch, 7600"
26859148,Le Roux,Zoe,2005-04-22,Female,zoe.leroux9148@student.example.ac.za,060 555 0232,"41 Helshoogte Rd, Stellenbosch, 7600"
24122165,Pather,Anri,2004-10-21,Female,anri.pather2165@student.example.ac.za,072 555 0553,"Room 260, Oude Molen Hall, Stellenbosch, 7600"
25475419,Dlamini,Zinhle,2005-12-21,Female,zinhle.dlamini5419@student.example.ac.za,078 555 2982,"Room 390, Kruispad Hall, Stellenbosch, 7600"
26854665,Molefe,Noa,2006-03-18,Prefer not to say,noa.molefe4665@student.example.ac.za,081 555 9716,"Room 354, Kruispad Hall, Stellenbosch, 7600"
20121191,Venter,Deon,2005-12-21,Male,deon.venter1191@student.example.ac.za,071 555 5775,"Flat 5, 159 Plein St, Stellenbosch, 7600"
20109091,Du Plessis,Kabelo,2006-01-12,Male,kabelo.duplessis9091@student.example.ac.za,079 555 0222,"Room 104, Eikestad House, Stellenbosch, 7600"
26507381,Radebe,Christiaan,2004-12-16,Male,christiaan.radebe7381@student.example.ac.za,081 555 2072,"Flat 29, 54 Adam Tas Rd, Stellenbosch, 7600"
21875819,Booysen,Ian,2006-02-06,Male,ian.booysen5819@student.example.ac.za,060 555 1084,"12 Helshoogte Rd, Stellenbosch, 7600"
20293541,Nel,Bheki,2004-04-20,Male,bheki.nel3541@student.example.ac.za,078 555 3966,"Room 205, Eikestad House, Stellenbosch, 7600"
21513388,Coetzee,Bheki,2008-05-20,Non-binary,bheki.coetzee3388@student.example.ac.za,079 555 1543,"31 Helshoogte Rd, Stellenbosch, 7600"
26302765,Jacobs,Naledi,2003-02-25,Female,naledi.jacobs2765@student.example.ac.za,084 555 2494,"Flat 16, 48 Neethling St, Stellenbosch, 7600"
23560220,Meyer,Precious,2004-06-25,Female,precious.meyer0220@student.example.ac.za,084 555 4652,"Flat 10, 32 Plein St, Stellenbosch, 7600"
25106708,Steyn,Wian,2006-06-06,Male,wian.steyn6708@student.example.ac.za,079 555 6232,"Room 205, Oude Molen Hall, Stellenbosch, 7600"
20409076,Jacobs,Fikile,2005-10-25,Male,fikile.jacobs9076@student.example.ac.za,079 555 0478,"Room 250, Rozendal Lodge, Stellenbosch, 7600"
22957899,Petersen,Fikile,2006-07-30,Male,fikile.petersen7899@student.example.ac.za,081 555 0898,"123 Dorp St, Stellenbosch, 7600"
26148404,Maharaj,Ethan,2006-05-03,Male,ethan.maharaj8404@student.example.ac.za,079 555 5924,"Room 339, Kruispad Hall, Stellenbosch, 7600"
23098418,Naidoo,Dineo,2005-04-07,Female,dineo.naidoo8418@student.example.ac.za,084 555 7910,"Flat 26, 63 Ryneveld St, Stellenbosch, 7600"
27304098,Olivier,Olivia,2001-10-06,Female,olivia.olivier4098@student.example.ac.za,079 555 9509,"Flat 13, 135 Victoria St, Stellenbosch, 7600"
22957780,Botha,Ashwin,2007-01-19,Male,ashwin.botha7780@student.example.ac.za,072 555 7086,"Room 386, Oude Molen Hall, Stellenbosch, 7600"
21769706,Venter,Gareth,2002-07-25,Male,gareth.venter9706@student.example.ac.za,079 555 7009,"Room 120, Rozendal Lodge, Stellenbosch, 7600"
27390786,Lombard,Imaan,2007-12-19,Female,imaan.lombard0786@student.example.ac.za,060 555 4835,"Room 340, Kruispad Hall, Stellenbosch, 7600"
21184189,Maharaj,Francois,2006-01-25,Male,francois.maharaj4189@student.example.ac.za,072 555 6553,"Room 294, Oude Molen Hall, Stellenbosch, 7600"
26161570,Meyer,Kabelo,2003-03-04,Male,kabelo.meyer1570@student.example.ac.za,076 555 2694,"Room 233, Eikestad House, Stellenbosch, 7600"
22683872,Van der Merwe,Liezl,2003-04-13,Female,liezl.vandermerwe3872@student.example.ac.za,072 555 3868,"Flat 1, 97 Victoria St, Stellenbosch, 7600"
26446314,Fourie,Riaan,2004-08-24,Male,riaan.fourie6314@student.example.ac.za,081 555 9689,"Room 256, Kruispad Hall, Stellenbosch, 7600"
27445607,Mbeki,Jason,2007-09-11,Male,jason.mbeki5607@student.example.ac.za,084 555 2904,"78 Dorp St, Stellenbosch, 7600"
24995764,Le Roux,Siya,2005-03-15,Male,siya.leroux5764@student.example.ac.za,081 555 8578,"46 Church St, Stellenbosch, 7600"
21168134,Zulu,Riaan,2005-01-26,Male,riaan.zulu8134@student.example.ac.za,078 555 4085,"130 Victoria St, Stellenbosch, 7600"
24472912,Williams,Naledi,2006-06-30,Female,naledi.williams2912@student.example.ac.za,060 555 3755,"Flat 4, 111 Adam Tas Rd, Stellenbosch, 7600"
25840330,Swanepoel,Fatima,2006-03-23,Female,fatima.swanepoel0330@student.example.ac.za,076 555 1342,"Flat 23, 5 Plein St, Stellenbosch, 7600"
24241289,Adams,Zanele,2007-02-17,Female,zanele.adams1289@student.example.ac.za,078 555 4335,"Room 135, Oude Molen Hall, Stellenbosch, 7600"
23123672,Du Plessis,Lerato,2002-04-08,Female,lerato.duplessis3672@student.example.ac.za,071 555 2007,"Room 186, Oude Molen Hall, Stellenbosch, 7600"
21604642,Nel,Zoe,2006-06-09,Female,zoe.nel4642@student.example.ac.za,060 555 9791,"98 Ryneveld St, Stellenbosch, 7600"
22047042,Jacobs,Yusuf,2006-03-11,Male,yusuf.jacobs7042@student.example.ac.za,083 555 5722,"Room 260, Pniel Court, Stellenbosch, 7600"
20564709,Petersen,Sibusiso,2005-06-20,Male,sibusiso.petersen4709@student.example.ac.za,079 555 7180,"Room 235, Kruispad Hall, Stellenbosch, 7600"
20669432,Meyer,Zinhle,2006-06-14,Female,zinhle.meyer9432@student.example.ac.za,071 555 4541,"Flat 7, 69 Plein St, Stellenbosch, 7600"
25413589,Petersen,Fatima,2006-05-02,Female,fatima.petersen3589@student.example.ac.za,073 555 8202,"Room 171, Kruispad Hall, Stellenbosch, 7600"
20498950,Van der Merwe,Lungile,2004-02-14,Male,lungile.vandermerwe8950@student.example.ac.za,082 555 0516,"16 Neethling St, Stellenbosch, 7600"
21848732,Van Wyk,Kayla,2008-04-29,Female,kayla.vanwyk8732@student.example.ac.za,079 555 7742,"Room 305, Pniel Court, Stellenbosch, 7600"
24186991,Dlamini,Hendrik,2006-08-21,Male,hendrik.dlamini6991@student.example.ac.za,072 555 9585,"73 Helshoogte Rd, Stellenbosch, 7600"
24277133,Jansen,Karabo,2005-03-29,Female,karabo.jansen7133@student.example.ac.za,073 555 3008,"Room 328, Pniel Court, Stellenbosch, 7600"
25917105,Visser,Ashwin,2005-01-22,Male,ashwin.visser7105@student.example.ac.za,072 555 2134,"Room 276, Bergzicht Residence, Stellenbosch, 7600"
21766977,Petersen,Bianca,2004-05-06,Female,bianca.petersen6977@student.example.ac.za,082 555 2871,"132 Andringa St, Stellenbosch, 7600"
21882033,Pillay,Daniel,2006-01-09,Male,daniel.pillay2033@student.example.ac.za,078 555 6488,"Room 291, Bergzicht Residence, Stellenbosch, 7600"
22113846,Van der Merwe,Wian,2008-06-05,Male,wian.vandermerwe3846@student.example.ac.za,071 555 3053,"Flat 25, 109 Helshoogte Rd, Stellenbosch, 7600"
21405499,Coetzee,Ian,2006-04-21,Male,ian.coetzee5499@student.example.ac.za,083 555 9353,"Room 307, Rozendal Lodge, Stellenbosch, 7600"
22652893,Petersen,Zinhle,2006-05-11,Female,zinhle.petersen2893@student.example.ac.za,076 555 7920,"Room 118, Bergzicht Residence, Stellenbosch, 7600"
23543995,Brits,Liam,2003-09-13,Male,liam.brits3995@student.example.ac.za,081 555 5541,"79 Church St, Stellenbosch, 7600"
21958197,Pather,Dineo,2005-07-23,Female,dineo.pather8197@student.example.ac.za,073 555 3697,"Room 398, Kruispad Hall, Stellenbosch, 7600"
27015091,Adams,Nomsa,2007-02-19,Female,nomsa.adams5091@student.example.ac.za,083 555 1815,"Room 106, Lentelus House, Stellenbosch, 7600"
25971597,Van Wyk,Bianca,2002-02-25,Female,bianca.vanwyk1597@student.example.ac.za,076 555 7484,"Room 197, Bergzicht Residence, Stellenbosch, 7600"
27182583,Naidoo,Olivia,2005-01-23,Female,olivia.naidoo2583@student.example.ac.za,076 555 8471,"Room 321, Lentelus House, Stellenbosch, 7600"
22498330,Mbeki,Olivia,2004-03-13,Female,olivia.mbeki8330@student.example.ac.za,084 555 4794,"Room 190, Eikestad House, Stellenbosch, 7600"
22637881,Visser,Sarah,2003-05-20,Female,sarah.visser7881@student.example.ac.za,079 555 9214,"Room 113, Oude Molen Hall, Stellenbosch, 7600"
22946003,Fourie,Gugu,2006-05-11,Female,gugu.fourie6003@student.example.ac.za,079 555 1784,"Room 110, Rozendal Lodge, Stellenbosch, 7600"
23521417,Xaba,Tumelo,2005-05-18,Female,tumelo.xaba1417@student.example.ac.za,076 555 7499,"Room 312, Oude Molen Hall, Stellenbosch, 7600"
24700403,Swanepoel,Noa,2007-04-18,Prefer not to say,noa.swanepoel0403@student.example.ac.za,060 555 4657,"Room 179, Rozendal Lodge, Stellenbosch, 7600"
23310845,Pillay,Sarah,2003-08-31,Female,sarah.pillay0845@student.example.ac.za,073 555 0379,"Room 106, Lentelus House, Stellenbosch, 7600"
27362043,Sithole,Imaan,2007-07-12,Female,imaan.sithole2043@student.example.ac.za,081 555 3300,"Room 306, Bergzicht Residence, Stellenbosch, 7600"
27652563,Olivier,Kagiso,2003-06-29,Male,kagiso.olivier2563@student.example.ac.za,072 555 0040,"Room 265, Oude Molen Hall, Stellenbosch, 7600"
24714088,Engelbrecht,Kabelo,2004-08-26,Male,kabelo.engelbrecht4088@student.example.ac.za,082 555 1756,"Flat 8, 57 Neethling St, Stellenbosch, 7600"
27441762,Mokoena,Bheki,2004-12-09,Male,bheki.mokoena1762@student.example.ac.za,082 555 3687,"Room 342, Bergzicht Residence, Stellenbosch, 7600"
24577980,Venter,Reanette,2002-04-17,Female,reanette.venter7980@student.example.ac.za,076 555 8823,"83 Bird St, Stellenbosch, 7600"
20446569,Tshabalala,Neo,2007-06-03,Male,neo.tshabalala6569@student.example.ac.za,081 555 3142,"140 Victoria St, Stellenbosch, 7600"
20640962,Williams,Dineo,2006-02-13,Female,dineo.williams0962@student.example.ac.za,082 555 6449,"Room 225, Kruispad Hall, Stellenbosch, 7600"
22497606,Molefe,Rohan,2006-05-31,Male,rohan.molefe7606@student.example.ac.za,081 555 2623,"Room 369, Simonsberg House, Stellenbosch, 7600"
26655032,Visser,Amahle,2007-07-13,Female,amahle.visser5032@student.example.ac.za,082 555 3861,"73 Plein St, Stellenbosch, 7600"
24717776,Zulu,Neo,2008-05-21,Male,neo.zulu7776@student.example.ac.za,072 555 2323,"Room 336, Lentelus House, Stellenbosch, 7600"
23668239,Mahlangu,Kagiso,2005-12-05,Male,kagiso.mahlangu8239@student.example.ac.za,083 555 0331,"Room 251, Eikestad House, Stellenbosch, 7600"
25579250,Pretorius,Ashwin,2001-11-27,Male,ashwin.pretorius9250@student.example.ac.za,072 555 4723,"Room 302, Simonsberg House, Stellenbosch, 7600"
21129458,Du Plessis,Mandla,2005-10-13,Male,mandla.duplessis9458@student.example.ac.za,072 555 7228,"Flat 4, 99 Church St, Stellenbosch, 7600"
26563146,Coetzee,Jana,2007-02-20,Female,jana.coetzee3146@student.example.ac.za,060 555 4777,"Room 279, Eikestad House, Stellenbosch, 7600"
22052652,Swanepoel,Hannah,2004-05-04,Female,hannah.swanepoel2652@student.example.ac.za,060 555 0560,"Room 210, Eikestad House, Stellenbosch, 7600"
27897550,Du Plessis,Olivia,2005-08-26,Female,olivia.duplessis7550@student.example.ac.za,060 555 8101,"Room 240, Eikestad House, Stellenbosch, 7600"
25632558,Pather,Lerato,2005-11-29,Female,lerato.pather2558@student.example.ac.za,072 555 2979,"Room 307, Bergzicht Residence, Stellenbosch, 7600"
21902777,Radebe,Mpho,2005-02-27,Male,mpho.radebe2777@student.example.ac.za,079 555 3608,"157 Helshoogte Rd, Stellenbosch, 7600"
25749267,Smit,Ashwin,2005-04-24,Non-binary,ashwin.smit9267@student.example.ac.za,084 555 6527,"Room 284, Rozendal Lodge, Stellenbosch, 7600"
25675920,Venter,Aisha,2003-12-22,Female,aisha.venter5920@student.example.ac.za,079 555 0836,"151 Dorp St, Stellenbosch, 7600"
24110897,Sithole,Hannah,2005-08-01,Female,hannah.sithole0897@student.example.ac.za,076 555 9732,"17 Helshoogte Rd, Stellenbosch, 7600"
26658271,Van der Merwe,Elri,2007-08-30,Female,elri.vandermerwe8271@student.example.ac.za,084 555 7161,"Room 197, Rozendal Lodge, Stellenbosch, 7600"
23706167,Cele,Callum,2008-05-24,Male,callum.cele6167@student.example.ac.za,082 555 0606,"Room 171, Rozendal Lodge, Stellenbosch, 7600"
27087274,Botha,Christiaan,2005-09-25,Male,christiaan.botha7274@student.example.ac.za,073 555 9461,"Room 413, Lentelus House, Stellenbosch, 7600"
25875794,Mbeki,Nkosana,2004-10-05,Male,nkosana.mbeki5794@student.example.ac.za,071 555 0361,"Flat 6, 42 Victoria St, Stellenbosch, 7600"
21926060,Govender,Bheki,2004-12-20,Male,bheki.govender6060@student.example.ac.za,083 555 1955,"144 Bird St, Stellenbosch, 7600"
20386630,Kruger,Liam,2003-06-02,Male,liam.kruger6630@student.example.ac.za,084 555 0634,"72 Banghoek Rd, Stellenbosch, 7600"
26527232,Zulu,Gareth,2004-10-08,Male,gareth.zulu7232@student.example.ac.za,082 555 3512,"Flat 14, 50 Neethling St, Stellenbosch, 7600"
22305314,Botha,Imaan,2004-05-31,Female,imaan.botha5314@student.example.ac.za,079 555 7953,"Room 194, Rozendal Lodge, Stellenbosch, 7600"
27477950,Coetzee,Faith,2003-05-31,Female,faith.coetzee7950@student.example.ac.za,084 555 1206,"Room 361, Bergzicht Residence, Stellenbosch, 7600"
21653910,Nel,Liezl,2001-03-22,Female,liezl.nel3910@student.example.ac.za,083 555 6964,"Room 285, Pniel Court, Stellenbosch, 7600"
27705155,Dlamini,Christiaan,2007-06-17,Male,christiaan.dlamini5155@student.example.ac.za,072 555 3028,"30 Helshoogte Rd, Stellenbosch, 7600"
20299529,Botha,Bheki,2001-07-28,Non-binary,bheki.botha9529@student.example.ac.za,073 555 9452,"Room 113, Pniel Court, Stellenbosch, 7600"
25326172,Mahlangu,Jaco,2004-03-12,Male,jaco.mahlangu6172@student.example.ac.za,084 555 4807,"Room 134, Oude Molen Hall, Stellenbosch, 7600"
26552152,Govender,Fikile,2006-04-29,Male,fikile.govender2152@student.example.ac.za,071 555 2958,"91 Victoria St, Stellenbosch, 7600"
23887587,Ndlovu,Siya,2007-10-05,Male,siya.ndlovu7587@student.example.ac.za,081 555 2305,"Room 237, Eikestad House, Stellenbosch, 7600"
22699938,Fourie,Neo,2006-11-30,Male,neo.fourie9938@student.example.ac.za,078 555 8738,"65 Neethling St, Stellenbosch, 7600"
21902152,Van der Merwe,Lerato,2005-09-20,Female,lerato.vandermerwe2152@student.example.ac.za,071 555 9070,"Room 390, Rozendal Lodge, Stellenbosch, 7600"
27932520,Jacobs,Yusuf,2004-10-12,Male,yusuf.jacobs2520@student.example.ac.za,060 555 9573,"17 Church St, Stellenbosch, 7600"
21768778,Sithole,Gareth,2005-07-16,Male,gareth.sithole8778@student.example.ac.za,076 555 9760,"107 Victoria St, Stellenbosch, 7600"
22315431,Kruger,Anri,2008-07-06,Female,anri.kruger5431@student.example.ac.za,082 555 7981,"86 Helshoogte Rd, Stellenbosch, 7600"
25784179,Cele,Sibusiso,2005-05-01,Male,sibusiso.cele4179@student.example.ac.za,073 555 5245,"36 Bird St, Stellenbosch, 7600"
25077775,Smit,Dineo,2007-12-17,Female,dineo.smit7775@student.example.ac.za,082 555 7936,"150 Neethling St, Stellenbosch, 7600"
21468524,Xaba,Megan,2007-06-30,Female,megan.xaba8524@student.example.ac.za,078 555 1125,"103 Merriman Ave, Stellenbosch, 7600"
24869548,Petersen,Amahle,2007-08-19,Female,amahle.petersen9548@student.example.ac.za,081 555 8093,"Flat 20, 5 Victoria St, Stellenbosch, 7600"
25931271,Tshabalala,Ian,2004-10-16,Male,ian.tshabalala1271@student.example.ac.za,076 555 5633,"116 Victoria St, Stellenbosch, 7600"
22901523,Govender,Hannah,2006-02-17,Female,hannah.govender1523@student.example.ac.za,076 555 2527,"Room 395, Oude Molen Hall, Stellenbosch, 7600"
21927365,Booysen,Themba,2005-08-07,Male,themba.booysen7365@student.example.ac.za,073 555 0551,"Flat 9, 78 Neethling St, Stellenbosch, 7600"
20340746,Kruger,Aisha,2001-11-27,Female,aisha.kruger0746@student.example.ac.za,073 555 2272,"Room 275, Eikestad House, Stellenbosch, 7600"
24211788,Govender,Olivia,2003-08-21,Female,olivia.govender1788@student.example.ac.za,073 555 1762,"Room 166, Rozendal Lodge, Stellenbosch, 7600"
27111169,Van der Merwe,Chanel,2005-10-15,Female,chanel.vandermerwe1169@student.example.ac.za,081 555 8123,"16 Neethling St, Stellenbosch, 7600"
26265761,Lombard,Anri,2003-09-05,Female,anri.lombard5761@student.example.ac.za,072 555 4305,"94 Ryneveld St, Stellenbosch, 7600"
22190886,Tshabalala,Brandon,2004-11-30,Male,brandon.tshabalala0886@student.example.ac.za,082 555 0377,"Room 189, Eikestad House, Stellenbosch, 7600"
22996505,Olivier,Jana,2006-03-13,Female,jana.olivier6505@student.example.ac.za,078 555 6133,"33 Banghoek Rd, Stellenbosch, 7600"
25982345,Steyn,Lerato,2006-05-28,Female,lerato.steyn2345@student.example.ac.za,084 555 5186,"110 Ryneveld St, Stellenbosch, 7600"
20045566,Dlamini,Nomsa,2008-03-07,Female,nomsa.dlamini5566@student.example.ac.za,084 555 9408,"Room 290, Oude Molen Hall, Stellenbosch, 7600"
22406102,Kruger,Sarah,2006-08-23,Female,sarah.kruger6102@student.example.ac.za,076 555 7598,"Room 405, Lentelus House, Stellenbosch, 7600"
25747120,Brits,Karabo,2003-10-13,Female,karabo.brits7120@student.example.ac.za,071 555 1104,"154 Helshoogte Rd, Stellenbosch, 7600"
25890888,Van der Merwe,Sarah,2004-10-04,Female,sarah.vandermerwe0888@student.example.ac.za,072 555 5774,"Room 292, Kruispad Hall, Stellenbosch, 7600"
22011841,Olivier,Yusuf,2003-04-16,Male,yusuf.olivier1841@student.example.ac.za,083 555 2029,"7 Helshoogte Rd, Stellenbosch, 7600"
26617449,Mahlangu,Francois,2002-12-24,Male,francois.mahlangu7449@student.example.ac.za,071 555 4565,"10 Helshoogte Rd, Stellenbosch, 7600"
27925555,Venter,Anele,2004-11-05,Female,anele.venter5555@student.example.ac.za,072 555 4002,"Room 270, Oude Molen Hall, Stellenbosch, 7600"
27637881,Engelbrecht,Christiaan,2003-10-05,Male,christiaan.engelbrecht7881@student.example.ac.za,079 555 2044,"Room 108, Kruispad Hall, Stellenbosch, 7600"
23024536,Ndlovu,Anele,2005-04-08,Female,anele.ndlovu4536@student.example.ac.za,083 555 6222,"64 Helshoogte Rd, Stellenbosch, 7600"
24375578,Le Roux,Buhle,2001-12-21,Female,buhle.leroux5578@student.example.ac.za,072 555 1193,"Flat 17, 42 Church St, Stellenbosch, 7600"
26485052,Adams,Ethan,2006-03-08,Male,ethan.adams5052@student.example.ac.za,071 555 5040,"Room 145, Pniel Court, Stellenbosch, 7600"
22485830,Williams,Andile,2005-08-05,Male,andile.williams5830@student.example.ac.za,072 555 2673,"Flat 7, 81 Merriman Ave, Stellenbosch, 7600"
23913907,Zulu,Palesa,2006-09-09,Female,palesa.zulu3907@student.example.ac.za,073 555 8898,"Room 267, Simonsberg House, Stellenbosch, 7600"
25271593,Smit,Themba,2006-03-07,Male,themba.smit1593@student.example.ac.za,060 555 9216,"Room 193, Pniel Court, Stellenbosch, 7600"
20927081,Brits,Olivia,2007-03-31,Female,olivia.brits7081@student.example.ac.za,084 555 0236,"Flat 27, 105 Merriman Ave, Stellenbosch, 7600"
21001347,Coetzee,Francois,2004-05-10,Male,francois.coetzee1347@student.example.ac.za,081 555 0059,"Room 280, Simonsberg House, Stellenbosch, 7600"
26952918,Jacobs,Ethan,2006-04-29,Male,ethan.jacobs2918@student.example.ac.za,073 555 3073,"131 Banghoek Rd, Stellenbosch, 7600"
27266798,Tshabalala,Deon,2005-04-01,Non-binary,deon.tshabalala6798@student.example.ac.za,079 555 2555,"Flat 11, 46 Dorp St, Stellenbosch, 7600"
26087166,Jacobs,Robin,2000-10-14,Prefer not to say,robin.jacobs7166@student.example.ac.za,081 555 6887,"159 Plein St, Stellenbosch, 7600"
23632758,Khumalo,Chloe,2003-02-04,Female,chloe.khumalo2758@student.example.ac.za,083 555 9222,"124 Plein St, Stellenbosch, 7600"
24671342,Lombard,Precious,2000-06-24,Female,precious.lombard1342@student.example.ac.za,078 555 3084,"Room 373, Lentelus House, Stellenbosch, 7600"
23219953,Govender,Ian,2006-11-06,Male,ian.govender9953@student.example.ac.za,072 555 2161,"50 Merriman Ave, Stellenbosch, 7600"
25239683,Meyer,Zoe,2007-02-05,Female,zoe.meyer9683@student.example.ac.za,073 555 4693,"Room 155, Lentelus House, Stellenbosch, 7600"
23133744,Coetzee,Precious,2006-09-24,Female,precious.coetzee3744@student.example.ac.za,084 555 5599,"Flat 21, 113 Merriman Ave, Stellenbosch, 7600"
25890948,Du Plessis,Bianca,2005-08-17,Non-binary,bianca.duplessis0948@student.example.ac.za,072 555 1416,"Room 319, Simonsberg House, Stellenbosch, 7600"
24183152,Lombard,Liezl,2005-04-28,Female,liezl.lombard3152@student.example.ac.za,081 555 1735,"3 Church St, Stellenbosch, 7600"
25623707,Nel,Kagiso,2006-01-14,Male,kagiso.nel3707@student.example.ac.za,060 555 9135,"132 Ryneveld St, Stellenbosch, 7600"
24230146,Mbeki,Mandla,2006-01-25,Male,mandla.mbeki0146@student.example.ac.za,076 555 7434,"97 Merriman Ave, Stellenbosch, 7600"
25258124,Nel,Bianca,2005-03-06,Female,bianca.nel8124@student.example.ac.za,072 555 7235,"30 Church St, Stellenbosch, 7600"
21753556,Mahlangu,Lindiwe,2006-10-06,Female,lindiwe.mahlangu3556@student.example.ac.za,071 555 0796,"121 Plein St, Stellenbosch, 7600"
22128398,Coetzee,Reanette,2007-08-22,Female,reanette.coetzee8398@student.example.ac.za,072 555 7170,"65 Plein St, Stellenbosch, 7600"
25396503,Mahlangu,Maya,2002-04-11,Female,maya.mahlangu6503@student.example.ac.za,073 555 1451,"7 Andringa St, Stellenbosch, 7600"
24987165,Hendricks,Kagiso,2008-03-01,Male,kagiso.hendricks7165@student.example.ac.za,079 555 4454,"Flat 24, 23 Helshoogte Rd, Stellenbosch, 7600"
21176227,Olivier,Tumelo,2001-08-29,Female,tumelo.olivier6227@student.example.ac.za,083 555 0734,"157 Dorp St, Stellenbosch, 7600"
20089097,Zulu,Nomsa,2007-08-23,Female,nomsa.zulu9097@student.example.ac.za,082 555 3398,"Flat 15, 51 Ryneveld St, Stellenbosch, 7600"
25419257,Pretorius,Rohan,2004-07-14,Male,rohan.pretorius9257@student.example.ac.za,084 555 5441,"Flat 28, 90 Neethling St, Stellenbosch, 7600"
23026785,Jacobs,Aisha,2004-04-13,Non-binary,aisha.jacobs6785@student.example.ac.za,072 555 5152,"Flat 26, 128 Merriman Ave, Stellenbosch, 7600"
22952359,Engelbrecht,Jana,2005-02-27,Female,jana.engelbrecht2359@student.example.ac.za,072 555 8265,"87 Merriman Ave, Stellenbosch, 7600"
24023552,Du Plessis,Thandi,2006-08-26,Female,thandi.duplessis3552@student.example.ac.za,083 555 6980,"60 Ryneveld St, Stellenbosch, 7600"
25311775,Le Roux,Reanette,2002-04-30,Female,reanette.leroux1775@student.example.ac.za,081 555 0889,"Room 274, Rozendal Lodge, Stellenbosch, 7600"
22658380,Jansen,Neo,2007-06-13,Male,neo.jansen8380@student.example.ac.za,073 555 0767,"78 Merriman Ave, Stellenbosch, 7600"
22979449,Radebe,Zinhle,2006-11-01,Female,zinhle.radebe9449@student.example.ac.za,081 555 8383,"Room 309, Eikestad House, Stellenbosch, 7600"
25142945,Pretorius,Zoe,2001-11-29,Female,zoe.pretorius2945@student.example.ac.za,081 555 2870,"Flat 8, 120 Andringa St, Stellenbosch, 7600"
27069356,Cele,Wian,2002-10-07,Male,wian.cele9356@student.example.ac.za,076 555 5981,"Room 238, Kruispad Hall, Stellenbosch, 7600"
23635063,Kruger,Hannah,2006-12-09,Female,hannah.kruger5063@student.example.ac.za,073 555 2719,"Flat 17, 67 Victoria St, Stellenbosch, 7600"
23693509,Cele,Pieter,2002-04-29,Male,pieter.cele3509@student.example.ac.za,082 555 5097,"Room 144, Eikestad House, Stellenbosch, 7600"
25178956,Steyn,Fatima,2003-12-27,Female,fatima.steyn8956@student.example.ac.za,060 555 9973,"Room 324, Kruispad Hall, Stellenbosch, 7600"
26279825,Coetzee,Ethan,2003-09-10,Male,ethan.coetzee9825@student.example.ac.za,060 555 1197,"30 Dorp St, Stellenbosch, 7600"
26266598,Naidoo,Neo,2001-07-28,Male,neo.naidoo6598@student.example.ac.za,081 555 2452,"Flat 5, 67 Church St, Stellenbosch, 7600"
25628907,Williams,Nomsa,2005-06-24,Female,nomsa.williams8907@student.example.ac.za,079 555 9250,"Room 222, Oude Molen Hall, Stellenbosch, 7600"
23485762,Van Wyk,Hendrik,2007-01-16,Male,hendrik.vanwyk5762@student.example.ac.za,072 555 2120,"Room 110, Eikestad House, Stellenbosch, 7600"
22141499,Botha,Buhle,2003-03-16,Female,buhle.botha1499@student.example.ac.za,079 555 1606,"Room 299, Oude Molen Hall, Stellenbosch, 7600"
26708592,Meyer,Liezl,2005-08-09,Female,liezl.meyer8592@student.example.ac.za,079 555 0943,"Room 219, Bergzicht Residence, Stellenbosch, 7600"
22172606,Pather,Bianca,2005-01-15,Female,bianca.pather2606@student.example.ac.za,072 555 9154,"Flat 29, 14 Banghoek Rd, Stellenbosch, 7600"
20400602,Pillay,Zoe,2005-09-26,Female,zoe.pillay0602@student.example.ac.za,076 555 5423,"Room 268, Simonsberg House, Stellenbosch, 7600"
24836417,Hendricks,Reanette,2006-09-30,Female,reanette.hendricks6417@student.example.ac.za,073 555 3433,"Room 316, Bergzicht Residence, Stellenbosch, 7600"
23905954,Visser,Siya,2002-02-03,Male,siya.visser5954@student.example.ac.za,076 555 4896,"Room 302, Bergzicht Residence, Stellenbosch, 7600"
25690124,Pretorius,Carmen,2005-12-12,Female,carmen.pretorius0124@student.example.ac.za,073 555 7761,"Room 147, Lentelus House, Stellenbosch, 7600"
22459418,Booysen,Chloe,2006-10-30,Female,chloe.booysen9418@student.example.ac.za,060 555 4050,"Room 346, Rozendal Lodge, Stellenbosch, 7600"
22179100,Engelbrecht,Nkosana,2000-12-23,Male,nkosana.engelbrecht9100@student.example.ac.za,072 555 1695,"159 Helshoogte Rd, Stellenbosch, 7600"
22484290,Meyer,Tumelo,2004-09-25,Female,tumelo.meyer4290@student.example.ac.za,079 555 2432,"Flat 13, 60 Andringa St, Stellenbosch, 7600"
26164336,Zulu,Liezl,2004-02-05,Female,liezl.zulu4336@student.example.ac.za,072 555 7729,"39 Helshoogte Rd, Stellenbosch, 7600"
25736322,Jacobs,Precious,2007-03-03,Female,precious.jacobs6322@student.example.ac.za,060 555 8117,"Room 331, Eikestad House, Stellenbosch, 7600"
21830180,Engelbrecht,Lungile,2007-03-23,Male,lungile.engelbrecht0180@student.example.ac.za,079 555 9432,"5 Adam Tas Rd, Stellenbosch, 7600"
22886203,Cele,Lerato,2006-10-27,Female,lerato.cele6203@student.example.ac.za,079 555 9130,"Flat 2, 127 Banghoek Rd, Stellenbosch, 7600"
22041295,Radebe,Tshepo,2002-03-29,Male,tshepo.radebe1295@student.example.ac.za,073 555 2498,"Room 266, Bergzicht Residence, Stellenbosch, 7600"
25133995,Van der Merwe,Dineo,2004-08-10,Female,dineo.vandermerwe3995@student.example.ac.za,081 555 5800,"99 Bird St, Stellenbosch, 7600"
23476835,Meyer,Tshepo,2005-05-22,Male,tshepo.meyer6835@student.example.ac.za,073 555 5303,"Room 257, Pniel Court, Stellenbosch, 7600"
23320191,Mokoena,Pieter,2006-09-26,Male,pieter.mokoena0191@student.example.ac.za,072 555 1637,"Flat 17, 104 Adam Tas Rd, Stellenbosch, 7600"
25762891,Van der Merwe,Anele,2007-01-27,Female,anele.vandermerwe2891@student.example.ac.za,084 555 8179,"Room 412, Oude Molen Hall, Stellenbosch, 7600"
26655419,Williams,Ashwin,2007-08-05,Male,ashwin.williams5419@student.example.ac.za,079 555 0636,"158 Dorp St, Stellenbosch, 7600"
20289246,Hendricks,Kabelo,2001-06-24,Male,kabelo.hendricks9246@student.example.ac.za,082 555 1242,"Room 138, Oude Molen Hall, Stellenbosch, 7600"
22821833,Lombard,Brandon,2000-05-10,Male,brandon.lombard1833@student.example.ac.za,084 555 9623,"Room 165, Simonsberg House, Stellenbosch, 7600"
23436392,Ndlovu,Olivia,2000-04-09,Female,olivia.ndlovu6392@student.example.ac.za,072 555 0647,"Flat 2, 11 Ryneveld St, Stellenbosch, 7600"
25415894,Kruger,Thandi,2006-09-25,Female,thandi.kruger5894@student.example.ac.za,078 555 8124,"Room 222, Pniel Court, Stellenbosch, 7600"
24068075,Meyer,Deon,2005-02-12,Male,deon.meyer8075@student.example.ac.za,079 555 3098,"131 Helshoogte Rd, Stellenbosch, 7600"
20515434,Venter,Siya,2001-11-28,Male,siya.venter5434@student.example.ac.za,083 555 8553,"Room 114, Eikestad House, Stellenbosch, 7600"
23951338,Brits,Liam,2004-04-06,Male,liam.brits1338@student.example.ac.za,082 555 7151,"Flat 2, 98 Merriman Ave, Stellenbosch, 7600"
24670701,Booysen,Jana,2002-04-11,Female,jana.booysen0701@student.example.ac.za,071 555 6456,"Flat 4, 46 Neethling St, Stellenbosch, 7600"
27551806,Venter,Fatima,2006-05-29,Female,fatima.venter1806@student.example.ac.za,073 555 7647,"Flat 27, 103 Merriman Ave, Stellenbosch, 7600"
22059576,Nel,Chloe,2004-04-03,Female,chloe.nel9576@student.example.ac.za,071 555 0209,"Flat 25, 70 Adam Tas Rd, Stellenbosch, 7600"
20752870,Jacobs,Naledi,2004-09-05,Female,naledi.jacobs2870@student.example.ac.za,082 555 4376,"145 Dorp St, Stellenbosch, 7600"
25965034,Pather,Ashwin,2004-02-16,Male,ashwin.pather5034@student.example.ac.za,072 555 4422,"93 Andringa St, Stellenbosch, 7600"
21978474,Meyer,Thandi,2005-05-21,Female,thandi.meyer8474@student.example.ac.za,084 555 1967,"144 Helshoogte Rd, Stellenbosch, 7600"
23752587,Booysen,Lerato,2007-03-11,Female,lerato.booysen2587@student.example.ac.za,072 555 7929,"88 Church St, Stellenbosch, 7600"
22785271,Ndlovu,Chanel,2006-12-12,Female,chanel.ndlovu5271@student.example.ac.za,082 555 5895,"37 Merriman Ave, Stellenbosch, 7600"
22909565,Engelbrecht,Andile,2007-04-01,Male,andile.engelbrecht9565@student.example.ac.za,081 555 3779,"Flat 14, 34 Dorp St, Stellenbosch, 7600"
20619682,Botha,Maya,2008-05-22,Female,maya.botha9682@student.example.ac.za,079 555 1647,"Room 185, Rozendal Lodge, Stellenbosch, 7600"
21413547,Dlamini,Andile,2005-02-10,Male,andile.dlamini3547@student.example.ac.za,060 555 5637,"Flat 18, 11 Plein St, Stellenbosch, 7600"
23760627,Nel,Callum,2006-06-24,Male,callum.nel0627@student.example.ac.za,081 555 6110,"Flat 26, 136 Neethling St, Stellenbosch, 7600"
25502946,Malan,Jason,2004-01-15,Male,jason.malan2946@student.example.ac.za,072 555 9168,"114 Plein St, Stellenbosch, 7600"
27165976,Malan,Ian,2006-08-12,Male,ian.malan5976@student.example.ac.za,060 555 0822,"137 Adam Tas Rd, Stellenbosch, 7600"
26542794,Nel,Siya,2005-10-09,Male,siya.nel2794@student.example.ac.za,076 555 2054,"Room 230, Eikestad House, Stellenbosch, 7600"
25946627,Govender,Anri,2005-07-01,Female,anri.govender6627@student.example.ac.za,073 555 3053,"65 Ryneveld St, Stellenbosch, 7600"
24388725,Botha,Hannah,2007-02-08,Female,hannah.botha8725@student.example.ac.za,079 555 9517,"Flat 29, 51 Helshoogte Rd, Stellenbosch, 7600"
20379841,Hendricks,Lungile,2005-03-31,Male,lungile.hendricks9841@student.example.ac.za,060 555 0133,"Room 380, Bergzicht Residence, Stellenbosch, 7600"
27542826,Van Wyk,Aisha,2007-10-18,Female,aisha.vanwyk2826@student.example.ac.za,076 555 5530,"Room 408, Simonsberg House, Stellenbosch, 7600"
20709421,Pillay,Fatima,2007-03-21,Female,fatima.pillay9421@student.example.ac.za,082 555 0276,"109 Andringa St, Stellenbosch, 7600"
21777802,Molefe,Nkosana,2005-08-01,Male,nkosana.molefe7802@student.example.ac.za,078 555 0228,"Flat 15, 19 Bird St, Stellenbosch, 7600"
26549348,Van Wyk,Nomsa,2005-01-20,Female,nomsa.vanwyk9348@student.example.ac.za,060 555 1181,"Room 166, Oude Molen Hall, Stellenbosch, 7600"
27578807,Pillay,Nkosana,2005-08-09,Male,nkosana.pillay8807@student.example.ac.za,072 555 8998,"Room 355, Oude Molen Hall, Stellenbosch, 7600"
25967134,Naidoo,Sarah,2001-03-02,Female,sarah.naidoo7134@student.example.ac.za,071 555 4806,"Room 141, Kruispad Hall, Stellenbosch, 7600"
20423409,Ndlovu,Amahle,2007-07-18,Female,amahle.ndlovu3409@student.example.ac.za,071 555 1607,"Flat 21, 65 Church St, Stellenbosch, 7600"
25756120,Govender,Zanele,2005-02-06,Female,zanele.govender6120@student.example.ac.za,081 555 5792,"59 Merriman Ave, Stellenbosch, 7600"
21515918,Mahlangu,Elri,2005-04-23,Female,elri.mahlangu5918@student.example.ac.za,073 555 0334,"Flat 20, 134 Merriman Ave, Stellenbosch, 7600"
27266586,Botha,Zanele,2004-08-17,Female,zanele.botha6586@student.example.ac.za,082 555 0980,"64 Merriman Ave, Stellenbosch, 7600"
20170860,Mokoena,Palesa,2006-04-07,Female,palesa.mokoena0860@student.example.ac.za,082 555 9227,"Flat 24, 75 Banghoek Rd, Stellenbosch, 7600"
25174720,Radebe,Karabo,2003-04-24,Female,karabo.radebe4720@student.example.ac.za,084 555 0475,"28 Bird St, Stellenbosch, 7600"
27111490,Smit,Themba,2007-07-05,Male,themba.smit1490@student.example.ac.za,071 555 1872,"Flat 10, 45 Plein St, Stellenbosch, 7600"
21266695,Lombard,Ethan,2005-10-03,Male,ethan.lombard6695@student.example.ac.za,079 555 2397,"Room 371, Eikestad House, Stellenbosch, 7600"
20397196,Mahlangu,Anele,2005-06-17,Female,anele.mahlangu7196@student.example.ac.za,084 555 9093,"Flat 19, 76 Church St, Stellenbosch, 7600"
25319172,Fourie,Chloe,2005-05-02,Female,chloe.fourie9172@student.example.ac.za,084 555 9263,"Room 349, Eikestad House, Stellenbosch, 7600"
20737464,Nel,Wian,2004-07-01,Male,wian.nel7464@student.example.ac.za,072 555 4780,"32 Bird St, Stellenbosch, 7600"
27035279,Mokoena,Ian,2003-12-05,Male,ian.mokoena5279@student.example.ac.za,082 555 7667,"Flat 14, 120 Adam Tas Rd, Stellenbosch, 7600"
27818883,Visser,Chloe,2007-06-28,Female,chloe.visser8883@student.example.ac.za,073 555 1240,"Room 285, Simonsberg House, Stellenbosch, 7600"
25009966,Lombard,Zanele,2006-02-02,Female,zanele.lombard9966@student.example.ac.za,071 555 2102,"55 Merriman Ave, Stellenbosch, 7600"
20440065,Booysen,Olivia,2006-05-21,Female,olivia.booysen0065@student.example.ac.za,084 555 7976,"Room 217, Kruispad Hall, Stellenbosch, 7600"
21932191,Dlamini,Amahle,2007-12-11,Female,amahle.dlamini2191@student.example.ac.za,084 555 0158,"Flat 10, 79 Victoria St, Stellenbosch, 7600"
22892054,Mokoena,Thandi,2004-10-07,Female,thandi.mokoena2054@student.example.ac.za,073 555 8959,"Flat 20, 48 Bird St, Stellenbosch, 7600"
25933478,Williams,Thandi,2003-07-06,Female,thandi.williams3478@student.example.ac.za,071 555 6354,"96 Merriman Ave, Stellenbosch, 7600"
24929904,Sithole,Chanel,2002-04-13,Female,chanel.sithole9904@student.example.ac.za,083 555 6242,"37 Neethling St, Stellenbosch, 7600"
20345409,Petersen,Zinhle,2005-11-22,Female,zinhle.petersen5409@student.example.ac.za,060 555 3287,"31 Church St, Stellenbosch, 7600"
26419162,Nel,Gareth,2007-12-19,Male,gareth.nel9162@student.example.ac.za,060 555 4425,"Room 275, Simonsberg House, Stellenbosch, 7600"
21764267,Lombard,Emma,2004-08-02,Female,emma.lombard4267@student.example.ac.za,078 555 3773,"2 Banghoek Rd, Stellenbosch, 7600"
20901792,Van Wyk,Zanele,2006-01-30,Female,zanele.vanwyk1792@student.example.ac.za,084 555 6821,"Room 393, Pniel Court, Stellenbosch, 7600"
26602751,Du Plessis,Faith,2006-02-01,Female,faith.duplessis2751@student.example.ac.za,076 555 2028,"Flat 25, 133 Bird St, Stellenbosch, 7600"
26349372,Malan,Precious,2006-06-24,Female,precious.malan9372@student.example.ac.za,083 555 4334,"Room 227, Pniel Court, Stellenbosch, 7600"
24005162,Mahlangu,Gugu,2005-12-17,Female,gugu.mahlangu5162@student.example.ac.za,060 555 2128,"113 Adam Tas Rd, Stellenbosch, 7600"
21923649,Swanepoel,Jason,2004-04-10,Male,jason.swanepoel3649@student.example.ac.za,073 555 3867,"47 Church St, Stellenbosch, 7600"
21405211,Swanepoel,Buhle,2006-07-24,Female,buhle.swanepoel5211@student.example.ac.za,073 555 4073,"Room 360, Lentelus House, Stellenbosch, 7600"
21519579,Pretorius,Carmen,2006-11-16,Female,carmen.pretorius9579@student.example.ac.za,060 555 6747,"Room 349, Simonsberg House, Stellenbosch, 7600"
23986203,Van der Merwe,Sarah,2005-04-07,Female,sarah.vandermerwe6203@student.example.ac.za,060 555 0503,"Room 275, Simonsberg House, Stellenbosch, 7600"
23573112,Jacobs,Thabo,2007-08-01,Male,thabo.jacobs3112@student.example.ac.za,076 555 8442,"Room 124, Lentelus House, Stellenbosch, 7600"
26005094,Zulu,Chanel,2004-06-23,Female,chanel.zulu5094@student.example.ac.za,082 555 8385,"31 Bird St, Stellenbosch, 7600"
24682010,Molefe,Reanette,2006-04-28,Female,reanette.molefe2010@student.example.ac.za,081 555 6106,"137 Helshoogte Rd, Stellenbosch, 7600"
27534295,Govender,Emma,2003-03-22,Female,emma.govender4295@student.example.ac.za,083 555 8475,"13 Helshoogte Rd, Stellenbosch, 7600"
26527522,Ndlovu,Ari,2003-05-30,Prefer not to say,ari.ndlovu7522@student.example.ac.za,082 555 7923,"133 Banghoek Rd, Stellenbosch, 7600"
24743356,Coetzee,Andile,2004-10-03,Male,andile.coetzee3356@student.example.ac.za,083 555 5238,"Room 334, Eikestad House, Stellenbosch, 7600"
27326155,Tshabalala,Aisha,2004-01-22,Female,aisha.tshabalala6155@student.example.ac.za,082 555 9032,"Flat 18, 69 Adam Tas Rd, Stellenbosch, 7600"
22324893,Hendricks,Amahle,2006-12-17,Non-binary,amahle.hendricks4893@student.example.ac.za,079 555 6298,"Room 371, Lentelus House, Stellenbosch, 7600"
25227337,Booysen,Maya,2007-11-23,Female,maya.booysen7337@student.example.ac.za,078 555 8955,"Room 365, Eikestad House, Stellenbosch, 7600"
21639775,Swanepoel,Themba,2001-03-20,Male,themba.swanepoel9775@student.example.ac.za,072 555 9154,"14 Bird St, Stellenbosch, 7600"
25740328,Van Wyk,Thabo,2006-12-28,Male,thabo.vanwyk0328@student.example.ac.za,083 555 0551,"Room 286, Rozendal Lodge, Stellenbosch, 7600"
26478722,Khumalo,Mpho,2006-05-28,Male,mpho.khumalo8722@student.example.ac.za,078 555 1128,"Room 381, Rozendal Lodge, Stellenbosch, 7600"
27873589,Mokoena,Imaan,2005-10-06,Female,imaan.mokoena3589@student.example.ac.za,079 555 7450,"Flat 8, 136 Andringa St, Stellenbosch, 7600"
26857140,Booysen,Lerato,2006-06-23,Female,lerato.booysen7140@student.example.ac.za,079 555 6393,"Room 118, Lentelus House, Stellenbosch, 7600"
27841948,Van Wyk,Liam,2005-01-04,Male,liam.vanwyk1948@student.example.ac.za,071 555 0320,"22 Plein St, Stellenbosch, 7600"
26668057,Govender,Jaco,2006-12-05,Male,jaco.govender8057@student.example.ac.za,084 555 9692,"Room 220, Rozendal Lodge, Stellenbosch, 7600"
22939403,Steyn,Bianca,2003-02-25,Female,bianca.steyn9403@student.example.ac.za,084 555 2645,"155 Helshoogte Rd, Stellenbosch, 7600"
27942717,Pretorius,Palesa,2004-03-03,Female,palesa.pretorius2717@student.example.ac.za,081 555 2890,"14 Andringa St, Stellenbosch, 7600"
21242238,Van Wyk,Francois,2005-08-05,Male,francois.vanwyk2238@student.example.ac.za,076 555 4708,"Room 157, Bergzicht Residence, Stellenbosch, 7600"
27092810,Lombard,Thabo,2002-04-06,Male,thabo.lombard2810@student.example.ac.za,084 555 5962,"Room 302, Kruispad Hall, Stellenbosch, 7600"
26911396,Venter,Amahle,2007-04-19,Female,amahle.venter1396@student.example.ac.za,079 555 0647,"Room 178, Bergzicht Residence, Stellenbosch, 7600"
21974820,Swanepoel,Mpho,2006-04-17,Male,mpho.swanepoel4820@student.example.ac.za,072 555 7060,"Room 264, Rozendal Lodge, Stellenbosch, 7600"
25758929,Coetzee,Rohan,2005-03-09,Male,rohan.coetzee8929@student.example.ac.za,082 555 4639,"36 Merriman Ave, Stellenbosch, 7600"
26193466,Zulu,Dineo,2005-08-11,Female,dineo.zulu3466@student.example.ac.za,076 555 0693,"80 Banghoek Rd, Stellenbosch, 7600"
23523149,Hendricks,Lungile,2002-05-17,Male,lungile.hendricks3149@student.example.ac.za,084 555 8407,"Room 316, Bergzicht Residence, Stellenbosch, 7600"
22361887,Visser,Liam,2003-03-24,Male,liam.visser1887@student.example.ac.za,060 555 7046,"Room 371, Bergzicht Residence, Stellenbosch, 7600"
25853829,Nel,Maya,2003-01-01,Female,maya.nel3829@student.example.ac.za,084 555 2451,"57 Andringa St, Stellenbosch, 7600"
25205674,Mahlangu,Liezl,2006-05-28,Female,liezl.mahlangu5674@student.example.ac.za,079 555 9594,"78 Dorp St, Stellenbosch, 7600"
20099502,Booysen,Sibusiso,2005-12-10,Male,sibusiso.booysen9502@student.example.ac.za,079 555 4464,"Room 110, Bergzicht Residence, Stellenbosch, 7600"
20331038,Swanepoel,Gareth,2007-07-03,Male,gareth.swanepoel1038@student.example.ac.za,084 555 1649,"Room 296, Pniel Court, Stellenbosch, 7600"
23086312,Botha,Themba,2007-10-11,Male,themba.botha6312@student.example.ac.za,084 555 2247,"Flat 13, 99 Ryneveld St, Stellenbosch, 7600"
22654204,Le Roux,Dineo,2006-01-11,Non-binary,dineo.leroux4204@student.example.ac.za,084 555 4293,"Room 261, Pniel Court, Stellenbosch, 7600"
26016776,Van Wyk,Francois,2003-04-15,Male,francois.vanwyk6776@student.example.ac.za,082 555 7089,"Room 290, Rozendal Lodge, Stellenbosch, 7600"
24748684,Williams,Zanele,2004-06-11,Female,zanele.williams8684@student.example.ac.za,071 555 8715,"22 Neethling St, Stellenbosch, 7600"
24851323,Steyn,Lindiwe,2006-09-04,Female,lindiwe.steyn1323@student.example.ac.za,076 555 2715,"Room 381, Lentelus House, Stellenbosch, 7600"
22445571,Pretorius,Wian,2002-11-15,Male,wian.pretorius5571@student.example.ac.za,076 555 0280,"Flat 4, 4 Helshoogte Rd, Stellenbosch, 7600"
21067272,Nel,Lerato,2004-03-02,Female,lerato.nel7272@student.example.ac.za,082 555 4511,"Room 380, Kruispad Hall, Stellenbosch, 7600"
24579508,Le Roux,Karabo,2005-03-14,Female,karabo.leroux9508@student.example.ac.za,082 555 4052,"46 Banghoek Rd, Stellenbosch, 7600"
27921920,Lombard,Liezl,2007-11-03,Female,liezl.lombard1920@student.example.ac.za,081 555 6469,"Room 168, Rozendal Lodge, Stellenbosch, 7600"
22996019,Hendricks,Mpho,2001-07-30,Male,mpho.hendricks6019@student.example.ac.za,073 555 2603,"152 Andringa St, Stellenbosch, 7600"
20610555,Fourie,Dineo,2001-02-08,Female,dineo.fourie0555@student.example.ac.za,072 555 7127,"Room 395, Kruispad Hall, Stellenbosch, 7600"
25898439,Pather,Zoe,2005-02-20,Female,zoe.pather8439@student.example.ac.za,081 555 3593,"119 Neethling St, Stellenbosch, 7600"
24102048,Sithole,Carmen,2007-06-10,Female,carmen.sithole2048@student.example.ac.za,078 555 7830,"Room 284, Rozendal Lodge, Stellenbosch, 7600"
20465255,Kruger,Mpho,2007-04-21,Male,mpho.kruger5255@student.example.ac.za,071 555 6607,"Room 325, Lentelus House, Stellenbosch, 7600"
25855823,Olivier,Liam,2007-01-28,Male,liam.olivier5823@student.example.ac.za,072 555 3235,"Room 123, Simonsberg House, Stellenbosch, 7600"
27761835,Lombard,Bheki,2005-09-06,Male,bheki.lombard1835@student.example.ac.za,078 555 5116,"Room 304, Oude Molen Hall, Stellenbosch, 7600"
24666813,Fourie,Lungile,2003-01-13,Male,lungile.fourie6813@student.example.ac.za,060 555 9012,"Room 388, Bergzicht Residence, Stellenbosch, 7600"
25592148,Naidoo,Andile,2002-07-05,Male,andile.naidoo2148@student.example.ac.za,071 555 8455,"43 Adam Tas Rd, Stellenbosch, 7600"
26229824,Pillay,Kagiso,2007-12-12,Male,kagiso.pillay9824@student.example.ac.za,081 555 9523,"Flat 1, 96 Andringa St, Stellenbosch, 7600"
21379930,Engelbrecht,Thandi,2007-05-11,Female,thandi.engelbrecht9930@student.example.ac.za,060 555 3252,"Room 223, Oude Molen Hall, Stellenbosch, 7600"
27445424,Kruger,Kabelo,2007-06-06,Male,kabelo.kruger5424@student.example.ac.za,084 555 4187,"Room 370, Eikestad House, Stellenbosch, 7600"
26484479,Tshabalala,Lungile,2005-11-14,Male,lungile.tshabalala4479@student.example.ac.za,076 555 4296,"Flat 20, 39 Victoria St, Stellenbosch, 7600"
20434065,Cele,Gugu,2004-02-20,Female,gugu.cele4065@student.example.ac.za,078 555 4932,"72 Andringa St, Stellenbosch, 7600"
20085790,Visser,Elri,2006-10-30,Female,elri.visser5790@student.example.ac.za,071 555 5718,"63 Neethling St, Stellenbosch, 7600"
23044139,Tshabalala,Lindiwe,2007-03-01,Female,lindiwe.tshabalala4139@student.example.ac.za,082 555 0833,"Room 281, Kruispad Hall, Stellenbosch, 7600"
21203135,Malan,Lungile,2001-04-12,Male,lungile.malan3135@student.example.ac.za,078 555 0127,"Flat 21, 121 Bird St, Stellenbosch, 7600"
23814862,Zulu,Zoe,2003-09-23,Female,zoe.zulu4862@student.example.ac.za,082 555 0197,"Room 175, Oude Molen Hall, Stellenbosch, 7600"
23744664,Govender,Christiaan,2007-02-12,Male,christiaan.govender4664@student.example.ac.za,078 555 2128,"Room 264, Pniel Court, Stellenbosch, 7600"
23835018,Khumalo,Imaan,2007-10-08,Female,imaan.khumalo5018@student.example.ac.za,083 555 5079,"35 Helshoogte Rd, Stellenbosch, 7600"
23771547,Petersen,Gugu,2006-05-05,Female,gugu.petersen1547@student.example.ac.za,081 555 2075,"6 Merriman Ave, Stellenbosch, 7600"
24000152,Dlamini,Sarah,2006-09-18,Female,sarah.dlamini0152@student.example.ac.za,079 555 9082,"95 Banghoek Rd, Stellenbosch, 7600"
20178731,Brits,Kabelo,2005-08-06,Male,kabelo.brits8731@student.example.ac.za,078 555 7480,"Flat 11, 11 Adam Tas Rd, Stellenbosch, 7600"
26060847,Botha,Brandon,2004-10-30,Male,brandon.botha0847@student.example.ac.za,081 555 6342,"Room 124, Eikestad House, Stellenbosch, 7600"
20898643,Coetzee,Olivia,2006-01-13,Female,olivia.coetzee8643@student.example.ac.za,078 555 6785,"Room 203, Oude Molen Hall, Stellenbosch, 7600"
21158603,Dlamini,Liam,2008-04-24,Male,liam.dlamini8603@student.example.ac.za,078 555 2732,"20 Andringa St, Stellenbosch, 7600"
27287536,Meyer,Daniel,2002-04-04,Male,daniel.meyer7536@student.example.ac.za,072 555 7197,"Room 273, Kruispad Hall, Stellenbosch, 7600"
23372712,Nkosi,Palesa,2006-04-23,Female,palesa.nkosi2712@student.example.ac.za,071 555 9552,"44 Dorp St, Stellenbosch, 7600"
27394368,Venter,Liam,2007-01-10,Male,liam.venter4368@student.example.ac.za,060 555 1433,"Flat 1, 48 Victoria St, Stellenbosch, 7600"
21975700,Dlamini,Xolani,2004-07-05,Male,xolani.dlamini5700@student.example.ac.za,060 555 7292,"Flat 8, 10 Helshoogte Rd, Stellenbosch, 7600"
27369446,Jansen,Tiaan,2005-01-22,Male,tiaan.jansen9446@student.example.ac.za,082 555 5750,"Room 227, Pniel Court, Stellenbosch, 7600"
21860783,Brits,Anri,2007-05-29,Female,anri.brits0783@student.example.ac.za,060 555 3132,"30 Church St, Stellenbosch, 7600"
23206279,Zulu,Fatima,2004-10-30,Female,fatima.zulu6279@student.example.ac.za,084 555 8019,"Flat 5, 19 Merriman Ave, Stellenbosch, 7600"
21409359,Coetzee,Deon,2002-02-15,Male,deon.coetzee9359@student.example.ac.za,084 555 9465,"116 Andringa St, Stellenbosch, 7600"
25986853,Naidoo,Lindiwe,2004-12-13,Female,lindiwe.naidoo6853@student.example.ac.za,084 555 0792,"Room 281, Bergzicht Residence, Stellenbosch, 7600"
25629918,Sithole,Naledi,2002-10-30,Female,naledi.sithole9918@student.example.ac.za,079 555 0969,"Room 280, Bergzicht Residence, Stellenbosch, 7600"
25771669,Jacobs,Gareth,2004-10-06,Male,gareth.jacobs1669@student.example.ac.za,073 555 7916,"Flat 4, 75 Bird St, Stellenbosch, 7600"
21142670,Visser,Brandon,2008-02-01,Non-binary,brandon.visser2670@student.example.ac.za,060 555 8738,"Room 238, Eikestad House, Stellenbosch, 7600"
25610479,Govender,Nomsa,2007-07-04,Female,nomsa.govender0479@student.example.ac.za,079 555 4843,"69 Andringa St, Stellenbosch, 7600"
21024542,Molefe,Zoe,2001-01-17,Female,zoe.molefe4542@student.example.ac.za,072 555 2505,"81 Merriman Ave, Stellenbosch, 7600"
27773318,Nkosi,Fatima,2003-04-25,Female,fatima.nkosi3318@student.example.ac.za,079 555 9982,"106 Helshoogte Rd, Stellenbosch, 7600"
21973026,Fourie,Elri,2006-04-06,Female,elri.fourie3026@student.example.ac.za,084 555 9436,"Room 208, Rozendal Lodge, Stellenbosch, 7600"
23752695,Booysen,Ashwin,2006-07-05,Male,ashwin.booysen2695@student.example.ac.za,078 555 6127,"Room 301, Lentelus House, Stellenbosch, 7600"
26642595,Nel,Tiaan,2007-01-31,Male,tiaan.nel2595@student.example.ac.za,071 555 5388,"46 Victoria St, Stellenbosch, 7600"
23799033,Mahlangu,Lerato,2004-09-02,Female,lerato.mahlangu9033@student.example.ac.za,060 555 1422,"99 Ryneveld St, Stellenbosch, 7600"
20727990,Venter,Buhle,2005-12-06,Female,buhle.venter7990@student.example.ac.za,079 555 7061,"Room 257, Bergzicht Residence, Stellenbosch, 7600"
24257718,Brits,Bianca,2004-09-15,Female,bianca.brits7718@student.example.ac.za,078 555 2679,"49 Neethling St, Stellenbosch, 7600"
23403831,Brits,Francois,2005-09-28,Male,francois.brits3831@student.example.ac.za,079 555 2747,"147 Neethling St, Stellenbosch, 7600"
23881571,Coetzee,Anri,2006-07-30,Female,anri.coetzee1571@student.example.ac.za,078 555 7922,"Room 200, Oude Molen Hall, Stellenbosch, 7600"
27848510,Fourie,Neo,2004-03-09,Male,neo.fourie8510@student.example.ac.za,079 555 9356,"145 Ryneveld St, Stellenbosch, 7600"
23760403,Mbeki,Nkosana,2002-08-31,Male,nkosana.mbeki0403@student.example.ac.za,072 555 4603,"Room 118, Lentelus House, Stellenbosch, 7600"
21426101,Nel,Bheki,2005-12-30,Male,bheki.nel6101@student.example.ac.za,071 555 4520,"154 Bird St, Stellenbosch, 7600"
24352321,Molefe,Gareth,2005-03-18,Male,gareth.molefe2321@student.example.ac.za,079 555 2988,"Room 386, Lentelus House, Stellenbosch, 7600"
24070850,Mokoena,Zanele,2001-04-20,Female,zanele.mokoena0850@student.example.ac.za,083 555 0599,"Flat 4, 103 Church St, Stellenbosch, 7600"
27643061,Hendricks,Zoe,2007-05-23,Female,zoe.hendricks3061@student.example.ac.za,084 555 8412,"Room 412, Bergzicht Residence, Stellenbosch, 7600"
20046031,Dlamini,Naledi,2002-04-18,Female,naledi.dlamini6031@student.example.ac.za,078 555 6089,"8 Adam Tas Rd, Stellenbosch, 7600"
27142308,Coetzee,Jason,2007-03-14,Male,jason.coetzee2308@student.example.ac.za,073 555 3577,"Flat 14, 154 Ryneveld St, Stellenbosch, 7600"
20602581,Brits,Anele,2006-09-23,Female,anele.brits2581@student.example.ac.za,072 555 0923,"Flat 21, 138 Dorp St, Stellenbosch, 7600"
24214349,Naidoo,Zakhele,2006-02-03,Male,zakhele.naidoo4349@student.example.ac.za,071 555 4805,"Room 111, Bergzicht Residence, Stellenbosch, 7600"
27404528,Mokoena,Sibusiso,2003-12-30,Male,sibusiso.mokoena4528@student.example.ac.za,073 555 2676,"Room 220, Pniel Court, Stellenbosch, 7600"
21663687,Xaba,Bianca,2000-05-19,Non-binary,bianca.xaba3687@student.example.ac.za,079 555 7052,"149 Ryneveld St, Stellenbosch, 7600"
27565199,Tshabalala,Nomsa,2005-02-12,Female,nomsa.tshabalala5199@student.example.ac.za,079 555 1157,"Room 239, Bergzicht Residence, Stellenbosch, 7600"
20815278,Olivier,Jordan,2002-06-22,Non-binary,jordan.olivier5278@student.example.ac.za,079 555 3212,"33 Plein St, Stellenbosch, 7600"
21998167,Naidoo,Gareth,2003-11-27,Male,gareth.naidoo8167@student.example.ac.za,084 555 8469,"Flat 8, 73 Andringa St, Stellenbosch, 7600"
26111813,Pretorius,Ethan,2001-05-29,Male,ethan.pretorius1813@student.example.ac.za,072 555 9289,"158 Plein St, Stellenbosch, 7600"
21146040,Van der Merwe,Zakhele,2007-06-22,Male,zakhele.vandermerwe6040@student.example.ac.za,084 555 9510,"Flat 28, 78 Andringa St, Stellenbosch, 7600"
20859425,Zulu,Reanette,2005-01-14,Female,reanette.zulu9425@student.example.ac.za,078 555 8825,"146 Adam Tas Rd, Stellenbosch, 7600"
24408986,Jacobs,Fikile,2004-01-12,Male,fikile.jacobs8986@student.example.ac.za,083 555 1731,"137 Andringa St, Stellenbosch, 7600"
20399505,Mahlangu,Ethan,2005-11-04,Male,ethan.mahlangu9505@student.example.ac.za,073 555 5916,"Room 324, Eikestad House, Stellenbosch, 7600"
20617447,Swanepoel,Yusuf,2006-09-03,Male,yusuf.swanepoel7447@student.example.ac.za,073 555 7246,"Flat 15, 15 Helshoogte Rd, Stellenbosch, 7600"
21908758,Engelbrecht,Liam,2003-03-16,Male,liam.engelbrecht8758@student.example.ac.za,082 555 2364,"Flat 22, 23 Andringa St, Stellenbosch, 7600"
23500148,Lombard,Kayla,2005-05-08,Female,kayla.lombard0148@student.example.ac.za,079 555 3475,"Room 152, Kruispad Hall, Stellenbosch, 7600"
27355333,Mahlangu,Elri,2007-07-05,Female,elri.mahlangu5333@student.example.ac.za,072 555 9467,"Flat 26, 143 Dorp St, Stellenbosch, 7600"
24762858,Cele,Bianca,2006-07-22,Female,bianca.cele2858@student.example.ac.za,072 555 5049,"Room 194, Simonsberg House, Stellenbosch, 7600"
24886630,Lombard,Faith,2007-11-29,Female,faith.lombard6630@student.example.ac.za,081 555 7718,"Room 226, Pniel Court, Stellenbosch, 7600"
23051253,Visser,Aisha,2004-08-09,Female,aisha.visser1253@student.example.ac.za,084 555 0433,"Room 408, Eikestad House, Stellenbosch, 7600"
21375615,Pillay,Sibusiso,2003-10-09,Male,sibusiso.pillay5615@student.example.ac.za,076 555 9297,"Room 149, Bergzicht Residence, Stellenbosch, 7600"
24737784,Molefe,Emma,2003-10-03,Female,emma.molefe7784@student.example.ac.za,076 555 3385,"Room 415, Kruispad Hall, Stellenbosch, 7600"
25774110,Ndlovu,Deon,2005-10-06,Non-binary,deon.ndlovu4110@student.example.ac.za,072 555 6190,"Room 176, Simonsberg House, Stellenbosch, 7600"
21579785,Fourie,Amahle,2001-05-30,Female,amahle.fourie9785@student.example.ac.za,071 555 9984,"Flat 13, 7 Plein St, Stellenbosch, 7600"
25663039,Steyn,Rohan,2005-03-04,Male,rohan.steyn3039@student.example.ac.za,083 555 4549,"Room 403, Bergzicht Residence, Stellenbosch, 7600"
24656253,Pillay,Megan,2004-08-20,Female,megan.pillay6253@student.example.ac.za,076 555 0035,"80 Merriman Ave, Stellenbosch, 7600"
22192698,Mbeki,Daniel,2005-05-25,Male,daniel.mbeki2698@student.example.ac.za,081 555 6854,"31 Plein St, Stellenbosch, 7600"
23702526,Petersen,Liezl,2005-05-15,Female,liezl.petersen2526@student.example.ac.za,081 555 8925,"Flat 28, 157 Ryneveld St, Stellenbosch, 7600"
25690692,Mahlangu,Liezl,2004-08-02,Female,liezl.mahlangu0692@student.example.ac.za,081 555 2517,"Room 388, Lentelus House, Stellenbosch, 7600"
25285075,Tshabalala,Bheki,2004-06-16,Male,bheki.tshabalala5075@student.example.ac.za,082 555 2630,"Room 419, Oude Molen Hall, Stellenbosch, 7600"
26517646,Brits,Zoe,2004-01-08,Female,zoe.brits7646@student.example.ac.za,076 555 1707,"Room 131, Simonsberg House, Stellenbosch, 7600"
26015554,Malan,Wian,2005-12-20,Male,wian.malan5554@student.example.ac.za,071 555 6149,"Flat 26, 87 Bird St, Stellenbosch, 7600"
20981050,Brits,Palesa,2005-12-06,Female,palesa.brits1050@student.example.ac.za,081 555 5613,"Flat 16, 19 Andringa St, Stellenbosch, 7600"
21916536,Molefe,Christiaan,2007-06-11,Male,christiaan.molefe6536@student.example.ac.za,076 555 4631,"11 Adam Tas Rd, Stellenbosch, 7600"
27683621,Olivier,Faith,2008-05-16,Female,faith.olivier3621@student.example.ac.za,078 555 1194,"Room 351, Lentelus House, Stellenbosch, 7600"
22762741,Mahlangu,Megan,2004-11-15,Female,megan.mahlangu2741@student.example.ac.za,076 555 3939,"Flat 22, 21 Merriman Ave, Stellenbosch, 7600"
21818825,Booysen,Gareth,2008-05-02,Male,gareth.booysen8825@student.example.ac.za,078 555 0215,"Flat 19, 54 Dorp St, Stellenbosch, 7600"
27256962,Swanepoel,Buhle,2002-09-08,Female,buhle.swanepoel6962@student.example.ac.za,060 555 0083,"Room 304, Pniel Court, Stellenbosch, 7600"
21068560,Xaba,Kabelo,2004-08-23,Male,kabelo.xaba8560@student.example.ac.za,084 555 3491,"Flat 3, 27 Merriman Ave, Stellenbosch, 7600"
22347301,Petersen,Kabelo,2006-09-16,Male,kabelo.petersen7301@student.example.ac.za,084 555 8345,"Room 192, Pniel Court, Stellenbosch, 7600"
20414071,Kruger,Sibusiso,2004-02-02,Male,sibusiso.kruger4071@student.example.ac.za,078 555 5437,"Room 231, Pniel Court, Stellenbosch, 7600"
21329188,Jacobs,Riaan,2005-05-25,Male,riaan.jacobs9188@student.example.ac.za,083 555 7695,"Flat 3, 4 Andringa St, Stellenbosch, 7600"
24934014,Khumalo,Kayla,2007-07-14,Female,kayla.khumalo4014@student.example.ac.za,083 555 8064,"87 Victoria St, Stellenbosch, 7600"
21845071,Ndlovu,Xolani,2003-10-19,Male,xolani.ndlovu5071@student.example.ac.za,072 555 5510,"Flat 21, 97 Andringa St, Stellenbosch, 7600"
21107670,Govender,Reanette,2007-05-13,Female,reanette.govender7670@student.example.ac.za,078 555 4827,"Room 286, Eikestad House, Stellenbosch, 7600"
22687612,Williams,Wian,2005-03-31,Male,wian.williams7612@student.example.ac.za,079 555 5846,"132 Neethling St, Stellenbosch, 7600"
23617246,Sithole,Aisha,2002-05-26,Female,aisha.sithole7246@student.example.ac.za,078 555 2986,"Room 334, Kruispad Hall, Stellenbosch, 7600"
23185743,Sithole,Olivia,2004-07-08,Female,olivia.sithole5743@student.example.ac.za,079 555 2465,"Room 296, Kruispad Hall, Stellenbosch, 7600"
25814171,Smit,Naledi,2007-10-19,Female,naledi.smit4171@student.example.ac.za,071 555 9425,"Flat 23, 158 Plein St, Stellenbosch, 7600"
21778529,Venter,Themba,2004-01-29,Male,themba.venter8529@student.example.ac.za,084 555 3824,"Room 305, Eikestad House, Stellenbosch, 7600"
27281272,Van der Merwe,Christiaan,2007-10-11,Male,christiaan.vandermerwe1272@student.example.ac.za,076 555 8126,"Room 288, Rozendal Lodge, Stellenbosch, 7600"
23066430,Van der Merwe,Zinhle,2005-11-16,Female,zinhle.vandermerwe6430@student.example.ac.za,060 555 4122,"Room 225, Kruispad Hall, Stellenbosch, 7600"
20258180,Cele,Emma,2004-06-18,Female,emma.cele8180@student.example.ac.za,072 555 4575,"13 Banghoek Rd, Stellenbosch, 7600"
20792212,Jacobs,Liezl,2003-01-10,Female,liezl.jacobs2212@student.example.ac.za,076 555 9032,"Flat 22, 38 Victoria St, Stellenbosch, 7600"
25949877,Botha,Jaco,2007-06-01,Male,jaco.botha9877@student.example.ac.za,079 555 1060,"Room 136, Oude Molen Hall, Stellenbosch, 7600"
27646469,Zulu,Lindiwe,2006-11-16,Female,lindiwe.zulu6469@student.example.ac.za,072 555 8153,"43 Bird St, Stellenbosch, 7600"
25064085,Adams,Fatima,2007-09-23,Female,fatima.adams4085@student.example.ac.za,079 555 4268,"108 Andringa St, Stellenbosch, 7600"
24870289,Fourie,Brandon,2003-02-12,Male,brandon.fourie0289@student.example.ac.za,076 555 5787,"90 Adam Tas Rd, Stellenbosch, 7600"
21583884,Nel,Francois,2005-10-07,Male,francois.nel3884@student.example.ac.za,078 555 0358,"Flat 7, 71 Adam Tas Rd, Stellenbosch, 7600"
24593583,Naidoo,Thabo,2003-08-24,Male,thabo.naidoo3583@student.example.ac.za,072 555 0153,"Room 117, Eikestad House, Stellenbosch, 7600"
21795826,Lombard,Ethan,2004-11-19,Male,ethan.lombard5826@student.example.ac.za,071 555 5557,"Room 169, Eikestad House, Stellenbosch, 7600"
27982094,Hendricks,Sibusiso,2008-03-03,Male,sibusiso.hendricks2094@student.example.ac.za,071 555 2880,"Flat 3, 86 Dorp St, Stellenbosch, 7600"
21087215,Jansen,Thandi,2000-08-02,Female,thandi.jansen7215@student.example.ac.za,076 555 7158,"112 Dorp St, Stellenbosch, 7600"
27318947,Coetzee,Imaan,2005-05-05,Female,imaan.coetzee8947@student.example.ac.za,078 555 8691,"22 Ryneveld St, Stellenbosch, 7600"
23356792,Radebe,Fikile,2003-12-15,Male,fikile.radebe6792@student.example.ac.za,073 555 1092,"Room 121, Rozendal Lodge, Stellenbosch, 7600"
26558378,Steyn,Naledi,2007-12-17,Female,naledi.steyn8378@student.example.ac.za,076 555 1766,"Flat 22, 43 Victoria St, Stellenbosch, 7600"
27394771,Naidoo,Naledi,2005-03-18,Female,naledi.naidoo4771@student.example.ac.za,083 555 9578,"Room 401, Lentelus House, Stellenbosch, 7600"
26324031,Xaba,Sarah,2003-09-25,Female,sarah.xaba4031@student.example.ac.za,073 555 8792,"Room 213, Simonsberg House, Stellenbosch, 7600"
21312311,Booysen,Zanele,2006-01-25,Female,zanele.booysen2311@student.example.ac.za,072 555 0678,"Room 237, Bergzicht Residence, Stellenbosch, 7600"
23595701,Mokoena,Xolani,2005-05-10,Male,xolani.mokoena5701@student.example.ac.za,076 555 0291,"47 Andringa St, Stellenbosch, 7600"
22274130,Maharaj,Neo,2007-10-05,Male,neo.maharaj4130@student.example.ac.za,083 555 3448,"Room 212, Lentelus House, Stellenbosch, 7600"
22197067,Fourie,Nkosana,2004-02-24,Male,nkosana.fourie7067@student.example.ac.za,072 555 4484,"Flat 2, 94 Merriman Ave, Stellenbosch, 7600"
21724231,Olivier,Thandi,2006-03-31,Female,thandi.olivier4231@student.example.ac.za,082 555 1306,"19 Church St, Stellenbosch, 7600"
25864168,Meyer,Anri,2004-12-24,Female,anri.meyer4168@student.example.ac.za,084 555 6576,"Flat 22, 52 Neethling St, Stellenbosch, 7600"
21037203,Olivier,Callum,2004-10-28,Male,callum.olivier7203@student.example.ac.za,078 555 4063,"23 Victoria St, Stellenbosch, 7600"
27198446,Swanepoel,Fatima,2005-06-26,Female,fatima.swanepoel8446@student.example.ac.za,072 555 0647,"Room 181, Pniel Court, Stellenbosch, 7600"
22837569,Jansen,Francois,2002-04-28,Male,francois.jansen7569@student.example.ac.za,081 555 4501,"Room 179, Rozendal Lodge, Stellenbosch, 7600"
27468178,Maharaj,Jason,2000-08-21,Male,jason.maharaj8178@student.example.ac.za,071 555 1332,"81 Helshoogte Rd, Stellenbosch, 7600"
25808433,Petersen,Tshepo,2007-01-01,Male,tshepo.petersen8433@student.example.ac.za,073 555 6392,"Room 326, Pniel Court, Stellenbosch, 7600"
27133905,Pather,Zoe,2005-11-12,Female,zoe.pather3905@student.example.ac.za,082 555 1484,"Room 397, Pniel Court, Stellenbosch, 7600"
26781536,Mokoena,Sarah,2003-11-06,Female,sarah.mokoena1536@student.example.ac.za,082 555 6871,"158 Church St, Stellenbosch, 7600"
22501378,Coetzee,Lerato,2006-07-04,Female,lerato.coetzee1378@student.example.ac.za,072 555 6693,"152 Merriman Ave, Stellenbosch, 7600"
27120173,Tshabalala,Mandla,2002-01-19,Male,mandla.tshabalala0173@student.example.ac.za,060 555 6305,"Room 327, Bergzicht Residence, Stellenbosch, 7600"
26163889,Van Wyk,Maya,2006-02-23,Female,maya.vanwyk3889@student.example.ac.za,076 555 4062,"Room 383, Kruispad Hall, Stellenbosch, 7600"
25742639,Mahlangu,Tumelo,2007-11-13,Female,tumelo.mahlangu2639@student.example.ac.za,084 555 2268,"143 Andringa St, Stellenbosch, 7600"
26457133,Tshabalala,Tumelo,2005-07-17,Female,tumelo.tshabalala7133@student.example.ac.za,083 555 3960,"Flat 27, 68 Andringa St, Stellenbosch, 7600"
20533517,Molefe,Robin,2005-01-15,Prefer not to say,robin.molefe3517@student.example.ac.za,073 555 7072,"55 Victoria St, Stellenbosch, 7600"
23151344,Radebe,Riaan,2003-04-15,Male,riaan.radebe1344@student.example.ac.za,071 555 3312,"Flat 21, 100 Banghoek Rd, Stellenbosch, 7600"
24326787,Molefe,Ian,2004-04-14,Male,ian.molefe6787@student.example.ac.za,073 555 8898,"132 Church St, Stellenbosch, 7600"
20794130,Pretorius,Kayla,2002-05-01,Female,kayla.pretorius4130@student.example.ac.za,083 555 0200,"Flat 22, 11 Bird St, Stellenbosch, 7600"
22119196,Khumalo,Kabelo,2006-11-23,Male,kabelo.khumalo9196@student.example.ac.za,072 555 7438,"112 Helshoogte Rd, Stellenbosch, 7600"
20623208,Sithole,Maya,2004-12-02,Female,maya.sithole3208@student.example.ac.za,076 555 2457,"80 Merriman Ave, Stellenbosch, 7600"
25569097,Zulu,Mpho,2006-08-22,Male,mpho.zulu9097@student.example.ac.za,060 555 3162,"40 Merriman Ave, Stellenbosch, 7600"
26051756,Steyn,Liezl,2008-08-30,Female,liezl.steyn1756@student.example.ac.za,079 555 3313,"146 Plein St, Stellenbosch, 7600"
27765295,Petersen,Maya,2006-07-16,Female,maya.petersen5295@student.example.ac.za,084 555 5546,"Room 351, Simonsberg House, Stellenbosch, 7600"
26461691,Van Wyk,Andile,2005-08-14,Male,andile.vanwyk1691@student.example.ac.za,060 555 0646,"Room 187, Lentelus House, Stellenbosch, 7600"
21372724,Olivier,Zoe,2006-06-27,Female,zoe.olivier2724@student.example.ac.za,076 555 4853,"136 Ryneveld St, Stellenbosch, 7600"
22490920,Brits,Karabo,2006-02-05,Female,karabo.brits0920@student.example.ac.za,076 555 3508,"58 Victoria St, Stellenbosch, 7600"
23310893,Visser,Imaan,2005-10-22,Female,imaan.visser0893@student.example.ac.za,082 555 2509,"Flat 18, 130 Bird St, Stellenbosch, 7600"
24541381,Brits,Gugu,2004-05-24,Female,gugu.brits1381@student.example.ac.za,079 555 7785,"Room 251, Lentelus House, Stellenbosch, 7600"
21598499,Steyn,Ian,2007-05-11,Male,ian.steyn8499@student.example.ac.za,076 555 7602,"Flat 4, 101 Merriman Ave, Stellenbosch, 7600"
20053241,Steyn,Pieter,2008-06-01,Male,pieter.steyn3241@student.example.ac.za,073 555 4414,"Room 188, Kruispad Hall, Stellenbosch, 7600"
26486422,Pretorius,Megan,2004-08-04,Female,megan.pretorius6422@student.example.ac.za,073 555 2611,"Room 164, Lentelus House, Stellenbosch, 7600"
26875706,Williams,Lindiwe,2003-07-10,Female,lindiwe.williams5706@student.example.ac.za,083 555 2599,"Room 364, Kruispad Hall, Stellenbosch, 7600"
22110029,Olivier,Lerato,2006-01-15,Female,lerato.olivier0029@student.example.ac.za,060 555 2000,"Flat 17, 125 Plein St, Stellenbosch, 7600"
21934001,Fourie,Faith,2007-07-12,Female,faith.fourie4001@student.example.ac.za,072 555 1494,"115 Banghoek Rd, Stellenbosch, 7600"
22758095,Olivier,Kayla,2006-06-30,Female,kayla.olivier8095@student.example.ac.za,081 555 8537,"Room 264, Kruispad Hall, Stellenbosch, 7600"
21433095,Ndlovu,Naledi,2003-07-23,Female,naledi.ndlovu3095@student.example.ac.za,071 555 8142,"Flat 22, 119 Adam Tas Rd, Stellenbosch, 7600"
26251343,Swanepoel,Mandla,2006-04-24,Male,mandla.swanepoel1343@student.example.ac.za,079 555 9933,"Flat 23, 67 Neethling St, Stellenbosch, 7600"
21354951,Ndlovu,Bianca,2005-01-08,Non-binary,bianca.ndlovu4951@student.example.ac.za,084 555 0989,"127 Neethling St, Stellenbosch, 7600"
21657844,Sithole,Gareth,2007-10-22,Male,gareth.sithole7844@student.example.ac.za,076 555 1072,"Flat 8, 55 Banghoek Rd, Stellenbosch, 7600"
24643249,Tshabalala,Lerato,2004-08-02,Female,lerato.tshabalala3249@student.example.ac.za,079 555 7779,"Room 133, Pniel Court, Stellenbosch, 7600"
23005085,Nel,Precious,2006-06-14,Female,precious.nel5085@student.example.ac.za,081 555 8127,"Room 250, Lentelus House, Stellenbosch, 7600"
26493060,Pretorius,Xolani,2008-05-12,Male,xolani.pretorius3060@student.example.ac.za,076 555 4681,"Flat 9, 118 Neethling St, Stellenbosch, 7600"
20305932,Dlamini,Fatima,2005-04-26,Female,fatima.dlamini5932@student.example.ac.za,076 555 0586,"139 Banghoek Rd, Stellenbosch, 7600"
20484520,Van der Merwe,Robin,2001-08-28,Non-binary,robin.vandermerwe4520@student.example.ac.za,083 555 5790,"Flat 23, 101 Victoria St, Stellenbosch, 7600"
21177712,Pather,Nkosana,2006-12-27,Male,nkosana.pather7712@student.example.ac.za,072 555 2511,"Room 196, Kruispad Hall, Stellenbosch, 7600"
27261247,Adams,Lungile,2006-11-09,Male,lungile.adams1247@student.example.ac.za,081 555 3222,"Flat 23, 34 Neethling St, Stellenbosch, 7600"
23089256,Khumalo,Lerato,2006-06-12,Female,lerato.khumalo9256@student.example.ac.za,083 555 1836,"Room 133, Rozendal Lodge, Stellenbosch, 7600"
26785947,Pather,Olivia,2005-05-28,Female,olivia.pather5947@student.example.ac.za,073 555 1150,"54 Adam Tas Rd, Stellenbosch, 7600"
24684821,Molefe,Lindiwe,2006-01-25,Female,lindiwe.molefe4821@student.example.ac.za,076 555 7471,"94 Helshoogte Rd, Stellenbosch, 7600"
27396111,Xaba,Lungile,2005-05-30,Male,lungile.xaba6111@student.example.ac.za,082 555 2172,"Room 304, Bergzicht Residence, Stellenbosch, 7600"
20468428,Pretorius,Brandon,2006-07-01,Male,brandon.pretorius8428@student.example.ac.za,072 555 5336,"70 Andringa St, Stellenbosch, 7600"
25296379,Van Wyk,Lerato,2003-12-13,Female,lerato.vanwyk6379@student.example.ac.za,084 555 6969,"Flat 9, 44 Victoria St, Stellenbosch, 7600"
23323799,Sithole,Carmen,2006-08-20,Female,carmen.sithole3799@student.example.ac.za,081 555 1482,"Room 213, Kruispad Hall, Stellenbosch, 7600"
23261484,Malan,Gugu,2002-02-17,Female,gugu.malan1484@student.example.ac.za,060 555 0506,"Room 415, Kruispad Hall, Stellenbosch, 7600"
24000956,Petersen,Tumi,2006-06-23,Prefer not to say,tumi.petersen0956@student.example.ac.za,072 555 4937,"148 Church St, Stellenbosch, 7600"
27031726,Petersen,Gareth,2005-03-05,Male,gareth.petersen1726@student.example.ac.za,084 555 6780,"45 Dorp St, Stellenbosch, 7600"
25809721,Radebe,Thandi,2004-09-30,Female,thandi.radebe9721@student.example.ac.za,073 555 8228,"Room 167, Eikestad House, Stellenbosch, 7600"
21816536,Maharaj,Jaco,2002-09-09,Male,jaco.maharaj6536@student.example.ac.za,071 555 8086,"Room 419, Rozendal Lodge, Stellenbosch, 7600"
24195656,Molefe,Hendrik,2007-05-15,Male,hendrik.molefe5656@student.example.ac.za,083 555 8046,"144 Adam Tas Rd, Stellenbosch, 7600"
26196128,Smit,Jason,2007-12-30,Male,jason.smit6128@student.example.ac.za,084 555 0015,"Room 140, Eikestad House, Stellenbosch, 7600"
27643625,Van Wyk,Riaan,2007-09-12,Male,riaan.vanwyk3625@student.example.ac.za,076 555 1662,"Flat 25, 61 Andringa St, Stellenbosch, 7600"
23998324,Venter,Buhle,2007-05-16,Female,buhle.venter8324@student.example.ac.za,071 555 3647,"Room 139, Pniel Court, Stellenbosch, 7600"
21672311,Botha,Ashwin,2005-03-01,Male,ashwin.botha2311@student.example.ac.za,060 555 2275,"Flat 8, 122 Dorp St, Stellenbosch, 7600"
23249421,Radebe,Kabelo,2005-02-19,Male,kabelo.radebe9421@student.example.ac.za,072 555 3189,"Room 121, Kruispad Hall, Stellenbosch, 7600"
21129439,Fourie,Yusuf,2008-04-19,Male,yusuf.fourie9439@student.example.ac.za,071 555 2938,"155 Dorp St, Stellenbosch, 7600"
26710847,Khumalo,Precious,2005-04-08,Female,precious.khumalo0847@student.example.ac.za,084 555 6040,"Room 238, Oude Molen Hall, Stellenbosch, 7600"
23579962,Cele,Christiaan,2005-01-01,Male,christiaan.cele9962@student.example.ac.za,060 555 4117,"130 Dorp St, Stellenbosch, 7600"
25680975,Petersen,Olivia,2006-08-03,Female,olivia.petersen0975@student.example.ac.za,079 555 9284,"Flat 8, 27 Andringa St, Stellenbosch, 7600"
22563137,Fourie,Rohan,2007-12-10,Male,rohan.fourie3137@student.example.ac.za,083 555 4943,"93 Helshoogte Rd, Stellenbosch, 7600"
27753539,Cele,Zoe,2006-09-08,Female,zoe.cele3539@student.example.ac.za,072 555 9451,"Room 324, Lentelus House, Stellenbosch, 7600"
23552981,Hendricks,Maya,2004-12-12,Female,maya.hendricks2981@student.example.ac.za,071 555 0870,"89 Adam Tas Rd, Stellenbosch, 7600"
22790950,Kruger,Palesa,2000-11-08,Female,palesa.kruger0950@student.example.ac.za,073 555 7195,"148 Helshoogte Rd, Stellenbosch, 7600"
25646005,Tshabalala,Bianca,2005-01-28,Non-binary,bianca.tshabalala6005@student.example.ac.za,073 555 3601,"Room 222, Bergzicht Residence, Stellenbosch, 7600"
25539922,Steyn,Liezl,2007-03-24,Female,liezl.steyn9922@student.example.ac.za,076 555 8160,"115 Ryneveld St, Stellenbosch, 7600"
22409234,Swanepoel,Fatima,2005-02-11,Female,fatima.swanepoel9234@student.example.ac.za,073 555 7978,"Room 263, Bergzicht Residence, Stellenbosch, 7600"
21918147,Maharaj,Palesa,2007-04-24,Female,palesa.maharaj8147@student.example.ac.za,076 555 7005,"Room 238, Bergzicht Residence, Stellenbosch, 7600"
21644785,Venter,Tiaan,2007-12-27,Male,tiaan.venter4785@student.example.ac.za,083 555 7137,"Room 289, Pniel Court, Stellenbosch, 7600"
21061689,Meyer,Nomsa,2006-05-02,Female,nomsa.meyer1689@student.example.ac.za,082 555 7187,"Room 287, Eikestad House, Stellenbosch, 7600"
24107392,Pather,Neo,2007-12-07,Male,neo.pather7392@student.example.ac.za,082 555 6812,"Room 253, Rozendal Lodge, Stellenbosch, 7600"
23546102,Olivier,Megan,2005-02-02,Female,megan.olivier6102@student.example.ac.za,072 555 2195,"Room 163, Eikestad House, Stellenbosch, 7600"
24085993,Adams,Emma,2004-07-06,Female,emma.adams5993@student.example.ac.za,084 555 6441,"Room 401, Oude Molen Hall, Stellenbosch, 7600"
22681015,Pather,Riaan,2007-08-16,Male,riaan.pather1015@student.example.ac.za,073 555 9702,"Room 332, Simonsberg House, Stellenbosch, 7600"
21043833,Mbeki,Rohan,2007-02-24,Male,rohan.mbeki3833@student.example.ac.za,079 555 9573,"Room 213, Rozendal Lodge, Stellenbosch, 7600"
23730234,Tshabalala,Liam,2002-10-18,Male,liam.tshabalala0234@student.example.ac.za,072 555 4764,"24 Victoria St, Stellenbosch, 7600"
20078124,Botha,Wian,2002-09-01,Male,wian.botha8124@student.example.ac.za,081 555 8131,"Room 376, Pniel Court, Stellenbosch, 7600"
24077313,Mbeki,Nomsa,2004-09-26,Female,nomsa.mbeki7313@student.example.ac.za,083 555 2401,"Room 125, Eikestad House, Stellenbosch, 7600"
21507258,Mokoena,Amahle,2003-01-30,Female,amahle.mokoena7258@student.example.ac.za,076 555 4300,"122 Helshoogte Rd, Stellenbosch, 7600"
21069732,Ndlovu,Precious,2002-02-23,Female,precious.ndlovu9732@student.example.ac.za,081 555 9790,"Room 388, Lentelus House, Stellenbosch, 7600"
20306099,Kruger,Brandon,2006-10-17,Male,brandon.kruger6099@student.example.ac.za,082 555 5829,"18 Church St, Stellenbosch, 7600"
22207065,Khumalo,Francois,2006-11-09,Male,francois.khumalo7065@student.example.ac.za,082 555 5835,"49 Andringa St, Stellenbosch, 7600"
24168098,Naidoo,Andile,2003-05-11,Male,andile.naidoo8098@student.example.ac.za,060 555 5417,"Flat 2, 120 Neethling St, Stellenbosch, 7600"
25600860,Mahlangu,Nkosana,2004-08-07,Male,nkosana.mahlangu0860@student.example.ac.za,081 555 7091,"Flat 4, 127 Ryneveld St, Stellenbosch, 7600"
23917566,Govender,Lindiwe,2005-09-15,Female,lindiwe.govender7566@student.example.ac.za,081 555 0303,"Room 295, Bergzicht Residence, Stellenbosch, 7600"
25083004,Dlamini,Liam,2006-07-30,Male,liam.dlamini3004@student.example.ac.za,081 555 0369,"Flat 13, 84 Dorp St, Stellenbosch, 7600"
22494259,Meyer,Gareth,2005-08-29,Male,gareth.meyer4259@student.example.ac.za,078 555 1532,"Flat 2, 51 Helshoogte Rd, Stellenbosch, 7600"
25831575,Du Plessis,Fatima,2007-06-26,Female,fatima.duplessis1575@student.example.ac.za,079 555 7111,"Room 346, Kruispad Hall, Stellenbosch, 7600"
24171856,Jacobs,Riaan,2004-10-14,Male,riaan.jacobs1856@student.example.ac.za,073 555 4742,"Room 246, Bergzicht Residence, Stellenbosch, 7600"
25732866,Venter,Zinhle,2007-05-13,Female,zinhle.venter2866@student.example.ac.za,078 555 7415,"Room 343, Oude Molen Hall, Stellenbosch, 7600"
25198878,Du Plessis,Hannah,2006-09-10,Female,hannah.duplessis8878@student.example.ac.za,081 555 6612,"Room 154, Simonsberg House, Stellenbosch, 7600"
25346426,Radebe,Naledi,2001-08-10,Female,naledi.radebe6426@student.example.ac.za,073 555 8390,"Flat 7, 35 Andringa St, Stellenbosch, 7600"
23233727,Radebe,Neo,2005-02-27,Male,neo.radebe3727@student.example.ac.za,083 555 5283,"Flat 7, 17 Bird St, Stellenbosch, 7600"
24783758,Nkosi,Anele,2006-08-02,Female,anele.nkosi3758@student.example.ac.za,078 555 9386,"Room 104, Bergzicht Residence, Stellenbosch, 7600"
23069382,Swanepoel,Amahle,2006-06-07,Female,amahle.swanepoel9382@student.example.ac.za,071 555 3960,"Flat 17, 131 Adam Tas Rd, Stellenbosch, 7600"
26166482,Lombard,Amahle,2005-10-15,Female,amahle.lombard6482@student.example.ac.za,073 555 0707,"19 Victoria St, Stellenbosch, 7600"
23222741,Steyn,Ethan,2006-12-24,Male,ethan.steyn2741@student.example.ac.za,071 555 0601,"Room 406, Oude Molen Hall, Stellenbosch, 7600"
23331589,Kruger,Aisha,2005-12-06,Female,aisha.kruger1589@student.example.ac.za,060 555 4647,"Room 257, Bergzicht Residence, Stellenbosch, 7600"
21638645,Hendricks,Ian,2005-01-10,Male,ian.hendricks8645@student.example.ac.za,078 555 4624,"Room 319, Simonsberg House, Stellenbosch, 7600"
25404838,Mahlangu,Liam,2004-12-23,Male,liam.mahlangu4838@student.example.ac.za,071 555 6589,"Room 246, Rozendal Lodge, Stellenbosch, 7600"
21020879,Tshabalala,Jordan,2001-02-24,Non-binary,jordan.tshabalala0879@student.example.ac.za,081 555 9822,"Room 118, Oude Molen Hall, Stellenbosch, 7600"
22545225,Hendricks,Nomsa,2003-06-28,Female,nomsa.hendricks5225@student.example.ac.za,078 555 2996,"Room 155, Oude Molen Hall, Stellenbosch, 7600"
24637411,Mokoena,Jana,2001-05-20,Female,jana.mokoena7411@student.example.ac.za,078 555 6077,"Room 130, Bergzicht Residence, Stellenbosch, 7600"
21865142,Smit,Jaco,2005-01-10,Male,jaco.smit5142@student.example.ac.za,060 555 0503,"Room 250, Kruispad Hall, Stellenbosch, 7600"
20199608,Venter,Kayla,2005-05-25,Female,kayla.venter9608@student.example.ac.za,076 555 2172,"101 Helshoogte Rd, Stellenbosch, 7600"
25498757,Smit,Sibusiso,2002-11-26,Male,sibusiso.smit8757@student.example.ac.za,076 555 0754,"Room 322, Lentelus House, Stellenbosch, 7600"
24311913,Brits,Lindiwe,2008-02-03,Female,lindiwe.brits1913@student.example.ac.za,078 555 2523,"Room 103, Oude Molen Hall, Stellenbosch, 7600"
27521505,Mbeki,Imaan,2003-10-25,Female,imaan.mbeki1505@student.example.ac.za,060 555 7685,"Flat 25, 47 Adam Tas Rd, Stellenbosch, 7600"
25261831,Mahlangu,Rohan,2005-08-24,Male,rohan.mahlangu1831@student.example.ac.za,060 555 6238,"125 Banghoek Rd, Stellenbosch, 7600"
20016519,Kruger,Anele,2005-02-12,Female,anele.kruger6519@student.example.ac.za,073 555 3911,"49 Victoria St, Stellenbosch, 7600"
23706814,Govender,Dineo,2006-01-19,Female,dineo.govender6814@student.example.ac.za,083 555 0153,"Flat 4, 23 Andringa St, Stellenbosch, 7600"
26005171,Khumalo,Jaco,2004-11-28,Male,jaco.khumalo5171@student.example.ac.za,072 555 4924,"Flat 2, 4 Neethling St, Stellenbosch, 7600"
20677585,Adams,Christiaan,2004-06-27,Male,christiaan.adams7585@student.example.ac.za,083 555 0017,"125 Victoria St, Stellenbosch, 7600"
25938696,Radebe,Naledi,2007-10-19,Female,naledi.radebe8696@student.example.ac.za,083 555 3027,"Flat 13, 124 Bird St, Stellenbosch, 7600"
20836112,Ndlovu,Tiaan,2006-08-11,Male,tiaan.ndlovu6112@student.example.ac.za,083 555 9717,"Room 243, Kruispad Hall, Stellenbosch, 7600"
21079812,Cele,Mpho,2006-06-13,Male,mpho.cele9812@student.example.ac.za,078 555 2390,"91 Banghoek Rd, Stellenbosch, 7600"
26303212,Steyn,Tumelo,2006-09-26,Female,tumelo.steyn3212@student.example.ac.za,072 555 0551,"Room 125, Simonsberg House, Stellenbosch, 7600"
23399181,Naidoo,Thandi,2004-07-28,Female,thandi.naidoo9181@student.example.ac.za,084 555 1596,"Flat 9, 76 Victoria St, Stellenbosch, 7600"
20136321,Van Wyk,Buhle,2002-03-24,Female,buhle.vanwyk6321@student.example.ac.za,072 555 0717,"131 Merriman Ave, Stellenbosch, 7600"
26791552,Xaba,Palesa,2005-07-24,Female,palesa.xaba1552@student.example.ac.za,073 555 7085,"Room 173, Simonsberg House, Stellenbosch, 7600"
24615004,Engelbrecht,Lungile,2005-10-10,Male,lungile.engelbrecht5004@student.example.ac.za,081 555 6424,"Flat 14, 131 Andringa St, Stellenbosch, 7600"
24784235,Van der Merwe,Zanele,2005-07-23,Female,zanele.vandermerwe4235@student.example.ac.za,083 555 2030,"77 Victoria St, Stellenbosch, 7600"
27251229,Lombard,Pieter,2008-05-24,Male,pieter.lombard1229@student.example.ac.za,079 555 8321,"Room 178, Kruispad Hall, Stellenbosch, 7600"
24884472,Nel,Megan,2004-07-11,Female,megan.nel4472@student.example.ac.za,084 555 1002,"42 Church St, Stellenbosch, 7600"
27848597,Zulu,Olivia,2006-01-31,Female,olivia.zulu8597@student.example.ac.za,060 555 1143,"Room 223, Eikestad House, Stellenbosch, 7600"
26724069,Botha,Lerato,2002-09-20,Female,lerato.botha4069@student.example.ac.za,060 555 2952,"125 Andringa St, Stellenbosch, 7600"
22613752,Fourie,Ashwin,2004-08-28,Male,ashwin.fourie3752@student.example.ac.za,082 555 2007,"Room 238, Kruispad Hall, Stellenbosch, 7600"
24448081,Brits,Nomsa,2004-04-28,Female,nomsa.brits8081@student.example.ac.za,078 555 9927,"50 Victoria St, Stellenbosch, 7600"
23663425,Malan,Jana,2004-02-06,Female,jana.malan3425@student.example.ac.za,078 555 4179,"Room 129, Bergzicht Residence, Stellenbosch, 7600"
20723589,Venter,Mandla,2006-05-02,Male,mandla.venter3589@student.example.ac.za,071 555 3765,"Room 218, Oude Molen Hall, Stellenbosch, 7600"
20457310,Smit,Imaan,2006-07-28,Female,imaan.smit7310@student.example.ac.za,076 555 0291,"119 Andringa St, Stellenbosch, 7600"
23670025,Nkosi,Zanele,2004-09-09,Female,zanele.nkosi0025@student.example.ac.za,084 555 7046,"Flat 11, 73 Ryneveld St, Stellenbosch, 7600"
26335760,Maharaj,Zakhele,2005-11-10,Male,zakhele.maharaj5760@student.example.ac.za,060 555 8657,"Room 260, Simonsberg House, Stellenbosch, 7600"
20460587,Lombard,Fatima,2006-07-08,Female,fatima.lombard0587@student.example.ac.za,073 555 9431,"48 Neethling St, Stellenbosch, 7600"
25013824,Visser,Anele,2003-02-24,Female,anele.visser3824@student.example.ac.za,076 555 6493,"52 Banghoek Rd, Stellenbosch, 7600"
24436445,Naidoo,Anele,2006-01-29,Non-binary,anele.naidoo6445@student.example.ac.za,081 555 4361,"147 Plein St, Stellenbosch, 7600"
22538185,Pather,Themba,2004-02-03,Male,themba.pather8185@student.example.ac.za,073 555 2999,"87 Bird St, Stellenbosch, 7600"
26377857,Pretorius,Chanel,2008-01-09,Female,chanel.pretorius7857@student.example.ac.za,083 555 2951,"Room 328, Lentelus House, Stellenbosch, 7600"
25378640,Lombard,Olivia,2004-01-19,Female,olivia.lombard8640@student.example.ac.za,084 555 7365,"Room 284, Kruispad Hall, Stellenbosch, 7600"
26845230,Tshabalala,Liam,2005-08-22,Male,liam.tshabalala5230@student.example.ac.za,060 555 9971,"Flat 26, 28 Helshoogte Rd, Stellenbosch, 7600"
23651282,Booysen,Liam,2005-02-19,Male,liam.booysen1282@student.example.ac.za,060 555 9381,"73 Banghoek Rd, Stellenbosch, 7600"
22181235,Dlamini,Francois,2006-10-20,Male,francois.dlamini1235@student.example.ac.za,083 555 0420,"95 Helshoogte Rd, Stellenbosch, 7600"
24019373,Jansen,Gareth,2005-11-18,Male,gareth.jansen9373@student.example.ac.za,079 555 2226,"103 Merriman Ave, Stellenbosch, 7600"
24395643,Botha,Maya,2006-03-14,Female,maya.botha5643@student.example.ac.za,071 555 9987,"Flat 2, 19 Ryneveld St, Stellenbosch, 7600"
27293784,Meyer,Ashwin,2006-06-21,Non-binary,ashwin.meyer3784@student.example.ac.za,071 555 8091,"Flat 25, 58 Dorp St, Stellenbosch, 7600"
20084666,Meyer,Palesa,2002-09-04,Female,palesa.meyer4666@student.example.ac.za,081 555 2458,"Room 259, Pniel Court, Stellenbosch, 7600"
27730793,Naidoo,Francois,2007-05-10,Male,francois.naidoo0793@student.example.ac.za,078 555 1575,"Flat 9, 44 Church St, Stellenbosch, 7600"
26619668,Brits,Liezl,2005-02-12,Female,liezl.brits9668@student.example.ac.za,084 555 6773,"112 Merriman Ave, Stellenbosch, 7600"
23610553,Botha,Francois,2006-05-05,Male,francois.botha0553@student.example.ac.za,079 555 1522,"Room 369, Rozendal Lodge, Stellenbosch, 7600"
23918603,Swanepoel,Sarah,2005-08-01,Female,sarah.swanepoel8603@student.example.ac.za,082 555 4395,"18 Adam Tas Rd, Stellenbosch, 7600"
21477387,Mbeki,Thabo,2007-10-21,Male,thabo.mbeki7387@student.example.ac.za,072 555 6198,"78 Banghoek Rd, Stellenbosch, 7600"
25363240,Olivier,Fatima,2007-11-06,Female,fatima.olivier3240@student.example.ac.za,078 555 7600,"Room 106, Simonsberg House, Stellenbosch, 7600"
21901859,Molefe,Zinhle,2005-09-11,Female,zinhle.molefe1859@student.example.ac.za,079 555 8678,"Room 146, Pniel Court, Stellenbosch, 7600"
23250935,Xaba,Faith,2003-09-25,Female,faith.xaba0935@student.example.ac.za,076 555 8632,"Flat 23, 140 Bird St, Stellenbosch, 7600"
22309617,Van Wyk,Olivia,2006-07-04,Female,olivia.vanwyk9617@student.example.ac.za,083 555 5581,"Room 166, Lentelus House, Stellenbosch, 7600"
23066851,Jansen,Chloe,2004-09-20,Female,chloe.jansen6851@student.example.ac.za,073 555 2734,"Flat 20, 83 Dorp St, Stellenbosch, 7600"
27143086,Nel,Zinhle,2006-08-14,Female,zinhle.nel3086@student.example.ac.za,060 555 2971,"Room 177, Oude Molen Hall, Stellenbosch, 7600"
21222507,Jacobs,Chloe,2005-08-08,Female,chloe.jacobs2507@student.example.ac.za,079 555 4419,"20 Helshoogte Rd, Stellenbosch, 7600"
21625973,Adams,Jason,2003-05-08,Male,jason.adams5973@student.example.ac.za,081 555 4435,"119 Bird St, Stellenbosch, 7600"
25161513,Ndlovu,Sibusiso,2005-12-29,Male,sibusiso.ndlovu1513@student.example.ac.za,079 555 7929,"86 Adam Tas Rd, Stellenbosch, 7600"
27956556,Khumalo,Mandla,2005-08-23,Male,mandla.khumalo6556@student.example.ac.za,081 555 1295,"Room 176, Eikestad House, Stellenbosch, 7600"
23304151,Nel,Lungile,2008-04-04,Male,lungile.nel4151@student.example.ac.za,071 555 4403,"Room 130, Oude Molen Hall, Stellenbosch, 7600"
24600705,Xaba,Ethan,2002-12-27,Male,ethan.xaba0705@student.example.ac.za,060 555 4408,"Flat 10, 14 Neethling St, Stellenbosch, 7600"
22577737,Van Wyk,Liezl,2005-10-09,Female,liezl.vanwyk7737@student.example.ac.za,081 555 7698,"Room 275, Kruispad Hall, Stellenbosch, 7600"
22436854,Adams,Kagiso,2007-03-07,Male,kagiso.adams6854@student.example.ac.za,078 555 5942,"1 Bird St, Stellenbosch, 7600"
27217747,Engelbrecht,Hannah,2005-05-15,Female,hannah.engelbrecht7747@student.example.ac.za,076 555 8328,"Flat 24, 155 Adam Tas Rd, Stellenbosch, 7600"
20231929,Radebe,Xolani,2006-11-15,Male,xolani.radebe1929@student.example.ac.za,083 555 4521,"Flat 15, 100 Adam Tas Rd, Stellenbosch, 7600"
23655158,Hendricks,Bianca,2006-11-12,Female,bianca.hendricks5158@student.example.ac.za,073 555 6292,"Flat 28, 55 Dorp St, Stellenbosch, 7600"
27094533,Pillay,Chloe,2006-06-06,Female,chloe.pillay4533@student.example.ac.za,079 555 4454,"Flat 16, 101 Church St, Stellenbosch, 7600"
26535148,Sithole,Callum,2006-06-08,Male,callum.sithole5148@student.example.ac.za,081 555 8593,"51 Helshoogte Rd, Stellenbosch, 7600"
27506010,Govender,Neo,2005-01-31,Male,neo.govender6010@student.example.ac.za,079 555 7448,"Room 109, Eikestad House, Stellenbosch, 7600"
22915477,Mokoena,Nomsa,2000-02-18,Female,nomsa.mokoena5477@student.example.ac.za,078 555 7841,"Room 210, Pniel Court, Stellenbosch, 7600"
22172334,Jacobs,Chloe,2006-12-18,Female,chloe.jacobs2334@student.example.ac.za,081 555 6286,"44 Merriman Ave, Stellenbosch, 7600"
25499437,Govender,Kabelo,2007-10-24,Male,kabelo.govender9437@student.example.ac.za,079 555 8856,"Room 244, Simonsberg House, Stellenbosch, 7600"
25465436,Radebe,Aisha,2004-11-24,Female,aisha.radebe5436@student.example.ac.za,071 555 7974,"Room 259, Eikestad House, Stellenbosch, 7600"
26181036,Booysen,Hendrik,2002-08-13,Male,hendrik.booysen1036@student.example.ac.za,071 555 0964,"145 Merriman Ave, Stellenbosch, 7600"
27406259,Steyn,Aisha,2007-11-01,Female,aisha.steyn6259@student.example.ac.za,071 555 2100,"63 Church St, Stellenbosch, 7600"
26746948,Nel,Faith,2004-09-06,Female,faith.nel6948@student.example.ac.za,060 555 4178,"Room 128, Oude Molen Hall, Stellenbosch, 7600"
27434162,Petersen,Aisha,2006-11-10,Female,aisha.petersen4162@student.example.ac.za,071 555 3358,"Room 182, Eikestad House, Stellenbosch, 7600"
20603731,Dlamini,Jana,2002-07-18,Female,jana.dlamini3731@student.example.ac.za,079 555 0165,"Room 210, Oude Molen Hall, Stellenbosch, 7600"
27950142,Kruger,Anri,2005-11-15,Female,anri.kruger0142@student.example.ac.za,083 555 1734,"118 Merriman Ave, Stellenbosch, 7600"
20495132,Naidoo,Precious,2005-12-01,Female,precious.naidoo5132@student.example.ac.za,083 555 4923,"Room 201, Bergzicht Residence, Stellenbosch, 7600"
26211903,Coetzee,Andile,2004-12-29,Male,andile.coetzee1903@student.example.ac.za,078 555 6578,"Flat 11, 157 Neethling St, Stellenbosch, 7600"
25987690,Fourie,Faith,2008-06-16,Female,faith.fourie7690@student.example.ac.za,060 555 2105,"Room 207, Eikestad House, Stellenbosch, 7600"
23804199,Coetzee,Nomsa,2004-09-13,Female,nomsa.coetzee4199@student.example.ac.za,083 555 9526,"Room 384, Eikestad House, Stellenbosch, 7600"
26283627,Brits,Deon,2006-01-05,Male,deon.brits3627@student.example.ac.za,073 555 2097,"Flat 16, 51 Ryneveld St, Stellenbosch, 7600"
25575385,Molefe,Liezl,2005-06-03,Female,liezl.molefe5385@student.example.ac.za,060 555 2550,"Room 358, Simonsberg House, Stellenbosch, 7600"
24715612,Hendricks,Aisha,2006-10-26,Female,aisha.hendricks5612@student.example.ac.za,071 555 4705,"Flat 5, 159 Church St, Stellenbosch, 7600"
25151585,Malan,Aisha,2006-09-25,Female,aisha.malan1585@student.example.ac.za,073 555 6848,"103 Ryneveld St, Stellenbosch, 7600"
25591737,Jacobs,Naledi,2006-02-10,Female,naledi.jacobs1737@student.example.ac.za,083 555 1806,"Flat 20, 157 Neethling St, Stellenbosch, 7600"
22196662,Ndlovu,Gugu,2001-01-13,Female,gugu.ndlovu6662@student.example.ac.za,078 555 2266,"Room 323, Rozendal Lodge, Stellenbosch, 7600"
27091575,Khumalo,Zinhle,2003-06-01,Female,zinhle.khumalo1575@student.example.ac.za,072 555 2350,"Room 376, Eikestad House, Stellenbosch, 7600"
25543668,Pretorius,Maya,2008-04-05,Female,maya.pretorius3668@student.example.ac.za,060 555 3543,"56 Helshoogte Rd, Stellenbosch, 7600"
25925288,Swanepoel,Zinhle,2003-03-07,Female,zinhle.swanepoel5288@student.example.ac.za,071 555 0644,"Room 156, Eikestad House, Stellenbosch, 7600"
24457559,Botha,Xolani,2006-12-03,Male,xolani.botha7559@student.example.ac.za,083 555 6353,"19 Church St, Stellenbosch, 7600"
27291538,Tshabalala,Tshepo,2004-01-27,Male,tshepo.tshabalala1538@student.example.ac.za,073 555 0801,"Flat 24, 63 Adam Tas Rd, Stellenbosch, 7600"
27981947,Brits,Faith,2006-08-26,Female,faith.brits1947@student.example.ac.za,072 555 3191,"13 Plein St, Stellenbosch, 7600"
23653653,Le Roux,Gugu,2006-11-24,Female,gugu.leroux3653@student.example.ac.za,073 555 2586,"Flat 23, 89 Neethling St, Stellenbosch, 7600"
23465582,Sithole,Amahle,2003-05-01,Female,amahle.sithole5582@student.example.ac.za,072 555 4707,"Flat 6, 6 Merriman Ave, Stellenbosch, 7600"
22318686,Brits,Yusuf,2005-04-24,Male,yusuf.brits8686@student.example.ac.za,071 555 7954,"Flat 25, 139 Plein St, Stellenbosch, 7600"
20287085,Le Roux,Jaco,2006-12-25,Male,jaco.leroux7085@student.example.ac.za,081 555 4566,"Room 145, Pniel Court, Stellenbosch, 7600"
20698414,Petersen,Dineo,2005-06-09,Female,dineo.petersen8414@student.example.ac.za,073 555 1385,"Flat 13, 159 Church St, Stellenbosch, 7600"
24285944,Van Wyk,Xolani,2004-05-04,Male,xolani.vanwyk5944@student.example.ac.za,081 555 9057,"Room 370, Oude Molen Hall, Stellenbosch, 7600"
25527315,Olivier,Bianca,2002-01-13,Non-binary,bianca.olivier7315@student.example.ac.za,078 555 1252,"123 Victoria St, Stellenbosch, 7600"
25798423,Ndlovu,Sarah,2003-11-25,Female,sarah.ndlovu8423@student.example.ac.za,060 555 0447,"Room 152, Rozendal Lodge, Stellenbosch, 7600"
22887977,Khumalo,Kabelo,2005-06-03,Male,kabelo.khumalo7977@student.example.ac.za,071 555 7112,"Room 264, Oude Molen Hall, Stellenbosch, 7600"
25931598,Le Roux,Lindiwe,2006-10-28,Female,lindiwe.leroux1598@student.example.ac.za,073 555 7335,"Flat 24, 96 Bird St, Stellenbosch, 7600"
27773975,Le Roux,Zoe,2005-11-16,Female,zoe.leroux3975@student.example.ac.za,071 555 4418,"141 Church St, Stellenbosch, 7600"
26114448,Booysen,Lerato,2006-08-08,Female,lerato.booysen4448@student.example.ac.za,072 555 9746,"Flat 1, 27 Ryneveld St, Stellenbosch, 7600"
24573251,Radebe,Bheki,2005-02-10,Male,bheki.radebe3251@student.example.ac.za,079 555 9021,"105 Ryneveld St, Stellenbosch, 7600"
25895550,Xaba,Tiaan,2007-07-14,Male,tiaan.xaba5550@student.example.ac.za,082 555 4448,"Flat 7, 97 Victoria St, Stellenbosch, 7600"
27813873,Sithole,Kayla,2007-10-02,Female,kayla.sithole3873@student.example.ac.za,081 555 9169,"Room 405, Pniel Court, Stellenbosch, 7600"
25845644,Coetzee,Imaan,2008-03-07,Female,imaan.coetzee5644@student.example.ac.za,073 555 8314,"4 Plein St, Stellenbosch, 7600"
20961113,Pillay,Deon,2006-06-10,Male,deon.pillay1113@student.example.ac.za,072 555 0936,"Room 125, Rozendal Lodge, Stellenbosch, 7600"
24832884,Van Wyk,Carmen,2005-07-18,Female,carmen.vanwyk2884@student.example.ac.za,076 555 5119,"122 Banghoek Rd, Stellenbosch, 7600"
25999875,Venter,Pieter,2004-07-14,Male,pieter.venter9875@student.example.ac.za,071 555 3048,"Room 287, Rozendal Lodge, Stellenbosch, 7600"
21807666,Smit,Thandi,2008-05-22,Female,thandi.smit7666@student.example.ac.za,071 555 9820,"78 Church St, Stellenbosch, 7600"
22526411,Pather,Chloe,2007-07-03,Female,chloe.pather6411@student.example.ac.za,079 555 8963,"101 Victoria St, Stellenbosch, 7600"
25615576,Adams,Callum,2006-12-13,Male,callum.adams5576@student.example.ac.za,060 555 5272,"141 Church St, Stellenbosch, 7600"
21077656,Tshabalala,Thandi,2003-06-14,Female,thandi.tshabalala7656@student.example.ac.za,076 555 2115,"9 Adam Tas Rd, Stellenbosch, 7600"
24372097,Cele,Chanel,2003-12-17,Female,chanel.cele2097@student.example.ac.za,081 555 7997,"Room 320, Rozendal Lodge, Stellenbosch, 7600"
27697283,Steyn,Elri,2001-08-28,Female,elri.steyn7283@student.example.ac.za,076 555 0126,"Flat 3, 135 Andringa St, Stellenbosch, 7600"
20646440,Molefe,Fatima,2006-03-04,Female,fatima.molefe6440@student.example.ac.za,071 555 4603,"Flat 11, 35 Church St, Stellenbosch, 7600"
24331065,Brits,Liezl,2006-07-10,Female,liezl.brits1065@student.example.ac.za,072 555 4689,"Room 390, Kruispad Hall, Stellenbosch, 7600"
25442337,Van der Merwe,Kayla,2007-06-08,Female,kayla.vandermerwe2337@student.example.ac.za,082 555 8103,"Flat 26, 65 Adam Tas Rd, Stellenbosch, 7600"
21907780,Govender,Kabelo,2007-04-09,Male,kabelo.govender7780@student.example.ac.za,072 555 7618,"Flat 19, 92 Dorp St, Stellenbosch, 7600"
24734411,Radebe,Lindiwe,2004-10-21,Female,lindiwe.radebe4411@student.example.ac.za,082 555 7615,"Room 387, Eikestad House, Stellenbosch, 7600"
24911687,Visser,Brandon,2005-09-14,Male,brandon.visser1687@student.example.ac.za,060 555 8052,"Room 377, Bergzicht Residence, Stellenbosch, 7600"
27939032,Pather,Reanette,2005-11-21,Female,reanette.pather9032@student.example.ac.za,081 555 7710,"56 Andringa St, Stellenbosch, 7600"
21250355,Malan,Gugu,2003-03-28,Female,gugu.malan0355@student.example.ac.za,072 555 7682,"Flat 22, 27 Church St, Stellenbosch, 7600"
27347667,Booysen,Lindiwe,2002-10-10,Female,lindiwe.booysen7667@student.example.ac.za,060 555 6484,"Room 263, Oude Molen Hall, Stellenbosch, 7600"
25543592,Kruger,Jana,2004-07-28,Female,jana.kruger3592@student.example.ac.za,079 555 6550,"Flat 10, 133 Andringa St, Stellenbosch, 7600"
24290793,Mahlangu,Yusuf,2007-06-09,Male,yusuf.mahlangu0793@student.example.ac.za,076 555 1339,"Flat 12, 82 Dorp St, Stellenbosch, 7600"
20485959,Botha,Imaan,2005-01-15,Female,imaan.botha5959@student.example.ac.za,073 555 4183,"151 Merriman Ave, Stellenbosch, 7600"
21470954,Le Roux,Naledi,2006-12-05,Female,naledi.leroux0954@student.example.ac.za,079 555 7517,"44 Plein St, Stellenbosch, 7600"
22188178,Petersen,Naledi,2000-11-06,Female,naledi.petersen8178@student.example.ac.za,084 555 5524,"155 Helshoogte Rd, Stellenbosch, 7600"
27970370,Booysen,Hendrik,2008-05-05,Male,hendrik.booysen0370@student.example.ac.za,079 555 3192,"Room 118, Kruispad Hall, Stellenbosch, 7600"
24299674,Radebe,Andile,2006-12-17,Male,andile.radebe9674@student.example.ac.za,083 555 4872,"Flat 6, 100 Adam Tas Rd, Stellenbosch, 7600"
24939697,Venter,Chloe,2005-02-27,Female,chloe.venter9697@student.example.ac.za,084 555 2658,"Room 302, Pniel Court, Stellenbosch, 7600"
20269085,Govender,Gareth,2007-02-26,Male,gareth.govender9085@student.example.ac.za,060 555 8849,"Room 241, Rozendal Lodge, Stellenbosch, 7600"
23855030,Meyer,Liam,2004-12-10,Male,liam.meyer5030@student.example.ac.za,060 555 8935,"11 Dorp St, Stellenbosch, 7600"
26934573,Khumalo,Sibusiso,2003-12-29,Male,sibusiso.khumalo4573@student.example.ac.za,084 555 5899,"135 Ryneveld St, Stellenbosch, 7600"
26294487,Radebe,Gareth,2005-11-25,Male,gareth.radebe4487@student.example.ac.za,076 555 1989,"Room 394, Kruispad Hall, Stellenbosch, 7600"
27350255,Coetzee,Amahle,2005-06-09,Female,amahle.coetzee0255@student.example.ac.za,060 555 0869,"136 Helshoogte Rd, Stellenbosch, 7600"
21948489,Booysen,Callum,2007-04-02,Male,callum.booysen8489@student.example.ac.za,083 555 9897,"Room 222, Oude Molen Hall, Stellenbosch, 7600"
27332002,Nel,Tshepo,2005-11-05,Male,tshepo.nel2002@student.example.ac.za,076 555 3350,"Room 410, Oude Molen Hall, Stellenbosch, 7600"
26458454,Smit,Wian,2007-05-18,Male,wian.smit8454@student.example.ac.za,060 555 7437,"149 Helshoogte Rd, Stellenbosch, 7600"
22693223,Visser,Lerato,2006-04-16,Female,lerato.visser3223@student.example.ac.za,060 555 7096,"Room 347, Simonsberg House, Stellenbosch, 7600"
24544618,Mbeki,Lerato,2008-08-06,Female,lerato.mbeki4618@student.example.ac.za,078 555 9738,"Room 386, Eikestad House, Stellenbosch, 7600"
20406068,Nel,Precious,2000-02-11,Female,precious.nel6068@student.example.ac.za,084 555 5857,"116 Bird St, Stellenbosch, 7600"
23356733,Jansen,Mandla,2006-05-24,Male,mandla.jansen6733@student.example.ac.za,081 555 6840,"Room 108, Eikestad House, Stellenbosch, 7600"
25329313,Coetzee,Palesa,2005-06-07,Female,palesa.coetzee9313@student.example.ac.za,060 555 1465,"126 Helshoogte Rd, Stellenbosch, 7600"
22517929,Van der Merwe,Bheki,2004-01-27,Male,bheki.vandermerwe7929@student.example.ac.za,082 555 9236,"Room 196, Kruispad Hall, Stellenbosch, 7600"
22995329,Dlamini,Pieter,2006-02-04,Male,pieter.dlamini5329@student.example.ac.za,072 555 9260,"Flat 13, 77 Bird St, Stellenbosch, 7600"
23995369,Petersen,Jaco,2007-05-09,Male,jaco.petersen5369@student.example.ac.za,079 555 1834,"22 Ryneveld St, Stellenbosch, 7600"
22650999,Olivier,Aisha,2007-01-20,Female,aisha.olivier0999@student.example.ac.za,078 555 3452,"Flat 1, 60 Helshoogte Rd, Stellenbosch, 7600"
22278981,Mbeki,Tiaan,2005-06-18,Male,tiaan.mbeki8981@student.example.ac.za,071 555 5701,"5 Andringa St, Stellenbosch, 7600"
25397139,Petersen,Zinhle,2005-01-21,Female,zinhle.petersen7139@student.example.ac.za,081 555 8079,"Flat 12, 38 Banghoek Rd, Stellenbosch, 7600"
21244917,Steyn,Zinhle,2001-07-04,Female,zinhle.steyn4917@student.example.ac.za,084 555 3887,"Flat 26, 39 Bird St, Stellenbosch, 7600"
26707387,Booysen,Ethan,2006-10-28,Male,ethan.booysen7387@student.example.ac.za,081 555 3572,"Room 132, Simonsberg House, Stellenbosch, 7600"
22824851,Visser,Callum,2005-07-16,Male,callum.visser4851@student.example.ac.za,060 555 7887,"141 Helshoogte Rd, Stellenbosch, 7600"
27705266,Visser,Zinhle,2003-06-17,Female,zinhle.visser5266@student.example.ac.za,060 555 4079,"93 Adam Tas Rd, Stellenbosch, 7600"
21070279,Khumalo,Imaan,2005-09-20,Female,imaan.khumalo0279@student.example.ac.za,079 555 5078,"103 Banghoek Rd, Stellenbosch, 7600"
27493212,Khumalo,Jaco,2007-01-24,Male,jaco.khumalo3212@student.example.ac.za,082 555 7013,"Room 123, Simonsberg House, Stellenbosch, 7600"
23673005,Molefe,Sarah,2003-02-16,Female,sarah.molefe3005@student.example.ac.za,073 555 2025,"69 Banghoek Rd, Stellenbosch, 7600"
20142452,Pretorius,Sibusiso,2005-09-01,Male,sibusiso.pretorius2452@student.example.ac.za,073 555 3516,"Room 396, Eikestad House, Stellenbosch, 7600"
26008436,Petersen,Tiaan,2008-03-05,Male,tiaan.petersen8436@student.example.ac.za,083 555 3991,"Room 296, Lentelus House, Stellenbosch, 7600"
20037990,Kruger,Bheki,2005-03-23,Male,bheki.kruger7990@student.example.ac.za,060 555 9117,"Flat 10, 57 Adam Tas Rd, Stellenbosch, 7600"
26244421,Jansen,Lindiwe,2005-05-01,Female,lindiwe.jansen4421@student.example.ac.za,071 555 5324,"121 Dorp St, Stellenbosch, 7600"
23654070,Smit,Faith,2003-01-18,Female,faith.smit4070@student.example.ac.za,084 555 2597,"Room 136, Oude Molen Hall, Stellenbosch, 7600"
24915009,Dlamini,Thandi,2005-11-05,Female,thandi.dlamini5009@student.example.ac.za,082 555 9371,"28 Victoria St, Stellenbosch, 7600"
25022946,Ndlovu,Brandon,2004-07-14,Male,brandon.ndlovu2946@student.example.ac.za,076 555 4123,"93 Victoria St, Stellenbosch, 7600"
22063589,Williams,Chanel,2004-09-02,Female,chanel.williams3589@student.example.ac.za,083 555 3255,"Room 225, Rozendal Lodge, Stellenbosch, 7600"
20419861,Khumalo,Anri,2005-06-21,Female,anri.khumalo9861@student.example.ac.za,078 555 9232,"14 Dorp St, Stellenbosch, 7600"
23371473,Mahlangu,Fikile,2007-10-28,Male,fikile.mahlangu1473@student.example.ac.za,084 555 6808,"Flat 5, 115 Church St, Stellenbosch, 7600"
21217143,Nel,Christiaan,2008-04-01,Male,christiaan.nel7143@student.example.ac.za,082 555 6197,"Room 163, Pniel Court, Stellenbosch, 7600"
25589467,Booysen,Faith,2004-11-15,Female,faith.booysen9467@student.example.ac.za,072 555 7205,"129 Neethling St, Stellenbosch, 7600"
26181236,Pretorius,Naledi,2005-06-18,Female,naledi.pretorius1236@student.example.ac.za,072 555 7073,"Room 350, Simonsberg House, Stellenbosch, 7600"
22702690,Lombard,Aisha,2004-08-03,Female,aisha.lombard2690@student.example.ac.za,082 555 3936,"Room 284, Bergzicht Residence, Stellenbosch, 7600"
21450419,Lombard,Siya,2006-05-06,Male,siya.lombard0419@student.example.ac.za,082 555 7870,"35 Merriman Ave, Stellenbosch, 7600"
20213648,Pretorius,Daniel,2005-08-26,Male,daniel.pretorius3648@student.example.ac.za,081 555 4872,"Room 212, Lentelus House, Stellenbosch, 7600"
23200582,Nel,Francois,2006-11-09,Male,francois.nel0582@student.example.ac.za,078 555 1799,"Room 377, Rozendal Lodge, Stellenbosch, 7600"
20393322,Radebe,Hendrik,2007-03-01,Male,hendrik.radebe3322@student.example.ac.za,076 555 7076,"52 Neethling St, Stellenbosch, 7600"
25552098,Steyn,Thandi,2005-10-23,Female,thandi.steyn2098@student.example.ac.za,072 555 5087,"Room 285, Kruispad Hall, Stellenbosch, 7600"
23820333,Van Wyk,Emma,2006-03-11,Female,emma.vanwyk0333@student.example.ac.za,082 555 5031,"Flat 25, 152 Adam Tas Rd, Stellenbosch, 7600"
24851879,Cele,Siya,2006-05-08,Male,siya.cele1879@student.example.ac.za,076 555 3686,"45 Helshoogte Rd, Stellenbosch, 7600"
21172292,Engelbrecht,Anri,2005-05-28,Female,anri.engelbrecht2292@student.example.ac.za,084 555 7625,"Room 208, Oude Molen Hall, Stellenbosch, 7600"
20615907,Nel,Elri,2004-06-24,Female,elri.nel5907@student.example.ac.za,084 555 6857,"Room 398, Simonsberg House, Stellenbosch, 7600"
26633621,Naidoo,Ethan,2006-03-02,Male,ethan.naidoo3621@student.example.ac.za,082 555 0507,"140 Adam Tas Rd, Stellenbosch, 7600"
23933842,Cele,Andile,2007-10-25,Male,andile.cele3842@student.example.ac.za,060 555 3584,"Room 366, Rozendal Lodge, Stellenbosch, 7600"
21441903,Kruger,Palesa,2007-08-18,Female,palesa.kruger1903@student.example.ac.za,060 555 0500,"Room 327, Bergzicht Residence, Stellenbosch, 7600"
22451905,Visser,Jana,2003-04-06,Female,jana.visser1905@student.example.ac.za,076 555 7911,"13 Church St, Stellenbosch, 7600"
23685304,Olivier,Jaco,2007-04-28,Male,jaco.olivier5304@student.example.ac.za,060 555 9398,"Flat 5, 42 Church St, Stellenbosch, 7600"
24779018,Nkosi,Aisha,2005-11-03,Female,aisha.nkosi9018@student.example.ac.za,073 555 5178,"Flat 9, 5 Dorp St, Stellenbosch, 7600"
25340366,Smit,Chloe,2006-07-19,Female,chloe.smit0366@student.example.ac.za,078 555 2023,"117 Church St, Stellenbosch, 7600"
27223579,Brits,Kagiso,2005-08-16,Male,kagiso.brits3579@student.example.ac.za,060 555 1403,"Room 187, Lentelus House, Stellenbosch, 7600"
21967943,Smit,Jana,2006-06-27,Female,jana.smit7943@student.example.ac.za,060 555 1694,"Room 258, Bergzicht Residence, Stellenbosch, 7600"
23740187,Lombard,Nomsa,2005-11-21,Female,nomsa.lombard0187@student.example.ac.za,072 555 8593,"Flat 10, 131 Church St, Stellenbosch, 7600"
20647410,Williams,Yusuf,2006-07-29,Male,yusuf.williams7410@student.example.ac.za,073 555 8057,"Room 289, Pniel Court, Stellenbosch, 7600"
25674878,Engelbrecht,Ashwin,2007-11-21,Male,ashwin.engelbrecht4878@student.example.ac.za,071 555 9755,"Flat 17, 133 Banghoek Rd, Stellenbosch, 7600"
20976712,Le Roux,Christiaan,2005-12-25,Male,christiaan.leroux6712@student.example.ac.za,083 555 5373,"Room 271, Rozendal Lodge, Stellenbosch, 7600"
27602372,Botha,Wian,2005-02-08,Male,wian.botha2372@student.example.ac.za,072 555 1739,"Room 301, Lentelus House, Stellenbosch, 7600"
27290557,Nel,Carmen,2007-10-28,Female,carmen.nel0557@student.example.ac.za,081 555 2119,"Room 121, Simonsberg House, Stellenbosch, 7600"
26590911,Tshabalala,Hendrik,2005-11-30,Male,hendrik.tshabalala0911@student.example.ac.za,081 555 2803,"102 Helshoogte Rd, Stellenbosch, 7600"
25380822,Engelbrecht,Chloe,2002-05-21,Female,chloe.engelbrecht0822@student.example.ac.za,071 555 7910,"Flat 10, 29 Dorp St, Stellenbosch, 7600"
20140274,Pillay,Maya,2006-08-13,Female,maya.pillay0274@student.example.ac.za,079 555 0368,"Room 396, Rozendal Lodge, Stellenbosch, 7600"
26574957,Malan,Tiaan,2007-11-17,Male,tiaan.malan4957@student.example.ac.za,083 555 4469,"127 Adam Tas Rd, Stellenbosch, 7600"
26604365,Botha,Hannah,2005-02-19,Female,hannah.botha4365@student.example.ac.za,082 555 3628,"Room 354, Eikestad House, Stellenbosch, 7600"
24229309,Swanepoel,Fikile,2003-08-18,Male,fikile.swanepoel9309@student.example.ac.za,073 555 5883,"154 Church St, Stellenbosch, 7600"
24392701,Van Wyk,Gareth,2006-04-03,Male,gareth.vanwyk2701@student.example.ac.za,078 555 2279,"Flat 10, 23 Church St, Stellenbosch, 7600"
22985977,Malan,Dineo,2006-08-13,Female,dineo.malan5977@student.example.ac.za,078 555 7565,"113 Victoria St, Stellenbosch, 7600"
25341144,Steyn,Callum,2005-10-14,Male,callum.steyn1144@student.example.ac.za,081 555 2423,"Room 230, Eikestad House, Stellenbosch, 7600"
21096958,Pretorius,Mandla,2004-10-25,Male,mandla.pretorius6958@student.example.ac.za,083 555 1498,"52 Church St, Stellenbosch, 7600"
26340433,Molefe,Thandi,2007-03-25,Female,thandi.molefe0433@student.example.ac.za,081 555 5610,"Flat 2, 96 Merriman Ave, Stellenbosch, 7600"
24419194,Adams,Carmen,2005-09-24,Female,carmen.adams9194@student.example.ac.za,084 555 6894,"Room 303, Kruispad Hall, Stellenbosch, 7600"
23015790,Pather,Amahle,2004-01-31,Female,amahle.pather5790@student.example.ac.za,081 555 2628,"Room 337, Eikestad House, Stellenbosch, 7600"
26083645,Pretorius,Karabo,2001-11-27,Female,karabo.pretorius3645@student.example.ac.za,081 555 9120,"Room 273, Pniel Court, Stellenbosch, 7600"
24281716,Zulu,Wian,2000-08-08,Male,wian.zulu1716@student.example.ac.za,083 555 3538,"Flat 27, 146 Plein St, Stellenbosch, 7600"
20853178,Hendricks,Aisha,2001-10-21,Female,aisha.hendricks3178@student.example.ac.za,073 555 7191,"Flat 15, 119 Andringa St, Stellenbosch, 7600"
26932302,Nel,Nkosana,2006-06-06,Male,nkosana.nel2302@student.example.ac.za,079 555 9564,"Room 332, Pniel Court, Stellenbosch, 7600"
21205295,Molefe,Buhle,2002-08-21,Female,buhle.molefe5295@student.example.ac.za,076 555 0118,"Room 326, Oude Molen Hall, Stellenbosch, 7600"
24755816,Van der Merwe,Lungile,2005-06-19,Male,lungile.vandermerwe5816@student.example.ac.za,073 555 2714,"149 Neethling St, Stellenbosch, 7600"
27202444,Cele,Naledi,2007-12-08,Female,naledi.cele2444@student.example.ac.za,083 555 5830,"Flat 8, 40 Andringa St, Stellenbosch, 7600"
27665375,Naidoo,Fatima,2007-06-24,Female,fatima.naidoo5375@student.example.ac.za,072 555 3927,"Room 412, Bergzicht Residence, Stellenbosch, 7600"
26226743,Govender,Maya,2001-02-07,Female,maya.govender6743@student.example.ac.za,076 555 7602,"Room 199, Simonsberg House, Stellenbosch, 7600"
24657145,Lombard,Faith,2003-09-08,Female,faith.lombard7145@student.example.ac.za,071 555 4507,"Room 342, Oude Molen Hall, Stellenbosch, 7600"
22766062,Nkosi,Hannah,2003-06-21,Female,hannah.nkosi6062@student.example.ac.za,084 555 7591,"Room 283, Kruispad Hall, Stellenbosch, 7600"
24385638,Tshabalala,Lindiwe,2003-05-18,Female,lindiwe.tshabalala5638@student.example.ac.za,081 555 2850,"Room 120, Bergzicht Residence, Stellenbosch, 7600"
24361242,Venter,Daniel,2002-11-15,Male,daniel.venter1242@student.example.ac.za,082 555 6250,"Room 368, Rozendal Lodge, Stellenbosch, 7600"
21097572,Nkosi,Lungile,2007-10-29,Male,lungile.nkosi7572@student.example.ac.za,082 555 0753,"Room 158, Bergzicht Residence, Stellenbosch, 7600"
25301075,Du Plessis,Lerato,2004-10-06,Female,lerato.duplessis1075@student.example.ac.za,076 555 4848,"Flat 1, 51 Andringa St, Stellenbosch, 7600"
21834780,Van der Merwe,Rohan,2005-02-13,Male,rohan.vandermerwe4780@student.example.ac.za,079 555 7852,"Room 143, Kruispad Hall, Stellenbosch, 7600"
22750461,Jansen,Wian,2005-04-18,Male,wian.jansen0461@student.example.ac.za,072 555 6908,"Room 352, Oude Molen Hall, Stellenbosch, 7600"
26482806,Pretorius,Jason,2002-08-27,Male,jason.pretorius2806@student.example.ac.za,082 555 0468,"68 Andringa St, Stellenbosch, 7600"
21330415,Malan,Megan,2003-08-28,Female,megan.malan0415@student.example.ac.za,071 555 0271,"79 Helshoogte Rd, Stellenbosch, 7600"
24952056,Khumalo,Riaan,2004-06-05,Male,riaan.khumalo2056@student.example.ac.za,079 555 5065,"Flat 14, 102 Helshoogte Rd, Stellenbosch, 7600"
25049425,Meyer,Yusuf,2004-03-02,Male,yusuf.meyer9425@student.example.ac.za,078 555 9100,"139 Dorp St, Stellenbosch, 7600"
23230251,Botha,Faith,2003-03-24,Female,faith.botha0251@student.example.ac.za,060 555 7128,"Flat 29, 47 Adam Tas Rd, Stellenbosch, 7600"
25794641,Lombard,Chanel,2005-02-03,Female,chanel.lombard4641@student.example.ac.za,072 555 2667,"Room 330, Bergzicht Residence, Stellenbosch, 7600"
20279639,Du Plessis,Chloe,2007-01-13,Female,chloe.duplessis9639@student.example.ac.za,084 555 7123,"Flat 17, 75 Victoria St, Stellenbosch, 7600"
23895871,Malan,Kayla,2006-06-24,Female,kayla.malan5871@student.example.ac.za,078 555 2276,"Room 304, Kruispad Hall, Stellenbosch, 7600"
24803820,Booysen,Nomsa,2004-07-15,Female,nomsa.booysen3820@student.example.ac.za,060 555 1534,"Room 236, Bergzicht Residence, Stellenbosch, 7600"
26169253,Coetzee,Liam,2005-05-20,Male,liam.coetzee9253@student.example.ac.za,081 555 1678,"11 Ryneveld St, Stellenbosch, 7600"
21029722,Fourie,Callum,2005-05-13,Male,callum.fourie9722@student.example.ac.za,073 555 9779,"Flat 18, 98 Ryneveld St, Stellenbosch, 7600"
24255479,Molefe,Maya,2004-06-18,Female,maya.molefe5479@student.example.ac.za,073 555 0222,"Flat 27, 107 Bird St, Stellenbosch, 7600"
27048035,Zulu,Zanele,2007-04-10,Female,zanele.zulu8035@student.example.ac.za,076 555 3303,"17 Helshoogte Rd, Stellenbosch, 7600"
23350807,Fourie,Rohan,2007-09-10,Male,rohan.fourie0807@student.example.ac.za,078 555 7760,"Flat 23, 103 Ryneveld St, Stellenbosch, 7600"
26972519,Molefe,Maya,2006-02-26,Female,maya.molefe2519@student.example.ac.za,071 555 3926,"61 Ryneveld St, Stellenbosch, 7600"
26712930,Pather,Jana,2006-04-22,Female,jana.pather2930@student.example.ac.za,081 555 5337,"Room 202, Bergzicht Residence, Stellenbosch, 7600"
23455605,Cele,Lindiwe,2005-03-02,Female,lindiwe.cele5605@student.example.ac.za,078 555 0129,"Flat 23, 143 Bird St, Stellenbosch, 7600"
20753353,Nkosi,Kagiso,2007-10-20,Male,kagiso.nkosi3353@student.example.ac.za,082 555 5130,"155 Helshoogte Rd, Stellenbosch, 7600"
21541929,Xaba,Liezl,2008-05-30,Female,liezl.xaba1929@student.example.ac.za,082 555 0136,"Room 327, Rozendal Lodge, Stellenbosch, 7600"
23449442,Mbeki,Anele,2005-10-09,Female,anele.mbeki9442@student.example.ac.za,076 555 1701,"148 Dorp St, Stellenbosch, 7600"
22588380,Xaba,Thandi,2008-08-01,Female,thandi.xaba8380@student.example.ac.za,079 555 3299,"Room 154, Eikestad House, Stellenbosch, 7600"
23520312,Dlamini,Neo,2006-06-02,Male,neo.dlamini0312@student.example.ac.za,079 555 3614,"Room 281, Bergzicht Residence, Stellenbosch, 7600"
22491297,Smit,Anri,2006-05-18,Female,anri.smit1297@student.example.ac.za,072 555 2857,"Room 215, Rozendal Lodge, Stellenbosch, 7600"
26885416,Meyer,Rohan,2002-12-19,Male,rohan.meyer5416@student.example.ac.za,084 555 4205,"Room 281, Lentelus House, Stellenbosch, 7600"
21231501,Sithole,Brandon,2004-08-14,Male,brandon.sithole1501@student.example.ac.za,078 555 7775,"Flat 17, 88 Helshoogte Rd, Stellenbosch, 7600"
26233991,Pillay,Zoe,2006-04-05,Female,zoe.pillay3991@student.example.ac.za,083 555 0546,"Flat 7, 109 Church St, Stellenbosch, 7600"
25798329,Kruger,Chanel,2003-08-18,Female,chanel.kruger8329@student.example.ac.za,081 555 0042,"Flat 6, 86 Helshoogte Rd, Stellenbosch, 7600"
22156426,Pather,Yusuf,2006-06-18,Male,yusuf.pather6426@student.example.ac.za,078 555 4040,"143 Ryneveld St, Stellenbosch, 7600"
26205156,Pather,Pieter,2005-10-27,Male,pieter.pather5156@student.example.ac.za,072 555 1158,"Flat 4, 128 Neethling St, Stellenbosch, 7600"
21121316,Booysen,Zinhle,2006-12-16,Female,zinhle.booysen1316@student.example.ac.za,076 555 2050,"78 Victoria St, Stellenbosch, 7600"
24096651,Kruger,Francois,2004-12-10,Male,francois.kruger6651@student.example.ac.za,084 555 0241,"137 Bird St, Stellenbosch, 7600"
21744246,Mokoena,Tshepo,2003-04-17,Male,tshepo.mokoena4246@student.example.ac.za,076 555 7167,"16 Plein St, Stellenbosch, 7600"
21202286,Fourie,Zanele,2004-07-03,Female,zanele.fourie2286@student.example.ac.za,083 555 9482,"46 Neethling St, Stellenbosch, 7600"
26978806,Naidoo,Thabo,2004-12-21,Male,thabo.naidoo8806@student.example.ac.za,076 555 6807,"7 Neethling St, Stellenbosch, 7600"
25393302,Zulu,Tiaan,2003-11-30,Male,tiaan.zulu3302@student.example.ac.za,081 555 3430,"Flat 3, 87 Ryneveld St, Stellenbosch, 7600"
20374968,Nel,Francois,2004-02-22,Male,francois.nel4968@student.example.ac.za,073 555 5002,"73 Andringa St, Stellenbosch, 7600"
20990979,Van der Merwe,Bianca,2005-11-10,Female,bianca.vandermerwe0979@student.example.ac.za,072 555 3040,"42 Plein St, Stellenbosch, 7600"
24915365,Govender,Jason,2007-08-29,Male,jason.govender5365@student.example.ac.za,076 555 1510,"Room 156, Simonsberg House, Stellenbosch, 7600"
26484420,Williams,Thandi,2003-12-07,Female,thandi.williams4420@student.example.ac.za,084 555 3417,"139 Victoria St, Stellenbosch, 7600"
25001944,Zulu,Naledi,2008-05-19,Female,naledi.zulu1944@student.example.ac.za,060 555 2986,"Room 375, Oude Molen Hall, Stellenbosch, 7600"
23145271,Van der Merwe,Fikile,2006-06-01,Male,fikile.vandermerwe5271@student.example.ac.za,083 555 7653,"Room 127, Pniel Court, Stellenbosch, 7600"
22734311,Nel,Hendrik,2006-09-18,Male,hendrik.nel4311@student.example.ac.za,071 555 9010,"137 Neethling St, Stellenbosch, 7600"
24849047,Swanepoel,Faith,2004-01-24,Female,faith.swanepoel9047@student.example.ac.za,084 555 6740,"9 Bird St, Stellenbosch, 7600"
26991560,Tshabalala,Dineo,2005-07-30,Female,dineo.tshabalala1560@student.example.ac.za,072 555 2139,"Room 362, Rozendal Lodge, Stellenbosch, 7600"
22147083,Naidoo,Kagiso,2006-07-08,Male,kagiso.naidoo7083@student.example.ac.za,060 555 6272,"149 Helshoogte Rd, Stellenbosch, 7600"
25945267,Pillay,Olivia,2006-09-14,Female,olivia.pillay5267@student.example.ac.za,072 555 2640,"Room 229, Rozendal Lodge, Stellenbosch, 7600"
23936468,Fourie,Themba,2004-12-01,Male,themba.fourie6468@student.example.ac.za,060 555 0562,"Room 374, Pniel Court, Stellenbosch, 7600"
26450490,Nkosi,Chloe,2007-05-26,Female,chloe.nkosi0490@student.example.ac.za,082 555 0153,"Room 395, Lentelus House, Stellenbosch, 7600"
26274138,Dlamini,Wian,2005-08-08,Male,wian.dlamini4138@student.example.ac.za,078 555 0960,"Flat 1, 148 Merriman Ave, Stellenbosch, 7600"
20848343,Lombard,Imaan,2005-10-01,Female,imaan.lombard8343@student.example.ac.za,081 555 0676,"Flat 23, 101 Merriman Ave, Stellenbosch, 7600"
21040642,Dlamini,Carmen,2006-01-10,Female,carmen.dlamini0642@student.example.ac.za,082 555 5024,"Room 290, Kruispad Hall, Stellenbosch, 7600"
21802536,Mokoena,Ashwin,2000-06-03,Male,ashwin.mokoena2536@student.example.ac.za,081 555 4642,"Room 291, Kruispad Hall, Stellenbosch, 7600"
21872391,Le Roux,Imaan,2004-01-27,Female,imaan.leroux2391@student.example.ac.za,072 555 0098,"124 Adam Tas Rd, Stellenbosch, 7600"
23428181,Malan,Liezl,2001-02-02,Female,liezl.malan8181@student.example.ac.za,084 555 5932,"Room 240, Bergzicht Residence, Stellenbosch, 7600"
24435137,Maharaj,Jason,2005-01-28,Male,jason.maharaj5137@student.example.ac.za,081 555 2367,"74 Banghoek Rd, Stellenbosch, 7600"
23275810,Maharaj,Elri,2001-05-24,Female,elri.maharaj5810@student.example.ac.za,078 555 0063,"Room 181, Simonsberg House, Stellenbosch, 7600"
22862229,Steyn,Emma,2003-04-17,Female,emma.steyn2229@student.example.ac.za,081 555 0861,"Flat 18, 70 Helshoogte Rd, Stellenbosch, 7600"
20167536,Lombard,Neo,2006-06-15,Male,neo.lombard7536@student.example.ac.za,060 555 6801,"104 Adam Tas Rd, Stellenbosch, 7600"
25661228,Radebe,Callum,2005-11-24,Male,callum.radebe1228@student.example.ac.za,072 555 7064,"Room 112, Rozendal Lodge, Stellenbosch, 7600"
26399664,Du Plessis,Bheki,2006-08-16,Male,bheki.duplessis9664@student.example.ac.za,071 555 5067,"29 Bird St, Stellenbosch, 7600"
27212836,Van der Merwe,Karabo,2000-01-29,Female,karabo.vandermerwe2836@student.example.ac.za,081 555 1591,"Room 257, Lentelus House, Stellenbosch, 7600"
27259925,Xaba,Gugu,2005-08-18,Female,gugu.xaba9925@student.example.ac.za,060 555 3671,"78 Adam Tas Rd, Stellenbosch, 7600"
23472133,Naidoo,Christiaan,2001-08-23,Male,christiaan.naidoo2133@student.example.ac.za,073 555 3370,"Room 235, Lentelus House, Stellenbosch, 7600"
24359857,Botha,Hannah,2007-10-16,Female,hannah.botha9857@student.example.ac.za,071 555 0842,"Room 262, Bergzicht Residence, Stellenbosch, 7600"
21490464,Nkosi,Maya,2004-06-11,Female,maya.nkosi0464@student.example.ac.za,081 555 4980,"14 Neethling St, Stellenbosch, 7600"
23421560,Petersen,Callum,2006-07-15,Male,callum.petersen1560@student.example.ac.za,060 555 2207,"Room 116, Rozendal Lodge, Stellenbosch, 7600"
24899342,Tshabalala,Reanette,2004-06-23,Female,reanette.tshabalala9342@student.example.ac.za,081 555 5677,"Flat 21, 77 Ryneveld St, Stellenbosch, 7600"
22526264,Swanepoel,Thandi,2003-02-07,Female,thandi.swanepoel6264@student.example.ac.za,072 555 9729,"Room 109, Simonsberg House, Stellenbosch, 7600"
23998599,Jansen,Nomsa,2004-03-17,Female,nomsa.jansen8599@student.example.ac.za,071 555 8451,"41 Dorp St, Stellenbosch, 7600"
21286886,Williams,Jaco,2005-08-15,Male,jaco.williams6886@student.example.ac.za,060 555 9808,"Room 337, Simonsberg House, Stellenbosch, 7600"
27941648,Steyn,Tshepo,2007-11-02,Male,tshepo.steyn1648@student.example.ac.za,071 555 2044,"Flat 12, 4 Banghoek Rd, Stellenbosch, 7600"
24775919,Govender,Carmen,2005-05-03,Female,carmen.govender5919@student.example.ac.za,078 555 0216,"138 Victoria St, Stellenbosch, 7600"
20483306,Coetzee,Sibusiso,2004-07-22,Male,sibusiso.coetzee3306@student.example.ac.za,078 555 2806,"144 Plein St, Stellenbosch, 7600"
25223551,Williams,Thandi,2003-07-02,Female,thandi.williams3551@student.example.ac.za,060 555 7800,"Flat 9, 13 Bird St, Stellenbosch, 7600"
22820621,Lombard,Bianca,2000-04-24,Female,bianca.lombard0621@student.example.ac.za,073 555 0923,"113 Dorp St, Stellenbosch, 7600"
22064004,Petersen,Maya,2006-12-07,Female,maya.petersen4004@student.example.ac.za,079 555 6368,"Room 233, Simonsberg House, Stellenbosch, 7600"
20582915,Naidoo,Liezl,2007-07-23,Female,liezl.naidoo2915@student.example.ac.za,083 555 0961,"Room 209, Lentelus House, Stellenbosch, 7600"
24401494,Pillay,Zanele,2005-06-26,Female,zanele.pillay1494@student.example.ac.za,084 555 3951,"85 Adam Tas Rd, Stellenbosch, 7600"
24808260,Mokoena,Imaan,2004-05-24,Female,imaan.mokoena8260@student.example.ac.za,073 555 0580,"Flat 25, 65 Helshoogte Rd, Stellenbosch, 7600"
20098582,Swanepoel,Themba,2001-10-11,Male,themba.swanepoel8582@student.example.ac.za,076 555 0429,"Room 178, Eikestad House, Stellenbosch, 7600"
21266994,Smit,Amahle,2007-11-02,Female,amahle.smit6994@student.example.ac.za,060 555 8078,"157 Merriman Ave, Stellenbosch, 7600"
25009648,Van der Merwe,Fatima,2003-08-31,Female,fatima.vandermerwe9648@student.example.ac.za,081 555 2740,"Room 179, Lentelus House, Stellenbosch, 7600"
26199842,Mbeki,Brandon,2003-07-10,Male,brandon.mbeki9842@student.example.ac.za,084 555 4013,"Room 198, Lentelus House, Stellenbosch, 7600"
24334283,Venter,Zanele,2006-09-14,Female,zanele.venter4283@student.example.ac.za,076 555 9318,"Flat 7, 1 Victoria St, Stellenbosch, 7600"
21378709,Venter,Amahle,2007-05-24,Female,amahle.venter8709@student.example.ac.za,082 555 5970,"Flat 12, 133 Victoria St, Stellenbosch, 7600"
24530936,Khumalo,Neo,2005-10-11,Male,neo.khumalo0936@student.example.ac.za,060 555 1563,"154 Merriman Ave, Stellenbosch, 7600"
27985196,Nkosi,Olivia,2007-06-08,Female,olivia.nkosi5196@student.example.ac.za,083 555 6124,"Room 346, Lentelus House, Stellenbosch, 7600"
27966265,Van der Merwe,Reanette,2004-06-16,Female,reanette.vandermerwe6265@student.example.ac.za,082 555 0960,"Flat 9, 127 Merriman Ave, Stellenbosch, 7600"
20103540,Malan,Ethan,2006-11-15,Male,ethan.malan3540@student.example.ac.za,084 555 9954,"Flat 16, 30 Andringa St, Stellenbosch, 7600"
23558506,Booysen,Amahle,2006-03-26,Female,amahle.booysen8506@student.example.ac.za,060 555 3141,"47 Neethling St, Stellenbosch, 7600"
21407462,Naidoo,Emma,2004-02-17,Female,emma.naidoo7462@student.example.ac.za,076 555 3042,"57 Ryneveld St, Stellenbosch, 7600"
25000166,Pather,Pieter,2007-12-15,Male,pieter.pather0166@student.example.ac.za,082 555 0619,"66 Banghoek Rd, Stellenbosch, 7600"
21470101,Botha,Nkosana,2008-07-07,Male,nkosana.botha0101@student.example.ac.za,078 555 4932,"Room 240, Lentelus House, Stellenbosch, 7600"
23416205,Swanepoel,Gareth,2006-06-01,Male,gareth.swanepoel6205@student.example.ac.za,073 555 9673,"Flat 13, 150 Bird St, Stellenbosch, 7600"
27018023,Steyn,Palesa,2008-05-27,Female,palesa.steyn8023@student.example.ac.za,084 555 7671,"42 Bird St, Stellenbosch, 7600"
20802009,Cele,Carmen,2005-03-06,Female,carmen.cele2009@student.example.ac.za,081 555 2546,"Room 365, Oude Molen Hall, Stellenbosch, 7600"
23524000,Lombard,Kabelo,2008-07-03,Male,kabelo.lombard4000@student.example.ac.za,081 555 4048,"Room 407, Lentelus House, Stellenbosch, 7600"
23540191,Fourie,Anele,2000-03-10,Female,anele.fourie0191@student.example.ac.za,078 555 3297,"Room 234, Bergzicht Residence, Stellenbosch, 7600"
21420495,Jacobs,Jason,2005-10-08,Male,jason.jacobs0495@student.example.ac.za,079 555 5267,"Flat 1, 7 Adam Tas Rd, Stellenbosch, 7600"
27472981,Maharaj,Carmen,2005-08-19,Female,carmen.maharaj2981@student.example.ac.za,083 555 7951,"66 Neethling St, Stellenbosch, 7600"
26155689,Mbeki,Elri,2003-10-14,Female,elri.mbeki5689@student.example.ac.za,084 555 1801,"Flat 20, 119 Church St, Stellenbosch, 7600"
20684107,Pather,Liezl,2006-08-11,Female,liezl.pather4107@student.example.ac.za,078 555 3726,"Room 373, Lentelus House, Stellenbosch, 7600"
27240605,Visser,Naledi,2002-10-02,Female,naledi.visser0605@student.example.ac.za,084 555 7811,"94 Dorp St, Stellenbosch, 7600"
24734756,Petersen,Bianca,2004-12-19,Female,bianca.petersen4756@student.example.ac.za,078 555 0622,"16 Victoria St, Stellenbosch, 7600"
26158819,Van Wyk,Lungile,2004-01-21,Male,lungile.vanwyk8819@student.example.ac.za,081 555 8541,"Room 401, Oude Molen Hall, Stellenbosch, 7600"
22320392,Jansen,Liezl,2003-04-25,Female,liezl.jansen0392@student.example.ac.za,073 555 1228,"Flat 19, 9 Victoria St, Stellenbosch, 7600"
25834220,Molefe,Reanette,2002-02-18,Female,reanette.molefe4220@student.example.ac.za,084 555 7331,"Room 393, Bergzicht Residence, Stellenbosch, 7600"
23177945,Jansen,Megan,2006-11-25,Female,megan.jansen7945@student.example.ac.za,072 555 3534,"Room 239, Lentelus House, Stellenbosch, 7600"
23818328,Lombard,Francois,2007-06-25,Male,francois.lombard8328@student.example.ac.za,083 555 1337,"Room 180, Pniel Court, Stellenbosch, 7600"
20037999,Zulu,Hannah,2006-05-14,Female,hannah.zulu7999@student.example.ac.za,071 555 2114,"Room 307, Pniel Court, Stellenbosch, 7600"
27367534,Jacobs,Daniel,2006-03-05,Male,daniel.jacobs7534@student.example.ac.za,071 555 4806,"Room 197, Simonsberg House, Stellenbosch, 7600"
25785263,Booysen,Themba,2004-06-07,Male,themba.booysen5263@student.example.ac.za,071 555 3082,"Flat 7, 90 Victoria St, Stellenbosch, 7600"
26489829,Van Wyk,Palesa,2006-12-06,Female,palesa.vanwyk9829@student.example.ac.za,081 555 1393,"Room 290, Simonsberg House, Stellenbosch, 7600"
25838648,Naidoo,Anri,2003-11-24,Female,anri.naidoo8648@student.example.ac.za,060 555 8982,"Room 186, Lentelus House, Stellenbosch, 7600"
23022617,Venter,Gareth,2003-11-05,Male,gareth.venter2617@student.example.ac.za,081 555 1714,"Room 235, Simonsberg House, Stellenbosch, 7600"
24103771,Cele,Tshepo,2004-01-15,Male,tshepo.cele3771@student.example.ac.za,071 555 6682,"Room 412, Bergzicht Residence, Stellenbosch, 7600"
26730195,Molefe,Daniel,2003-12-31,Male,daniel.molefe0195@student.example.ac.za,079 555 6567,"Flat 22, 10 Neethling St, Stellenbosch, 7600"
27083020,Booysen,Reanette,2007-01-06,Female,reanette.booysen3020@student.example.ac.za,083 555 9380,"Room 277, Lentelus House, Stellenbosch, 7600"
20406943,Swanepoel,Ashwin,2001-09-15,Male,ashwin.swanepoel6943@student.example.ac.za,072 555 8663,"98 Church St, Stellenbosch, 7600"
26873366,Malan,Francois,2005-11-28,Male,francois.malan3366@student.example.ac.za,072 555 0188,"Room 409, Oude Molen Hall, Stellenbosch, 7600"
20482073,Nel,Jana,2005-06-02,Female,jana.nel2073@student.example.ac.za,073 555 8937,"Room 232, Pniel Court, Stellenbosch, 7600"
21941385,Venter,Chanel,2007-03-21,Female,chanel.venter1385@student.example.ac.za,079 555 9647,"Flat 21, 16 Ryneveld St, Stellenbosch, 7600"
20059470,Smit,Riaan,2005-03-06,Male,riaan.smit9470@student.example.ac.za,078 555 8693,"Room 350, Eikestad House, Stellenbosch, 7600"
23834561,Swanepoel,Bianca,2003-01-15,Female,bianca.swanepoel4561@student.example.ac.za,073 555 2345,"Flat 10, 61 Bird St, Stellenbosch, 7600"
21014513,Ndlovu,Zanele,2002-12-25,Female,zanele.ndlovu4513@student.example.ac.za,073 555 8054,"Room 150, Oude Molen Hall, Stellenbosch, 7600"
26466238,Xaba,Mandla,2005-01-18,Male,mandla.xaba6238@student.example.ac.za,072 555 5987,"150 Church St, Stellenbosch, 7600"
20871784,Lombard,Kayla,2004-08-15,Female,kayla.lombard1784@student.example.ac.za,084 555 4295,"Room 164, Pniel Court, Stellenbosch, 7600"
22719458,Pillay,Lindiwe,2000-07-13,Female,lindiwe.pillay9458@student.example.ac.za,060 555 9690,"155 Merriman Ave, Stellenbosch, 7600"
26475603,Tshabalala,Hendrik,2001-09-03,Male,hendrik.tshabalala5603@student.example.ac.za,082 555 3898,"136 Church St, Stellenbosch, 7600"
26620442,Maharaj,Themba,2008-07-15,Male,themba.maharaj0442@student.example.ac.za,060 555 5163,"Flat 17, 59 Bird St, Stellenbosch, 7600"
20746730,Van Wyk,Bheki,2002-10-13,Male,bheki.vanwyk6730@student.example.ac.za,073 555 0561,"31 Ryneveld St, Stellenbosch, 7600"
23111146,Sithole,Zanele,2006-04-18,Female,zanele.sithole1146@student.example.ac.za,078 555 4231,"113 Church St, Stellenbosch, 7600"
23703902,Maharaj,Ethan,2007-05-18,Male,ethan.maharaj3902@student.example.ac.za,082 555 3801,"Room 216, Simonsberg House, Stellenbosch, 7600"
26038748,Malan,Faith,2002-08-14,Female,faith.malan8748@student.example.ac.za,078 555 0822,"5 Helshoogte Rd, Stellenbosch, 7600"
22720602,Visser,Xolani,2006-07-01,Male,xolani.visser0602@student.example.ac.za,060 555 1088,"Room 304, Lentelus House, Stellenbosch, 7600"
25669095,Hendricks,Nkosana,2005-03-20,Male,nkosana.hendricks9095@student.example.ac.za,072 555 1509,"Flat 10, 86 Plein St, Stellenbosch, 7600"
20112883,Kruger,Naledi,2006-12-07,Female,naledi.kruger2883@student.example.ac.za,072 555 1806,"Room 362, Oude Molen Hall, Stellenbosch, 7600"
26194406,Du Plessis,Dineo,2007-12-28,Female,dineo.duplessis4406@student.example.ac.za,081 555 2621,"3 Plein St, Stellenbosch, 7600"
25988542,Molefe,Anele,2006-08-28,Female,anele.molefe8542@student.example.ac.za,072 555 1387,"Flat 22, 16 Bird St, Stellenbosch, 7600"
20563543,Nel,Liam,2006-01-11,Male,liam.nel3543@student.example.ac.za,082 555 6533,"13 Helshoogte Rd, Stellenbosch, 7600"
27272533,Pretorius,Hannah,2007-03-31,Female,hannah.pretorius2533@student.example.ac.za,078 555 5879,"Room 155, Eikestad House, Stellenbosch, 7600"
21297778,Tshabalala,Reanette,2004-11-17,Female,reanette.tshabalala7778@student.example.ac.za,071 555 3028,"Room 188, Bergzicht Residence, Stellenbosch, 7600"
21026498,Coetzee,Chanel,2007-10-02,Female,chanel.coetzee6498@student.example.ac.za,073 555 6066,"Room 173, Rozendal Lodge, Stellenbosch, 7600"
20633355,Lombard,Ashwin,2006-03-04,Male,ashwin.lombard3355@student.example.ac.za,081 555 9943,"Room 185, Kruispad Hall, Stellenbosch, 7600"
22780001,Olivier,Gareth,2003-07-30,Male,gareth.olivier0001@student.example.ac.za,082 555 2142,"Room 181, Oude Molen Hall, Stellenbosch, 7600"
23225105,Visser,Kayla,2005-03-18,Female,kayla.visser5105@student.example.ac.za,060 555 6779,"Room 260, Lentelus House, Stellenbosch, 7600"
22273696,Coetzee,Lungile,2007-10-26,Male,lungile.coetzee3696@student.example.ac.za,083 555 4071,"122 Adam Tas Rd, Stellenbosch, 7600"
21123854,Van Wyk,Kai,2007-08-30,Non-binary,kai.vanwyk3854@student.example.ac.za,084 555 4175,"Room 165, Pniel Court, Stellenbosch, 7600"
21445185,Kruger,Jaco,2006-12-01,Male,jaco.kruger5185@student.example.ac.za,076 555 0626,"10 Dorp St, Stellenbosch, 7600"
26460910,Lombard,Ethan,2007-07-12,Male,ethan.lombard0910@student.example.ac.za,083 555 0954,"Flat 13, 66 Victoria St, Stellenbosch, 7600"
20852655,Jansen,Anri,2007-01-16,Female,anri.jansen2655@student.example.ac.za,081 555 3901,"36 Dorp St, Stellenbosch, 7600"
20485003,Ndlovu,Olivia,2007-01-03,Female,olivia.ndlovu5003@student.example.ac.za,083 555 0667,"76 Church St, Stellenbosch, 7600"
21999365,Venter,Sibusiso,2005-05-31,Male,sibusiso.venter9365@student.example.ac.za,078 555 1658,"Flat 2, 51 Dorp St, Stellenbosch, 7600"
23883776,Jacobs,Neo,2004-10-21,Male,neo.jacobs3776@student.example.ac.za,084 555 0866,"Flat 28, 1 Banghoek Rd, Stellenbosch, 7600"
25076829,Nkosi,Riaan,2005-09-02,Male,riaan.nkosi6829@student.example.ac.za,076 555 3495,"Room 118, Bergzicht Residence, Stellenbosch, 7600"
26264252,Visser,Mandla,2006-02-02,Male,mandla.visser4252@student.example.ac.za,084 555 2319,"Flat 22, 158 Helshoogte Rd, Stellenbosch, 7600"
24679680,Visser,Carmen,2003-01-18,Female,carmen.visser9680@student.example.ac.za,082 555 1303,"155 Helshoogte Rd, Stellenbosch, 7600"
27743797,Malan,Hannah,2007-07-01,Female,hannah.malan3797@student.example.ac.za,073 555 0112,"Flat 6, 56 Plein St, Stellenbosch, 7600"
21710590,Swanepoel,Kayla,2005-07-25,Female,kayla.swanepoel0590@student.example.ac.za,071 555 6558,"74 Merriman Ave, Stellenbosch, 7600"
23416910,Mbeki,Karabo,2005-09-07,Female,karabo.mbeki6910@student.example.ac.za,072 555 9428,"55 Helshoogte Rd, Stellenbosch, 7600"
20883688,Hendricks,Ashwin,2006-01-21,Male,ashwin.hendricks3688@student.example.ac.za,078 555 4206,"Room 373, Rozendal Lodge, Stellenbosch, 7600"
22917703,Fourie,Lindiwe,2005-06-06,Female,lindiwe.fourie7703@student.example.ac.za,079 555 5656,"142 Ryneveld St, Stellenbosch, 7600"
27369580,Engelbrecht,Sibusiso,2004-02-21,Male,sibusiso.engelbrecht9580@student.example.ac.za,084 555 7446,"Room 173, Lentelus House, Stellenbosch, 7600"
25372599,Le Roux,Hannah,2007-09-10,Female,hannah.leroux2599@student.example.ac.za,076 555 6982,"Room 251, Lentelus House, Stellenbosch, 7600"
21936744,Ndlovu,Dineo,2006-08-27,Female,dineo.ndlovu6744@student.example.ac.za,081 555 3399,"Room 312, Pniel Court, Stellenbosch, 7600"
27455825,Jacobs,Maya,2005-07-20,Female,maya.jacobs5825@student.example.ac.za,076 555 9326,"Room 362, Lentelus House, Stellenbosch, 7600"
24011308,Van Wyk,Hannah,2007-04-22,Female,hannah.vanwyk1308@student.example.ac.za,071 555 0683,"Flat 14, 134 Ryneveld St, Stellenbosch, 7600"
26364093,Nkosi,Palesa,2004-05-06,Female,palesa.nkosi4093@student.example.ac.za,076 555 7025,"75 Plein St, Stellenbosch, 7600"
23844790,Hendricks,Nomsa,2004-06-14,Female,nomsa.hendricks4790@student.example.ac.za,081 555 5410,"Room 350, Rozendal Lodge, Stellenbosch, 7600"
20541678,Molefe,Daniel,2005-10-15,Male,daniel.molefe1678@student.example.ac.za,081 555 0139,"Flat 4, 10 Banghoek Rd, Stellenbosch, 7600"
27845981,Van der Merwe,Xolani,2004-03-24,Male,xolani.vandermerwe5981@student.example.ac.za,083 555 6255,"Room 284, Oude Molen Hall, Stellenbosch, 7600"
24988860,Le Roux,Lerato,2003-01-25,Female,lerato.leroux8860@student.example.ac.za,076 555 8370,"Flat 8, 137 Victoria St, Stellenbosch, 7600"
24979729,Fourie,Liezl,2005-03-22,Female,liezl.fourie9729@student.example.ac.za,084 555 0369,"137 Victoria St, Stellenbosch, 7600"
20290074,Brits,Lungile,2005-05-30,Male,lungile.brits0074@student.example.ac.za,079 555 5383,"Room 113, Rozendal Lodge, Stellenbosch, 7600"
26833551,Molefe,Xolani,2004-07-06,Male,xolani.molefe3551@student.example.ac.za,078 555 0015,"Room 303, Simonsberg House, Stellenbosch, 7600"
20285613,Lombard,Neo,2006-02-23,Male,neo.lombard5613@student.example.ac.za,081 555 5974,"Flat 28, 3 Church St, Stellenbosch, 7600"
20658312,Kruger,Nomsa,2006-07-22,Female,nomsa.kruger8312@student.example.ac.za,078 555 9075,"16 Bird St, Stellenbosch, 7600"
20882413,Xaba,Siya,2003-08-04,Male,siya.xaba2413@student.example.ac.za,082 555 7373,"Flat 17, 137 Plein St, Stellenbosch, 7600"
24093938,Booysen,Maya,2005-07-27,Female,maya.booysen3938@student.example.ac.za,076 555 1848,"56 Victoria St, Stellenbosch, 7600"
21714500,Malan,Amahle,2005-10-27,Female,amahle.malan4500@student.example.ac.za,071 555 9098,"35 Helshoogte Rd, Stellenbosch, 7600"
26074380,Dlamini,Themba,2006-04-13,Male,themba.dlamini4380@student.example.ac.za,072 555 4146,"Flat 15, 156 Andringa St, Stellenbosch, 7600"
23408025,Swanepoel,Kayla,2003-12-08,Female,kayla.swanepoel8025@student.example.ac.za,079 555 7337,"Room 192, Lentelus House, Stellenbosch, 7600"
26493605,Zulu,Thandi,2003-10-14,Female,thandi.zulu3605@student.example.ac.za,081 555 2291,"Flat 12, 135 Helshoogte Rd, Stellenbosch, 7600"
27048393,Jacobs,Bianca,2006-02-01,Female,bianca.jacobs8393@student.example.ac.za,081 555 7225,"Room 377, Rozendal Lodge, Stellenbosch, 7600"
23268759,Tshabalala,Chanel,2005-09-12,Female,chanel.tshabalala8759@student.example.ac.za,083 555 6606,"Flat 17, 81 Victoria St, Stellenbosch, 7600"
25563504,Khumalo,Amahle,2006-09-11,Female,amahle.khumalo3504@student.example.ac.za,072 555 4601,"Flat 21, 73 Neethling St, Stellenbosch, 7600"
26319924,Dlamini,Buhle,2005-04-06,Female,buhle.dlamini9924@student.example.ac.za,060 555 9000,"53 Plein St, Stellenbosch, 7600"
21153879,Booysen,Zoe,2004-02-29,Female,zoe.booysen3879@student.example.ac.za,072 555 4966,"Room 267, Oude Molen Hall, Stellenbosch, 7600"
22321165,Zulu,Francois,2006-11-30,Male,francois.zulu1165@student.example.ac.za,079 555 3160,"Flat 4, 62 Neethling St, Stellenbosch, 7600"
23691279,Mokoena,Tiaan,2006-08-16,Male,tiaan.mokoena1279@student.example.ac.za,073 555 3105,"1 Andringa St, Stellenbosch, 7600"
20289206,Coetzee,Thabo,2004-09-13,Male,thabo.coetzee9206@student.example.ac.za,084 555 9187,"Room 234, Lentelus House, Stellenbosch, 7600"
24606936,Visser,Xolani,2005-02-21,Male,xolani.visser6936@student.example.ac.za,084 555 4161,"Room 323, Kruispad Hall, Stellenbosch, 7600"
25003075,Swanepoel,Yusuf,2006-04-20,Male,yusuf.swanepoel3075@student.example.ac.za,078 555 4695,"Room 243, Oude Molen Hall, Stellenbosch, 7600"
24559104,Booysen,Bheki,2005-11-19,Non-binary,bheki.booysen9104@student.example.ac.za,078 555 5335,"Room 307, Lentelus House, Stellenbosch, 7600"
23668779,Zulu,Xolani,2007-10-02,Male,xolani.zulu8779@student.example.ac.za,071 555 5629,"129 Merriman Ave, Stellenbosch, 7600"
20556189,Molefe,Kabelo,2004-09-08,Male,kabelo.molefe6189@student.example.ac.za,076 555 6417,"Flat 9, 15 Ryneveld St, Stellenbosch, 7600"
23963174,Meyer,Palesa,2003-01-22,Female,palesa.meyer3174@student.example.ac.za,081 555 6134,"Flat 20, 68 Neethling St, Stellenbosch, 7600"
27736724,Sithole,Mandla,2005-08-22,Male,mandla.sithole6724@student.example.ac.za,076 555 1274,"Flat 19, 146 Ryneveld St, Stellenbosch, 7600"
23824674,Malan,Zakhele,2005-03-13,Male,zakhele.malan4674@student.example.ac.za,071 555 0405,"121 Plein St, Stellenbosch, 7600"
20846506,Swanepoel,Naledi,2004-09-11,Female,naledi.swanepoel6506@student.example.ac.za,082 555 5291,"43 Helshoogte Rd, Stellenbosch, 7600"
26453547,Booysen,Lerato,2004-04-05,Female,lerato.booysen3547@student.example.ac.za,081 555 8239,"Flat 23, 106 Adam Tas Rd, Stellenbosch, 7600"
22231917,Engelbrecht,Thabo,2004-06-06,Male,thabo.engelbrecht1917@student.example.ac.za,073 555 2135,"Room 310, Lentelus House, Stellenbosch, 7600"
25608092,Radebe,Bianca,2007-01-29,Female,bianca.radebe8092@student.example.ac.za,076 555 3360,"Room 187, Simonsberg House, Stellenbosch, 7600"
27389792,Smit,Christiaan,2002-02-26,Prefer not to say,christiaan.smit9792@student.example.ac.za,072 555 0441,"Room 133, Bergzicht Residence, Stellenbosch, 7600"
23672748,Mahlangu,Tumelo,2005-09-19,Female,tumelo.mahlangu2748@student.example.ac.za,073 555 9554,"Room 368, Eikestad House, Stellenbosch, 7600"
25222679,Fourie,Kayla,2005-03-03,Female,kayla.fourie2679@student.example.ac.za,081 555 8281,"Flat 27, 114 Andringa St, Stellenbosch, 7600"
20052728,Tshabalala,Zakhele,2006-07-27,Male,zakhele.tshabalala2728@student.example.ac.za,079 555 2427,"Room 252, Kruispad Hall, Stellenbosch, 7600"
26476550,Mokoena,Gugu,2006-11-28,Female,gugu.mokoena6550@student.example.ac.za,078 555 6295,"Room 413, Rozendal Lodge, Stellenbosch, 7600"
24602998,Jansen,Carmen,2007-02-10,Prefer not to say,carmen.jansen2998@student.example.ac.za,082 555 0922,"Room 273, Eikestad House, Stellenbosch, 7600"
22219217,Pretorius,Amahle,2008-05-12,Female,amahle.pretorius9217@student.example.ac.za,081 555 5293,"Flat 12, 13 Andringa St, Stellenbosch, 7600"
22209426,Coetzee,Riaan,2005-06-19,Male,riaan.coetzee9426@student.example.ac.za,082 555 9201,"Room 161, Oude Molen Hall, Stellenbosch, 7600"
21586359,Coetzee,Imaan,2005-11-25,Female,imaan.coetzee6359@student.example.ac.za,076 555 0356,"Room 148, Kruispad Hall, Stellenbosch, 7600"
26989628,Adams,Gareth,2006-05-22,Male,gareth.adams9628@student.example.ac.za,079 555 9270,"Room 331, Eikestad House, Stellenbosch, 7600"
26248482,Coetzee,Daniel,2006-01-07,Male,daniel.coetzee8482@student.example.ac.za,076 555 0633,"Room 351, Oude Molen Hall, Stellenbosch, 7600"
20664805,Jansen,Xolani,2007-01-05,Male,xolani.jansen4805@student.example.ac.za,073 555 4928,"Room 261, Rozendal Lodge, Stellenbosch, 7600"
21469767,Booysen,Thabo,2003-04-23,Male,thabo.booysen9767@student.example.ac.za,079 555 0880,"149 Merriman Ave, Stellenbosch, 7600"
21495590,Mahlangu,Carmen,2005-02-21,Female,carmen.mahlangu5590@student.example.ac.za,078 555 1223,"Room 413, Pniel Court, Stellenbosch, 7600"
21456926,Malan,Lindiwe,2007-10-06,Female,lindiwe.malan6926@student.example.ac.za,081 555 1016,"Flat 9, 67 Adam Tas Rd, Stellenbosch, 7600"
27813242,Venter,Kagiso,2004-12-27,Male,kagiso.venter3242@student.example.ac.za,082 555 9542,"132 Ryneveld St, Stellenbosch, 7600"
27337440,Jacobs,Jaco,2007-12-05,Male,jaco.jacobs7440@student.example.ac.za,082 555 8768,"Room 181, Kruispad Hall, Stellenbosch, 7600"
26974682,Pillay,Zanele,2006-02-18,Female,zanele.pillay4682@student.example.ac.za,071 555 0836,"Room 335, Rozendal Lodge, Stellenbosch, 7600"
20087148,Meyer,Zanele,2007-06-18,Female,zanele.meyer7148@student.example.ac.za,081 555 6942,"Room 155, Simonsberg House, Stellenbosch, 7600"
26340906,Engelbrecht,Hannah,2005-11-15,Female,hannah.engelbrecht0906@student.example.ac.za,060 555 3909,"Flat 23, 132 Church St, Stellenbosch, 7600"
27621438,Radebe,Pieter,2006-10-05,Male,pieter.radebe1438@student.example.ac.za,060 555 4501,"80 Banghoek Rd, Stellenbosch, 7600"
21015701,Mokoena,Elri,2004-08-06,Female,elri.mokoena5701@student.example.ac.za,071 555 9058,"Room 108, Simonsberg House, Stellenbosch, 7600"
20351566,Coetzee,Fatima,2006-12-16,Female,fatima.coetzee1566@student.example.ac.za,083 555 0344,"18 Church St, Stellenbosch, 7600"
26219384,Olivier,Precious,2007-09-02,Female,precious.olivier9384@student.example.ac.za,081 555 7454,"8 Adam Tas Rd, Stellenbosch, 7600"
24803058,Van Wyk,Ethan,2002-02-03,Male,ethan.vanwyk3058@student.example.ac.za,084 555 7565,"Room 207, Kruispad Hall, Stellenbosch, 7600"
21325462,Jacobs,Siya,2006-09-24,Male,siya.jacobs5462@student.example.ac.za,084 555 0983,"66 Dorp St, Stellenbosch, 7600"
20899419,Zulu,Emma,2008-06-11,Female,emma.zulu9419@student.example.ac.za,073 555 6968,"Flat 12, 23 Plein St, Stellenbosch, 7600"
21022049,Booysen,Olivia,2005-03-21,Female,olivia.booysen2049@student.example.ac.za,071 555 2984,"Room 106, Rozendal Lodge, Stellenbosch, 7600"
21457478,Xaba,Gugu,2006-04-20,Female,gugu.xaba7478@student.example.ac.za,078 555 7072,"Room 325, Pniel Court, Stellenbosch, 7600"
21240622,Kruger,Olivia,2007-11-06,Female,olivia.kruger0622@student.example.ac.za,081 555 1868,"30 Bird St, Stellenbosch, 7600"
26137858,Meyer,Hendrik,2005-08-21,Male,hendrik.meyer7858@student.example.ac.za,078 555 7049,"Room 223, Eikestad House, Stellenbosch, 7600"
21655948,Botha,Francois,2007-11-03,Male,francois.botha5948@student.example.ac.za,078 555 0763,"Room 176, Bergzicht Residence, Stellenbosch, 7600"
24926280,Brits,Daniel,2007-04-14,Male,daniel.brits6280@student.example.ac.za,079 555 0859,"42 Victoria St, Stellenbosch, 7600"
27097040,Petersen,Emma,2005-01-29,Female,emma.petersen7040@student.example.ac.za,060 555 6932,"34 Merriman Ave, Stellenbosch, 7600"
24882003,Venter,Brandon,2006-12-05,Male,brandon.venter2003@student.example.ac.za,083 555 5467,"Room 190, Eikestad House, Stellenbosch, 7600"
27436581,Adams,Sarah,2007-12-23,Female,sarah.adams6581@student.example.ac.za,084 555 0256,"Room 245, Bergzicht Residence, Stellenbosch, 7600"
20857218,Jansen,Aisha,2005-02-14,Female,aisha.jansen7218@student.example.ac.za,078 555 2250,"Flat 21, 2 Neethling St, Stellenbosch, 7600"
24926204,Tshabalala,Chloe,2003-08-18,Non-binary,chloe.tshabalala6204@student.example.ac.za,076 555 1809,"Room 298, Lentelus House, Stellenbosch, 7600"
26916022,Pretorius,Dineo,2007-07-13,Female,dineo.pretorius6022@student.example.ac.za,078 555 4647,"28 Banghoek Rd, Stellenbosch, 7600"
23482047,Cele,Dineo,2006-10-30,Female,dineo.cele2047@student.example.ac.za,076 555 5573,"53 Dorp St, Stellenbosch, 7600"
25059108,Du Plessis,Megan,2007-01-03,Female,megan.duplessis9108@student.example.ac.za,083 555 3763,"Room 295, Kruispad Hall, Stellenbosch, 7600"
20332463,Mahlangu,Tumelo,2008-06-05,Female,tumelo.mahlangu2463@student.example.ac.za,083 555 2976,"Room 255, Kruispad Hall, Stellenbosch, 7600"
27956290,Zulu,Jordan,2006-07-19,Non-binary,jordan.zulu6290@student.example.ac.za,078 555 0045,"103 Adam Tas Rd, Stellenbosch, 7600"
22589628,Du Plessis,Wian,2003-01-08,Male,wian.duplessis9628@student.example.ac.za,084 555 3726,"Flat 2, 121 Dorp St, Stellenbosch, 7600"
26404196,Brits,Sarah,2006-02-27,Female,sarah.brits4196@student.example.ac.za,073 555 4827,"Flat 22, 60 Merriman Ave, Stellenbosch, 7600"
27068082,Lombard,Carmen,2007-11-28,Female,carmen.lombard8082@student.example.ac.za,072 555 9267,"Room 146, Bergzicht Residence, Stellenbosch, 7600"
22040643,Pillay,Amahle,2006-04-30,Female,amahle.pillay0643@student.example.ac.za,073 555 2978,"Room 149, Bergzicht Residence, Stellenbosch, 7600"
21136621,Booysen,Reanette,2003-04-26,Female,reanette.booysen6621@student.example.ac.za,071 555 0828,"Room 403, Bergzicht Residence, Stellenbosch, 7600"
20594838,Swanepoel,Sibusiso,2007-02-13,Male,sibusiso.swanepoel4838@student.example.ac.za,082 555 9354,"Room 233, Lentelus House, Stellenbosch, 7600"
24612875,Pather,Imaan,2007-06-25,Female,imaan.pather2875@student.example.ac.za,073 555 7371,"Flat 4, 96 Plein St, Stellenbosch, 7600"
23331641,Pather,Riaan,2007-12-01,Male,riaan.pather1641@student.example.ac.za,084 555 5844,"Room 321, Kruispad Hall, Stellenbosch, 7600"
21293856,Naidoo,Maya,2006-09-22,Female,maya.naidoo3856@student.example.ac.za,060 555 2251,"Room 192, Bergzicht Residence, Stellenbosch, 7600"
22233716,Zulu,Jason,2003-10-12,Male,jason.zulu3716@student.example.ac.za,082 555 9896,"13 Merriman Ave, Stellenbosch, 7600"
25436937,Le Roux,Kayla,2007-03-09,Female,kayla.leroux6937@student.example.ac.za,072 555 0699,"92 Neethling St, Stellenbosch, 7600"
22143473,Govender,Reanette,2004-05-05,Female,reanette.govender3473@student.example.ac.za,073 555 1625,"Room 252, Eikestad House, Stellenbosch, 7600"
24887194,Adams,Aisha,2003-05-28,Female,aisha.adams7194@student.example.ac.za,083 555 0361,"54 Andringa St, Stellenbosch, 7600"
23344807,Jansen,Jaco,2006-09-26,Male,jaco.jansen4807@student.example.ac.za,083 555 9020,"Room 180, Oude Molen Hall, Stellenbosch, 7600"
22928047,Brits,Faith,2004-03-31,Female,faith.brits8047@student.example.ac.za,079 555 9770,"Room 314, Pniel Court, Stellenbosch, 7600"
20496618,Mbeki,Sibusiso,2003-08-18,Male,sibusiso.mbeki6618@student.example.ac.za,076 555 1569,"Room 200, Lentelus House, Stellenbosch, 7600"
27370337,Jacobs,Siya,2007-05-01,Male,siya.jacobs0337@student.example.ac.za,060 555 5875,"Room 336, Rozendal Lodge, Stellenbosch, 7600"
25406754,Jacobs,Riaan,2004-03-06,Male,riaan.jacobs6754@student.example.ac.za,084 555 7528,"Room 324, Oude Molen Hall, Stellenbosch, 7600"
24131623,Smit,Francois,2005-06-27,Male,francois.smit1623@student.example.ac.za,073 555 1620,"Room 365, Rozendal Lodge, Stellenbosch, 7600"
24269148,Van Wyk,Zanele,2005-09-27,Female,zanele.vanwyk9148@student.example.ac.za,079 555 5382,"127 Banghoek Rd, Stellenbosch, 7600"
20080958,Brits,Anele,2005-02-26,Female,anele.brits0958@student.example.ac.za,082 555 0459,"Flat 22, 81 Merriman Ave, Stellenbosch, 7600"
20905073,Brits,Thandi,2003-03-02,Female,thandi.brits5073@student.example.ac.za,072 555 7897,"Room 228, Kruispad Hall, Stellenbosch, 7600"
20324244,Naidoo,Maya,2007-02-28,Female,maya.naidoo4244@student.example.ac.za,071 555 9859,"84 Neethling St, Stellenbosch, 7600"
20972431,Swanepoel,Mandla,2006-08-05,Male,mandla.swanepoel2431@student.example.ac.za,060 555 4614,"Flat 20, 154 Victoria St, Stellenbosch, 7600"
24374513,Naidoo,Andile,2007-12-12,Male,andile.naidoo4513@student.example.ac.za,060 555 4611,"Room 314, Eikestad House, Stellenbosch, 7600"
27037980,Jacobs,Fatima,2005-06-28,Female,fatima.jacobs7980@student.example.ac.za,082 555 7754,"153 Victoria St, Stellenbosch, 7600"
23134612,Visser,Nomsa,2003-01-31,Female,nomsa.visser4612@student.example.ac.za,060 555 0087,"Room 184, Lentelus House, Stellenbosch, 7600"
21880112,Coetzee,Elri,2004-06-10,Female,elri.coetzee0112@student.example.ac.za,073 555 6794,"Room 212, Bergzicht Residence, Stellenbosch, 7600"
26311267,Khumalo,Lerato,2000-03-09,Female,lerato.khumalo1267@student.example.ac.za,083 555 1520,"Flat 22, 68 Banghoek Rd, Stellenbosch, 7600"
23762182,Petersen,Karabo,2006-08-29,Female,karabo.petersen2182@student.example.ac.za,060 555 2874,"Room 319, Bergzicht Residence, Stellenbosch, 7600"
23421126,Zulu,Gareth,2005-08-27,Male,gareth.zulu1126@student.example.ac.za,082 555 7836,"Flat 4, 62 Plein St, Stellenbosch, 7600"
26628422,Jacobs,Karabo,2006-12-23,Female,karabo.jacobs8422@student.example.ac.za,060 555 3865,"129 Bird St, Stellenbosch, 7600"
24251071,Petersen,Andile,2006-08-31,Male,andile.petersen1071@student.example.ac.za,079 555 8634,"Room 400, Kruispad Hall, Stellenbosch, 7600"
23571301,Khumalo,Tiaan,2002-02-06,Male,tiaan.khumalo1301@student.example.ac.za,060 555 1406,"Flat 20, 45 Helshoogte Rd, Stellenbosch, 7600"
23906214,Brits,Ethan,2004-04-07,Non-binary,ethan.brits6214@student.example.ac.za,083 555 9462,"Flat 28, 51 Victoria St, Stellenbosch, 7600"
22782038,Kruger,Ian,2003-11-22,Male,ian.kruger2038@student.example.ac.za,076 555 5158,"Room 146, Simonsberg House, Stellenbosch, 7600"
25305870,Molefe,Maya,2004-06-05,Female,maya.molefe5870@student.example.ac.za,082 555 1260,"Room 186, Oude Molen Hall, Stellenbosch, 7600"
21484231,Fourie,Themba,2004-05-23,Male,themba.fourie4231@student.example.ac.za,060 555 9051,"Room 162, Lentelus House, Stellenbosch, 7600"
20859401,Nkosi,Chloe,2006-12-31,Female,chloe.nkosi9401@student.example.ac.za,083 555 1368,"Room 324, Kruispad Hall, Stellenbosch, 7600"
24904404,Engelbrecht,Lungile,2005-03-21,Male,lungile.engelbrecht4404@student.example.ac.za,072 555 0318,"18 Neethling St, Stellenbosch, 7600"
26094752,Xaba,Tumelo,2006-07-26,Female,tumelo.xaba4752@student.example.ac.za,071 555 6341,"32 Banghoek Rd, Stellenbosch, 7600"
27275966,Adams,Zinhle,2005-10-25,Female,zinhle.adams5966@student.example.ac.za,078 555 8069,"Room 252, Oude Molen Hall, Stellenbosch, 7600"
21667914,Jacobs,Faith,2007-10-28,Female,faith.jacobs7914@student.example.ac.za,084 555 6497,"Room 406, Simonsberg House, Stellenbosch, 7600"
25059502,Olivier,Nomsa,2007-06-11,Female,nomsa.olivier9502@student.example.ac.za,072 555 1350,"145 Andringa St, Stellenbosch, 7600"
25416301,Hendricks,Neo,2004-10-13,Male,neo.hendricks6301@student.example.ac.za,082 555 6845,"Flat 9, 82 Merriman Ave, Stellenbosch, 7600"
27849928,Mokoena,Chloe,2005-07-10,Female,chloe.mokoena9928@student.example.ac.za,073 555 2118,"10 Helshoogte Rd, Stellenbosch, 7600"
27962709,Hendricks,Anele,2005-08-06,Female,anele.hendricks2709@student.example.ac.za,072 555 9377,"5 Victoria St, Stellenbosch, 7600"
22098497,Jansen,Bheki,2006-12-30,Male,bheki.jansen8497@student.example.ac.za,060 555 0330,"Room 161, Pniel Court, Stellenbosch, 7600"
23695797,Steyn,Tshepo,2003-10-16,Male,tshepo.steyn5797@student.example.ac.za,078 555 2629,"12 Banghoek Rd, Stellenbosch, 7600"
21731592,Van der Merwe,Tumelo,2006-01-29,Female,tumelo.vandermerwe1592@student.example.ac.za,083 555 6189,"87 Banghoek Rd, Stellenbosch, 7600"
21422422,Mokoena,Aisha,2006-12-26,Female,aisha.mokoena2422@student.example.ac.za,073 555 3705,"Room 312, Pniel Court, Stellenbosch, 7600"
24646652,Hendricks,Brandon,2006-12-02,Male,brandon.hendricks6652@student.example.ac.za,060 555 5533,"Room 255, Eikestad House, Stellenbosch, 7600"
26165982,Mbeki,Lindiwe,2004-10-25,Female,lindiwe.mbeki5982@student.example.ac.za,073 555 1037,"Room 340, Simonsberg House, Stellenbosch, 7600"
20955776,Pather,Precious,2002-02-25,Female,precious.pather5776@student.example.ac.za,071 555 7105,"75 Andringa St, Stellenbosch, 7600"
26198043,Meyer,Chloe,2006-10-07,Female,chloe.meyer8043@student.example.ac.za,078 555 2663,"72 Merriman Ave, Stellenbosch, 7600"
27814380,Nkosi,Jana,2005-03-10,Female,jana.nkosi4380@student.example.ac.za,060 555 0365,"Room 212, Rozendal Lodge, Stellenbosch, 7600"
27647224,Du Plessis,Zoe,2005-07-12,Female,zoe.duplessis7224@student.example.ac.za,078 555 1352,"Room 290, Pniel Court, Stellenbosch, 7600"
21118505,Van Wyk,Bheki,2002-09-07,Male,bheki.vanwyk8505@student.example.ac.za,084 555 5170,"39 Banghoek Rd, Stellenbosch, 7600"
22001268,Naidoo,Zanele,2008-07-14,Female,zanele.naidoo1268@student.example.ac.za,083 555 4524,"Room 398, Oude Molen Hall, Stellenbosch, 7600"
27484671,Adams,Ethan,2007-05-10,Male,ethan.adams4671@student.example.ac.za,082 555 6149,"Flat 20, 115 Banghoek Rd, Stellenbosch, 7600"
26452533,Steyn,Gugu,2005-10-25,Female,gugu.steyn2533@student.example.ac.za,071 555 4706,"Flat 1, 99 Neethling St, Stellenbosch, 7600"
22176753,Brits,Chloe,2007-02-22,Female,chloe.brits6753@student.example.ac.za,071 555 7857,"Room 255, Lentelus House, Stellenbosch, 7600"
26645813,Malan,Lerato,2002-10-01,Female,lerato.malan5813@student.example.ac.za,084 555 1372,"Flat 3, 26 Ryneveld St, Stellenbosch, 7600"
23540860,Petersen,Andile,2006-01-06,Male,andile.petersen0860@student.example.ac.za,083 555 1574,"20 Victoria St, Stellenbosch, 7600"
23268863,Pillay,Reanette,2005-03-21,Female,reanette.pillay8863@student.example.ac.za,060 555 4522,"Flat 16, 65 Plein St, Stellenbosch, 7600"
25531306,Meyer,Hendrik,2003-04-06,Male,hendrik.meyer1306@student.example.ac.za,082 555 6229,"77 Andringa St, Stellenbosch, 7600"
20651415,Venter,Hendrik,2008-08-31,Male,hendrik.venter1415@student.example.ac.za,082 555 0320,"Room 407, Eikestad House, Stellenbosch, 7600"
23959054,Van Wyk,Liam,2002-11-08,Male,liam.vanwyk9054@student.example.ac.za,082 555 1745,"Room 184, Lentelus House, Stellenbosch, 7600"
20954954,Mokoena,Zoe,2007-05-22,Female,zoe.mokoena4954@student.example.ac.za,081 555 1752,"Room 333, Pniel Court, Stellenbosch, 7600"
21442623,Le Roux,Karabo,2003-01-17,Female,karabo.leroux2623@student.example.ac.za,072 555 8255,"Room 266, Simonsberg House, Stellenbosch, 7600"
21454347,Pretorius,Andile,2006-07-16,Male,andile.pretorius4347@student.example.ac.za,078 555 3140,"Flat 17, 78 Victoria St, Stellenbosch, 7600"
21386311,Swanepoel,Siya,2006-07-15,Male,siya.swanepoel6311@student.example.ac.za,073 555 5808,"Room 129, Kruispad Hall, Stellenbosch, 7600"
22595451,Mahlangu,Christiaan,2005-07-27,Male,christiaan.mahlangu5451@student.example.ac.za,073 555 5401,"Room 413, Pniel Court, Stellenbosch, 7600"
27094648,Booysen,Lindiwe,2006-02-12,Female,lindiwe.booysen4648@student.example.ac.za,078 555 9442,"Flat 26, 35 Merriman Ave, Stellenbosch, 7600"
26472868,Mahlangu,Kayla,2006-12-17,Female,kayla.mahlangu2868@student.example.ac.za,071 555 5321,"Room 189, Pniel Court, Stellenbosch, 7600"
21154184,Molefe,Aisha,2008-04-26,Female,aisha.molefe4184@student.example.ac.za,076 555 5535,"133 Helshoogte Rd, Stellenbosch, 7600"
26008244,Molefe,Lindiwe,2007-07-14,Female,lindiwe.molefe8244@student.example.ac.za,073 555 2208,"Flat 4, 109 Merriman Ave, Stellenbosch, 7600"
26069957,Coetzee,Jaco,2005-09-29,Male,jaco.coetzee9957@student.example.ac.za,072 555 4747,"Flat 7, 13 Banghoek Rd, Stellenbosch, 7600"
21091882,Pather,Megan,2003-02-22,Female,megan.pather1882@student.example.ac.za,082 555 2721,"82 Neethling St, Stellenbosch, 7600"
23691535,Venter,Karabo,2008-04-18,Female,karabo.venter1535@student.example.ac.za,081 555 5923,"Flat 9, 96 Helshoogte Rd, Stellenbosch, 7600"
24615906,Steyn,Amahle,2007-05-26,Female,amahle.steyn5906@student.example.ac.za,081 555 3352,"Room 124, Pniel Court, Stellenbosch, 7600"
25659624,Pretorius,Amahle,2005-06-06,Female,amahle.pretorius9624@student.example.ac.za,079 555 8816,"51 Dorp St, Stellenbosch, 7600"
22630886,Pather,Zinhle,2005-09-26,Female,zinhle.pather0886@student.example.ac.za,072 555 9562,"Room 168, Eikestad House, Stellenbosch, 7600"
21667619,Naidoo,Bianca,2003-08-14,Non-binary,bianca.naidoo7619@student.example.ac.za,073 555 3060,"Flat 25, 19 Dorp St, Stellenbosch, 7600"
22825718,Malan,Jason,2002-12-02,Male,jason.malan5718@student.example.ac.za,078 555 9764,"Room 176, Kruispad Hall, Stellenbosch, 7600"
23831009,Xaba,Tshepo,2004-11-20,Male,tshepo.xaba1009@student.example.ac.za,083 555 8573,"Room 148, Oude Molen Hall, Stellenbosch, 7600"
22763490,Cele,Aisha,2002-02-11,Female,aisha.cele3490@student.example.ac.za,076 555 4527,"Room 354, Kruispad Hall, Stellenbosch, 7600"
27115301,Coetzee,Wian,2005-12-18,Male,wian.coetzee5301@student.example.ac.za,084 555 9656,"Room 238, Eikestad House, Stellenbosch, 7600"
20166628,Brits,Xolani,2001-07-06,Male,xolani.brits6628@student.example.ac.za,079 555 5581,"Flat 22, 101 Helshoogte Rd, Stellenbosch, 7600"
23993124,Nel,Zakhele,2007-06-06,Male,zakhele.nel3124@student.example.ac.za,076 555 0971,"Room 312, Pniel Court, Stellenbosch, 7600"
20662796,Mokoena,Kayla,2007-06-09,Female,kayla.mokoena2796@student.example.ac.za,083 555 6702,"Room 149, Eikestad House, Stellenbosch, 7600"
22417382,Pillay,Emma,2005-02-07,Female,emma.pillay7382@student.example.ac.za,072 555 6885,"Room 376, Bergzicht Residence, Stellenbosch, 7600"
22783693,Malan,Callum,2006-02-18,Male,callum.malan3693@student.example.ac.za,082 555 1088,"12 Victoria St, Stellenbosch, 7600"
25873386,Booysen,Jana,2006-03-28,Female,jana.booysen3386@student.example.ac.za,078 555 6020,"51 Andringa St, Stellenbosch, 7600"
22480486,Venter,Rohan,2005-08-21,Male,rohan.venter0486@student.example.ac.za,078 555 6598,"Room 396, Pniel Court, Stellenbosch, 7600"
26094365,Williams,Maya,2005-01-02,Female,maya.williams4365@student.example.ac.za,073 555 8341,"129 Ryneveld St, Stellenbosch, 7600"
26516182,Le Roux,Nkosana,2006-09-26,Male,nkosana.leroux6182@student.example.ac.za,072 555 1630,"Flat 27, 143 Andringa St, Stellenbosch, 7600"
27233030,Hendricks,Megan,2004-09-28,Female,megan.hendricks3030@student.example.ac.za,071 555 7488,"Room 387, Bergzicht Residence, Stellenbosch, 7600"
24449636,Khumalo,Liezl,2002-03-14,Female,liezl.khumalo9636@student.example.ac.za,072 555 1059,"Room 294, Eikestad House, Stellenbosch, 7600"
24748175,Maharaj,Brandon,2005-08-30,Male,brandon.maharaj8175@student.example.ac.za,084 555 8888,"99 Bird St, Stellenbosch, 7600"
27107441,Coetzee,Megan,2007-12-18,Female,megan.coetzee7441@student.example.ac.za,081 555 4404,"Room 266, Bergzicht Residence, Stellenbosch, 7600"
27844312,Venter,Fikile,2006-05-07,Male,fikile.venter4312@student.example.ac.za,081 555 3062,"102 Neethling St, Stellenbosch, 7600"
21167077,Ndlovu,Sibusiso,2005-07-08,Male,sibusiso.ndlovu7077@student.example.ac.za,081 555 2027,"Flat 7, 138 Neethling St, Stellenbosch, 7600"
27050976,Ndlovu,Tshepo,2006-01-13,Male,tshepo.ndlovu0976@student.example.ac.za,060 555 9739,"Room 364, Lentelus House, Stellenbosch, 7600"
22196424,Williams,Liam,2001-08-02,Male,liam.williams6424@student.example.ac.za,071 555 0789,"151 Ryneveld St, Stellenbosch, 7600"
21066702,Botha,Olivia,2004-03-03,Female,olivia.botha6702@student.example.ac.za,084 555 2842,"138 Adam Tas Rd, Stellenbosch, 7600"
23191040,Molefe,Carmen,2007-01-06,Female,carmen.molefe1040@student.example.ac.za,076 555 9537,"Room 373, Lentelus House, Stellenbosch, 7600"
25553971,Jansen,Wian,2006-04-30,Male,wian.jansen3971@student.example.ac.za,076 555 1643,"Room 337, Lentelus House, Stellenbosch, 7600"
24084555,Steyn,Neo,2007-01-04,Male,neo.steyn4555@student.example.ac.za,073 555 2044,"Flat 26, 152 Plein St, Stellenbosch, 7600"
24672350,Brits,Francois,2006-03-01,Male,francois.brits2350@student.example.ac.za,081 555 3694,"96 Neethling St, Stellenbosch, 7600"
27480936,Pather,Carmen,2004-02-27,Female,carmen.pather0936@student.example.ac.za,076 555 7012,"Room 212, Rozendal Lodge, Stellenbosch, 7600"
27167870,Lombard,Megan,2005-10-12,Female,megan.lombard7870@student.example.ac.za,076 555 2408,"Flat 26, 107 Bird St, Stellenbosch, 7600"
21656664,Malan,Deon,2005-04-20,Male,deon.malan6664@student.example.ac.za,073 555 9950,"Flat 22, 91 Bird St, Stellenbosch, 7600"
24164437,Engelbrecht,Jaco,2004-10-23,Male,jaco.engelbrecht4437@student.example.ac.za,060 555 0406,"Flat 19, 80 Plein St, Stellenbosch, 7600"
24524037,Botha,Carmen,2006-04-09,Non-binary,carmen.botha4037@student.example.ac.za,081 555 1461,"Room 116, Oude Molen Hall, Stellenbosch, 7600"
23823266,Naidoo,Andile,2008-03-28,Male,andile.naidoo3266@student.example.ac.za,079 555 8589,"Flat 24, 30 Church St, Stellenbosch, 7600"
21023890,Botha,Jana,2007-10-01,Female,jana.botha3890@student.example.ac.za,082 555 1778,"114 Bird St, Stellenbosch, 7600"
25287281,Olivier,Reanette,2004-05-02,Female,reanette.olivier7281@student.example.ac.za,083 555 0998,"34 Dorp St, Stellenbosch, 7600"
27961761,Zulu,Chanel,2003-05-08,Female,chanel.zulu1761@student.example.ac.za,072 555 5917,"Flat 17, 81 Bird St, Stellenbosch, 7600"
25308039,Fourie,Hendrik,2008-06-12,Male,hendrik.fourie8039@student.example.ac.za,078 555 6442,"155 Dorp St, Stellenbosch, 7600"
21642318,Mahlangu,Jaco,2006-03-25,Male,jaco.mahlangu2318@student.example.ac.za,081 555 9330,"Room 213, Rozendal Lodge, Stellenbosch, 7600"
21905693,Fourie,Bianca,2004-08-31,Female,bianca.fourie5693@student.example.ac.za,072 555 9899,"Flat 8, 39 Helshoogte Rd, Stellenbosch, 7600"
27111956,Govender,Mandla,2006-06-02,Male,mandla.govender1956@student.example.ac.za,081 555 9406,"Room 328, Eikestad House, Stellenbosch, 7600"
27828714,Zulu,Callum,2006-01-26,Male,callum.zulu8714@student.example.ac.za,082 555 2172,"155 Helshoogte Rd, Stellenbosch, 7600"
21945413,Brits,Sibusiso,2007-11-14,Male,sibusiso.brits5413@student.example.ac.za,072 555 2068,"68 Neethling St, Stellenbosch, 7600"
27892011,Meyer,Pieter,2005-08-29,Male,pieter.meyer2011@student.example.ac.za,072 555 9093,"110 Ryneveld St, Stellenbosch, 7600"
20365032,Sithole,Anele,2007-12-21,Female,anele.sithole5032@student.example.ac.za,083 555 6861,"154 Bird St, Stellenbosch, 7600"
24442179,Williams,Ethan,2007-10-15,Male,ethan.williams2179@student.example.ac.za,071 555 5426,"Room 145, Eikestad House, Stellenbosch, 7600"
27479749,Lombard,Mpho,2003-09-08,Male,mpho.lombard9749@student.example.ac.za,084 555 7788,"15 Adam Tas Rd, Stellenbosch, 7600"
21507702,Pather,Anri,2007-06-09,Female,anri.pather7702@student.example.ac.za,076 555 7647,"149 Helshoogte Rd, Stellenbosch, 7600"
22874672,Adams,Ethan,2006-12-11,Male,ethan.adams4672@student.example.ac.za,084 555 1206,"Room 348, Kruispad Hall, Stellenbosch, 7600"
25370587,Adams,Buhle,2006-10-16,Female,buhle.adams0587@student.example.ac.za,073 555 8924,"Flat 6, 157 Banghoek Rd, Stellenbosch, 7600"
20420511,Petersen,Zoe,2001-05-28,Female,zoe.petersen0511@student.example.ac.za,084 555 9679,"Flat 9, 146 Merriman Ave, Stellenbosch, 7600"
27461714,Kruger,Kagiso,2003-07-04,Male,kagiso.kruger1714@student.example.ac.za,060 555 6518,"Flat 29, 152 Andringa St, Stellenbosch, 7600"
20884261,Maharaj,Ethan,2005-11-27,Male,ethan.maharaj4261@student.example.ac.za,078 555 1519,"Flat 4, 103 Adam Tas Rd, Stellenbosch, 7600"
24919546,Booysen,Tshepo,2005-12-21,Male,tshepo.booysen9546@student.example.ac.za,060 555 6010,"Flat 2, 154 Adam Tas Rd, Stellenbosch, 7600"
22986544,Brits,Aisha,2004-08-11,Female,aisha.brits6544@student.example.ac.za,060 555 3999,"Room 379, Rozendal Lodge, Stellenbosch, 7600"
20920374,Lombard,Christiaan,2006-02-18,Male,christiaan.lombard0374@student.example.ac.za,071 555 4801,"Room 154, Kruispad Hall, Stellenbosch, 7600"
21281791,Pather,Lerato,2005-03-16,Female,lerato.pather1791@student.example.ac.za,084 555 7238,"Room 193, Kruispad Hall, Stellenbosch, 7600"
25638391,Radebe,Lindiwe,2006-06-28,Female,lindiwe.radebe8391@student.example.ac.za,072 555 0085,"Room 320, Lentelus House, Stellenbosch, 7600"
21607213,Lombard,Francois,2008-03-16,Male,francois.lombard7213@student.example.ac.za,073 555 6579,"Flat 27, 38 Banghoek Rd, Stellenbosch, 7600"
26835512,Meyer,Zinhle,2003-04-22,Female,zinhle.meyer5512@student.example.ac.za,081 555 7319,"92 Dorp St, Stellenbosch, 7600"
24480745,Engelbrecht,Kabelo,2004-03-10,Male,kabelo.engelbrecht0745@student.example.ac.za,071 555 1308,"Flat 15, 76 Ryneveld St, Stellenbosch, 7600"
21944958,Botha,Buhle,2007-01-02,Female,buhle.botha4958@student.example.ac.za,079 555 1810,"91 Victoria St, Stellenbosch, 7600"
25432341,Nel,Reanette,2004-10-08,Female,reanette.nel2341@student.example.ac.za,079 555 7328,"Flat 2, 114 Neethling St, Stellenbosch, 7600"
24419247,Van der Merwe,Palesa,2003-11-20,Female,palesa.vandermerwe9247@student.example.ac.za,083 555 3434,"3 Adam Tas Rd, Stellenbosch, 7600"
24425137,Nkosi,Riaan,2005-06-20,Male,riaan.nkosi5137@student.example.ac.za,081 555 2010,"Flat 17, 40 Church St, Stellenbosch, 7600"
20848051,Nel,Mandla,2006-05-30,Male,mandla.nel8051@student.example.ac.za,076 555 4796,"44 Dorp St, Stellenbosch, 7600"
22801742,Sithole,Pieter,2004-06-24,Male,pieter.sithole1742@student.example.ac.za,060 555 8645,"Room 259, Eikestad House, Stellenbosch, 7600"
23084025,Steyn,Brandon,2004-10-04,Male,brandon.steyn4025@student.example.ac.za,081 555 9334,"55 Dorp St, Stellenbosch, 7600"
26775054,Jacobs,Anele,2003-08-21,Female,anele.jacobs5054@student.example.ac.za,083 555 5312,"Flat 23, 66 Bird St, Stellenbosch, 7600"
24972817,Pretorius,Tiaan,2002-08-04,Male,tiaan.pretorius2817@student.example.ac.za,083 555 2244,"Room 203, Bergzicht Residence, Stellenbosch, 7600"
27050643,Steyn,Elri,2004-08-11,Female,elri.steyn0643@student.example.ac.za,081 555 2231,"Room 323, Pniel Court, Stellenbosch, 7600"
26242715,Pretorius,Ashwin,2005-03-07,Male,ashwin.pretorius2715@student.example.ac.za,079 555 2302,"153 Church St, Stellenbosch, 7600"
25897996,Williams,Tiaan,2007-01-06,Male,tiaan.williams7996@student.example.ac.za,073 555 0676,"Room 323, Oude Molen Hall, Stellenbosch, 7600"
27429740,Meyer,Jana,2002-08-03,Female,jana.meyer9740@student.example.ac.za,076 555 0694,"Flat 19, 38 Andringa St, Stellenbosch, 7600"
23002298,Petersen,Callum,2006-02-26,Male,callum.petersen2298@student.example.ac.za,076 555 3354,"Flat 18, 100 Bird St, Stellenbosch, 7600"
22007984,Swanepoel,Megan,2006-11-17,Female,megan.swanepoel7984@student.example.ac.za,082 555 0168,"Room 363, Simonsberg House, Stellenbosch, 7600"
23601871,Fourie,Deon,2002-08-31,Male,deon.fourie1871@student.example.ac.za,081 555 1783,"Room 153, Lentelus House, Stellenbosch, 7600"
27590601,Malan,Imaan,2007-08-19,Female,imaan.malan0601@student.example.ac.za,083 555 0743,"Room 133, Kruispad Hall, Stellenbosch, 7600"
24455096,Khumalo,Andile,2006-03-15,Male,andile.khumalo5096@student.example.ac.za,079 555 7394,"4 Bird St, Stellenbosch, 7600"
20384181,Xaba,Kabelo,2004-08-29,Male,kabelo.xaba4181@student.example.ac.za,078 555 7557,"Flat 24, 132 Victoria St, Stellenbosch, 7600"
20906758,Williams,Lindiwe,2006-08-11,Female,lindiwe.williams6758@student.example.ac.za,081 555 1302,"Room 115, Lentelus House, Stellenbosch, 7600"
21475491,Booysen,Ethan,2004-04-28,Male,ethan.booysen5491@student.example.ac.za,081 555 2125,"2 Adam Tas Rd, Stellenbosch, 7600"
27577214,Du Plessis,Anri,2007-07-20,Female,anri.duplessis7214@student.example.ac.za,060 555 1361,"30 Adam Tas Rd, Stellenbosch, 7600"
20822847,Pretorius,Tiaan,2007-09-13,Male,tiaan.pretorius2847@student.example.ac.za,082 555 2286,"Room 355, Oude Molen Hall, Stellenbosch, 7600"
21593826,Olivier,Daniel,2005-11-21,Male,daniel.olivier3826@student.example.ac.za,084 555 0361,"Flat 12, 108 Adam Tas Rd, Stellenbosch, 7600"
27772380,Van Wyk,Themba,2006-09-01,Male,themba.vanwyk2380@student.example.ac.za,060 555 1237,"Room 141, Eikestad House, Stellenbosch, 7600"
25945812,Brits,Kagiso,2004-03-08,Male,kagiso.brits5812@student.example.ac.za,078 555 7943,"21 Dorp St, Stellenbosch, 7600"
27152292,Du Plessis,Fatima,2007-03-16,Female,fatima.duplessis2292@student.example.ac.za,060 555 5663,"Room 177, Bergzicht Residence, Stellenbosch, 7600"
22383110,Pillay,Zanele,2005-06-11,Female,zanele.pillay3110@student.example.ac.za,073 555 2225,"Flat 1, 28 Church St, Stellenbosch, 7600"
26911819,Swanepoel,Siya,2006-10-21,Male,siya.swanepoel1819@student.example.ac.za,078 555 7507,"Flat 17, 137 Neethling St, Stellenbosch, 7600"
25878352,Tshabalala,Jason,2005-06-08,Male,jason.tshabalala8352@student.example.ac.za,076 555 0602,"77 Neethling St, Stellenbosch, 7600"
26438850,Le Roux,Precious,2008-03-25,Female,precious.leroux8850@student.example.ac.za,084 555 8000,"Flat 27, 100 Andringa St, Stellenbosch, 7600"
22435907,Brits,Thandi,2004-08-18,Female,thandi.brits5907@student.example.ac.za,060 555 4941,"124 Dorp St, Stellenbosch, 7600"
24198594,Olivier,Karabo,2006-10-02,Female,karabo.olivier8594@student.example.ac.za,078 555 8968,"111 Ryneveld St, Stellenbosch, 7600"
23424829,Du Plessis,Chanel,2005-08-04,Non-binary,chanel.duplessis4829@student.example.ac.za,076 555 8377,"Room 211, Lentelus House, Stellenbosch, 7600"
20940921,Mahlangu,Tumi,2007-01-26,Non-binary,tumi.mahlangu0921@student.example.ac.za,079 555 0784,"Room 352, Eikestad House, Stellenbosch, 7600"
27771909,Pretorius,Hannah,2003-01-30,Female,hannah.pretorius1909@student.example.ac.za,072 555 2525,"103 Dorp St, Stellenbosch, 7600"
22879582,Venter,Zinhle,2003-01-23,Female,zinhle.venter9582@student.example.ac.za,073 555 9919,"130 Bird St, Stellenbosch, 7600"
25567857,Radebe,Siya,2005-05-09,Male,siya.radebe7857@student.example.ac.za,071 555 4815,"Room 122, Rozendal Lodge, Stellenbosch, 7600"
23444365,Tshabalala,Bianca,2002-07-24,Female,bianca.tshabalala4365@student.example.ac.za,072 555 4805,"Flat 18, 3 Adam Tas Rd, Stellenbosch, 7600"
26509168,Meyer,Tiaan,2005-05-21,Male,tiaan.meyer9168@student.example.ac.za,076 555 9598,"Room 248, Bergzicht Residence, Stellenbosch, 7600"
25689035,Booysen,Lindiwe,2004-02-13,Female,lindiwe.booysen9035@student.example.ac.za,083 555 6507,"Room 136, Bergzicht Residence, Stellenbosch, 7600"
27535322,Fourie,Reanette,2002-05-09,Female,reanette.fourie5322@student.example.ac.za,081 555 5392,"8 Neethling St, Stellenbosch, 7600"
26720222,Adams,Hannah,2004-11-16,Female,hannah.adams0222@student.example.ac.za,079 555 4151,"53 Church St, Stellenbosch, 7600"
22639049,Visser,Olivia,2003-08-07,Female,olivia.visser9049@student.example.ac.za,071 555 1233,"45 Banghoek Rd, Stellenbosch, 7600"
27338795,Coetzee,Thabo,2001-11-07,Male,thabo.coetzee8795@student.example.ac.za,079 555 5894,"159 Church St, Stellenbosch, 7600"
27776265,Sithole,Liezl,2006-03-22,Female,liezl.sithole6265@student.example.ac.za,060 555 3818,"Room 214, Pniel Court, Stellenbosch, 7600"
20716913,Nel,Hendrik,2002-10-24,Male,hendrik.nel6913@student.example.ac.za,073 555 2303,"13 Victoria St, Stellenbosch, 7600"
21925693,Dlamini,Chloe,2003-10-05,Female,chloe.dlamini5693@student.example.ac.za,073 555 1380,"65 Church St, Stellenbosch, 7600"
21837567,Sithole,Bianca,2005-12-13,Female,bianca.sithole7567@student.example.ac.za,060 555 3402,"65 Helshoogte Rd, Stellenbosch, 7600"
27907732,Molefe,Fatima,2005-06-01,Female,fatima.molefe7732@student.example.ac.za,076 555 0594,"17 Neethling St, Stellenbosch, 7600"
25996756,Nel,Maya,2000-10-19,Female,maya.nel6756@student.example.ac.za,081 555 7098,"158 Helshoogte Rd, Stellenbosch, 7600"
20854522,Visser,Lerato,2004-01-26,Female,lerato.visser4522@student.example.ac.za,076 555 4752,"Room 358, Rozendal Lodge, Stellenbosch, 7600"
23090273,Molefe,Tumelo,2006-09-05,Female,tumelo.molefe0273@student.example.ac.za,060 555 6462,"92 Victoria St, Stellenbosch, 7600"
24659104,Swanepoel,Precious,2005-07-23,Female,precious.swanepoel9104@student.example.ac.za,082 555 1485,"78 Victoria St, Stellenbosch, 7600"
24020163,Mokoena,Hannah,2005-11-12,Female,hannah.mokoena0163@student.example.ac.za,060 555 1258,"Room 186, Bergzicht Residence, Stellenbosch, 7600"
23183464,Hendricks,Thandi,2005-02-08,Female,thandi.hendricks3464@student.example.ac.za,084 555 7189,"Room 364, Oude Molen Hall, Stellenbosch, 7600"
23809141,Du Plessis,Bianca,2005-03-19,Non-binary,bianca.duplessis9141@student.example.ac.za,079 555 1018,"Room 206, Kruispad Hall, Stellenbosch, 7600"
26379704,Govender,Kagiso,2003-11-06,Male,kagiso.govender9704@student.example.ac.za,073 555 9989,"Flat 20, 96 Banghoek Rd, Stellenbosch, 7600"
23098908,Mahlangu,Sibusiso,2006-05-23,Male,sibusiso.mahlangu8908@student.example.ac.za,083 555 6778,"Flat 9, 106 Ryneveld St, Stellenbosch, 7600"
25183766,Botha,Gugu,2004-12-08,Female,gugu.botha3766@student.example.ac.za,082 555 1160,"Room 295, Eikestad House, Stellenbosch, 7600"
23702362,Smit,Neo,2004-12-25,Male,neo.smit2362@student.example.ac.za,072 555 0038,"77 Merriman Ave, Stellenbosch, 7600"
21876675,Cele,Jana,2000-06-23,Female,jana.cele6675@student.example.ac.za,082 555 7544,"18 Andringa St, Stellenbosch, 7600"
25860605,Engelbrecht,Thabo,2002-06-04,Male,thabo.engelbrecht0605@student.example.ac.za,083 555 5324,"Room 301, Pniel Court, Stellenbosch, 7600"
24946492,Olivier,Ashwin,2006-09-24,Male,ashwin.olivier6492@student.example.ac.za,076 555 3141,"92 Church St, Stellenbosch, 7600"
24669631,Ndlovu,Aisha,2006-04-12,Female,aisha.ndlovu9631@student.example.ac.za,079 555 9175,"32 Banghoek Rd, Stellenbosch, 7600"
27849576,Coetzee,Emma,2005-09-23,Female,emma.coetzee9576@student.example.ac.za,071 555 5592,"Flat 7, 145 Merriman Ave, Stellenbosch, 7600"
22181807,Le Roux,Tiaan,2004-05-27,Male,tiaan.leroux1807@student.example.ac.za,079 555 9551,"Flat 8, 144 Neethling St, Stellenbosch, 7600"
25045206,Sithole,Carmen,2006-05-19,Female,carmen.sithole5206@student.example.ac.za,072 555 6297,"Room 163, Simonsberg House, Stellenbosch, 7600"
23774875,Mahlangu,Buhle,2006-03-05,Female,buhle.mahlangu4875@student.example.ac.za,081 555 9426,"Room 197, Kruispad Hall, Stellenbosch, 7600"
25734995,Malan,Thandi,2006-07-23,Female,thandi.malan4995@student.example.ac.za,081 555 7871,"Room 414, Rozendal Lodge, Stellenbosch, 7600"
24392564,Khumalo,Deon,2006-11-24,Male,deon.khumalo2564@student.example.ac.za,073 555 4633,"86 Victoria St, Stellenbosch, 7600"
23336023,Steyn,Christiaan,2006-12-17,Male,christiaan.steyn6023@student.example.ac.za,084 555 3533,"Flat 8, 146 Neethling St, Stellenbosch, 7600"
24342184,Jansen,Gugu,2006-11-29,Female,gugu.jansen2184@student.example.ac.za,060 555 9228,"Flat 9, 75 Neethling St, Stellenbosch, 7600"
26638925,Govender,Lerato,2002-03-20,Female,lerato.govender8925@student.example.ac.za,081 555 9521,"Room 192, Lentelus House, Stellenbosch, 7600"
20240066,Engelbrecht,Pieter,2005-01-05,Male,pieter.engelbrecht0066@student.example.ac.za,076 555 3116,"83 Victoria St, Stellenbosch, 7600"
22198080,Mahlangu,Kabelo,2007-12-09,Male,kabelo.mahlangu8080@student.example.ac.za,084 555 5969,"Room 242, Lentelus House, Stellenbosch, 7600"
27137208,Jansen,Thandi,2007-01-09,Female,thandi.jansen7208@student.example.ac.za,076 555 5529,"109 Victoria St, Stellenbosch, 7600"
26619022,Petersen,Brandon,2006-11-17,Male,brandon.petersen9022@student.example.ac.za,081 555 1025,"96 Ryneveld St, Stellenbosch, 7600"
26909977,Botha,Hendrik,2003-08-24,Male,hendrik.botha9977@student.example.ac.za,073 555 9143,"Room 146, Lentelus House, Stellenbosch, 7600"
21249743,Du Plessis,Hannah,2006-11-10,Female,hannah.duplessis9743@student.example.ac.za,083 555 9599,"Room 326, Eikestad House, Stellenbosch, 7600"
21562960,Radebe,Kagiso,2007-03-25,Male,kagiso.radebe2960@student.example.ac.za,078 555 5464,"102 Bird St, Stellenbosch, 7600"
24565608,Naidoo,Yusuf,2004-10-22,Male,yusuf.naidoo5608@student.example.ac.za,076 555 9112,"97 Banghoek Rd, Stellenbosch, 7600"
26003890,Malan,Jason,2006-07-18,Male,jason.malan3890@student.example.ac.za,082 555 3225,"Room 416, Eikestad House, Stellenbosch, 7600"
22604157,Meyer,Fatima,2004-07-12,Female,fatima.meyer4157@student.example.ac.za,060 555 9975,"Room 350, Oude Molen Hall, Stellenbosch, 7600"
27385596,Meyer,Brandon,2005-06-10,Male,brandon.meyer5596@student.example.ac.za,071 555 1279,"Flat 25, 89 Victoria St, Stellenbosch, 7600"
23514637,Govender,Siya,2007-08-03,Male,siya.govender4637@student.example.ac.za,083 555 0088,"Room 138, Lentelus House, Stellenbosch, 7600"
26946784,Coetzee,Jana,2006-07-20,Female,jana.coetzee6784@student.example.ac.za,076 555 0736,"Room 382, Kruispad Hall, Stellenbosch, 7600"
22140997,Du Plessis,Wian,2005-03-16,Male,wian.duplessis0997@student.example.ac.za,073 555 1393,"Room 277, Rozendal Lodge, Stellenbosch, 7600"
24635863,Hendricks,Olivia,2007-04-10,Female,olivia.hendricks5863@student.example.ac.za,076 555 0079,"Room 257, Oude Molen Hall, Stellenbosch, 7600"
22375192,Ndlovu,Carmen,2007-07-02,Female,carmen.ndlovu5192@student.example.ac.za,081 555 1216,"Room 338, Rozendal Lodge, Stellenbosch, 7600"
20546968,Olivier,Hannah,2007-05-20,Female,hannah.olivier6968@student.example.ac.za,071 555 4752,"Room 322, Kruispad Hall, Stellenbosch, 7600"
20237995,Radebe,Jana,2004-02-24,Female,jana.radebe7995@student.example.ac.za,076 555 9227,"103 Plein St, Stellenbosch, 7600"
24215409,Brits,Carmen,2003-11-25,Female,carmen.brits5409@student.example.ac.za,072 555 4219,"72 Merriman Ave, Stellenbosch, 7600"
25910084,Sithole,Christiaan,2006-01-12,Male,christiaan.sithole0084@student.example.ac.za,083 555 6789,"Room 259, Kruispad Hall, Stellenbosch, 7600"
20887751,Hendricks,Tumelo,2006-07-26,Female,tumelo.hendricks7751@student.example.ac.za,060 555 8988,"Room 394, Pniel Court, Stellenbosch, 7600"
24417276,Pather,Christiaan,2005-12-24,Male,christiaan.pather7276@student.example.ac.za,071 555 1555,"16 Church St, Stellenbosch, 7600"
22338324,Coetzee,Liam,2005-07-28,Male,liam.coetzee8324@student.example.ac.za,060 555 9432,"100 Church St, Stellenbosch, 7600"
21785927,Zulu,Jana,2006-04-03,Female,jana.zulu5927@student.example.ac.za,079 555 9461,"Room 390, Rozendal Lodge, Stellenbosch, 7600"
25409614,Nel,Nkosana,2005-04-26,Male,nkosana.nel9614@student.example.ac.za,083 555 1869,"Room 325, Bergzicht Residence, Stellenbosch, 7600"
21504567,Dlamini,Lindiwe,2006-05-17,Female,lindiwe.dlamini4567@student.example.ac.za,073 555 7415,"111 Ryneveld St, Stellenbosch, 7600"
20989319,Steyn,Tiaan,2001-10-26,Male,tiaan.steyn9319@student.example.ac.za,072 555 3113,"30 Ryneveld St, Stellenbosch, 7600"
25052787,Smit,Fatima,2005-03-01,Female,fatima.smit2787@student.example.ac.za,083 555 5345,"Flat 12, 146 Bird St, Stellenbosch, 7600"
25508882,Molefe,Carmen,2004-10-28,Non-binary,carmen.molefe8882@student.example.ac.za,081 555 8818,"10 Bird St, Stellenbosch, 7600"
22098595,Pretorius,Naledi,2007-02-12,Female,naledi.pretorius8595@student.example.ac.za,082 555 4278,"8 Ryneveld St, Stellenbosch, 7600"
24273814,Cele,Palesa,2004-10-13,Female,palesa.cele3814@student.example.ac.za,079 555 5715,"Flat 25, 85 Victoria St, Stellenbosch, 7600"
25291066,Jacobs,Hendrik,2003-09-10,Male,hendrik.jacobs1066@student.example.ac.za,079 555 6846,"Flat 11, 86 Church St, Stellenbosch, 7600"
21971397,Steyn,Callum,2003-01-14,Male,callum.steyn1397@student.example.ac.za,072 555 1181,"71 Victoria St, Stellenbosch, 7600"
24649511,Fourie,Carmen,2004-08-28,Female,carmen.fourie9511@student.example.ac.za,082 555 2832,"Room 385, Oude Molen Hall, Stellenbosch, 7600"
27393270,Van der Merwe,Karabo,2007-08-14,Female,karabo.vandermerwe3270@student.example.ac.za,073 555 1591,"Room 122, Rozendal Lodge, Stellenbosch, 7600"
23326244,Smit,Mpho,2005-02-14,Male,mpho.smit6244@student.example.ac.za,073 555 2450,"24 Merriman Ave, Stellenbosch, 7600"
26769567,Sithole,Bheki,2006-03-23,Male,bheki.sithole9567@student.example.ac.za,083 555 6974,"Room 328, Simonsberg House, Stellenbosch, 7600"
20970337,Pretorius,Mandla,2003-11-29,Male,mandla.pretorius0337@student.example.ac.za,072 555 1606,"Room 114, Bergzicht Residence, Stellenbosch, 7600"
27096014,Adams,Mpho,2007-11-19,Male,mpho.adams6014@student.example.ac.za,082 555 3319,"Room 166, Bergzicht Residence, Stellenbosch, 7600"
26330709,Govender,Karabo,2001-12-02,Female,karabo.govender0709@student.example.ac.za,072 555 1870,"127 Ryneveld St, Stellenbosch, 7600"
26354065,Botha,Kayla,2006-04-05,Female,kayla.botha4065@student.example.ac.za,079 555 0448,"124 Victoria St, Stellenbosch, 7600"
22651499,Petersen,Emma,2004-06-08,Female,emma.petersen1499@student.example.ac.za,083 555 9201,"88 Bird St, Stellenbosch, 7600"
27097954,Dlamini,Naledi,2004-02-09,Female,naledi.dlamini7954@student.example.ac.za,083 555 3636,"Room 225, Oude Molen Hall, Stellenbosch, 7600"
26570075,Jacobs,Reanette,2004-06-30,Female,reanette.jacobs0075@student.example.ac.za,081 555 6499,"Room 238, Rozendal Lodge, Stellenbosch, 7600"
23702912,Pillay,Palesa,2005-05-21,Female,palesa.pillay2912@student.example.ac.za,060 555 0119,"Room 158, Rozendal Lodge, Stellenbosch, 7600"
22335744,Venter,Gareth,2007-03-03,Male,gareth.venter5744@student.example.ac.za,078 555 0517,"Room 373, Oude Molen Hall, Stellenbosch, 7600"
27267716,Pather,Christiaan,2004-06-11,Male,christiaan.pather7716@student.example.ac.za,081 555 2603,"Room 326, Bergzicht Residence, Stellenbosch, 7600"
26863472,Nel,Tshepo,2002-08-29,Male,tshepo.nel3472@student.example.ac.za,081 555 5292,"Flat 20, 152 Bird St, Stellenbosch, 7600"
21554345,Jacobs,Zinhle,2004-02-24,Female,zinhle.jacobs4345@student.example.ac.za,072 555 1604,"Room 135, Eikestad House, Stellenbosch, 7600"
21055706,Ndlovu,Chanel,2006-07-10,Female,chanel.ndlovu5706@student.example.ac.za,071 555 5924,"Room 222, Oude Molen Hall, Stellenbosch, 7600"
21556546,Pather,Ian,2007-08-14,Male,ian.pather6546@student.example.ac.za,083 555 4084,"Flat 21, 7 Banghoek Rd, Stellenbosch, 7600"
22821111,Govender,Palesa,2007-04-08,Female,palesa.govender1111@student.example.ac.za,081 555 4640,"Room 301, Rozendal Lodge, Stellenbosch, 7600"
25452670,Le Roux,Kayla,2007-04-22,Female,kayla.leroux2670@student.example.ac.za,083 555 7938,"Room 337, Eikestad House, Stellenbosch, 7600"
26990355,Pillay,Jason,2005-09-01,Male,jason.pillay0355@student.example.ac.za,078 555 0426,"24 Plein St, Stellenbosch, 7600"
24745838,Engelbrecht,Tumelo,2006-08-19,Female,tumelo.engelbrecht5838@student.example.ac.za,060 555 0384,"Flat 20, 23 Dorp St, Stellenbosch, 7600"
24459537,Maharaj,Chloe,2004-02-01,Female,chloe.maharaj9537@student.example.ac.za,078 555 6980,"Room 122, Simonsberg House, Stellenbosch, 7600"
21058583,Maharaj,Aisha,2003-07-03,Female,aisha.maharaj8583@student.example.ac.za,079 555 4864,"34 Plein St, Stellenbosch, 7600"
20973397,Mbeki,Palesa,2006-07-12,Female,palesa.mbeki3397@student.example.ac.za,073 555 2272,"Room 227, Simonsberg House, Stellenbosch, 7600"
21271975,Pather,Thabo,2005-06-26,Male,thabo.pather1975@student.example.ac.za,073 555 2505,"Flat 9, 18 Bird St, Stellenbosch, 7600"
24297011,Brits,Liezl,2008-01-04,Female,liezl.brits7011@student.example.ac.za,078 555 0206,"Room 260, Bergzicht Residence, Stellenbosch, 7600"
23301129,Venter,Fatima,2006-07-13,Female,fatima.venter1129@student.example.ac.za,081 555 2981,"Room 221, Bergzicht Residence, Stellenbosch, 7600"
25049256,Jansen,Jason,2006-12-18,Male,jason.jansen9256@student.example.ac.za,076 555 1404,"46 Adam Tas Rd, Stellenbosch, 7600"
27788600,Dlamini,Buhle,2006-05-28,Female,buhle.dlamini8600@student.example.ac.za,084 555 8601,"Flat 27, 1 Andringa St, Stellenbosch, 7600"
26272792,Adams,Pieter,2005-10-19,Male,pieter.adams2792@student.example.ac.za,071 555 1249,"Room 155, Rozendal Lodge, Stellenbosch, 7600"
26025538,Pather,Liezl,2006-10-26,Female,liezl.pather5538@student.example.ac.za,083 555 2633,"Flat 26, 132 Victoria St, Stellenbosch, 7600"
24981100,Sithole,Taylor,2006-05-07,Non-binary,taylor.sithole1100@student.example.ac.za,072 555 9939,"Room 303, Simonsberg House, Stellenbosch, 7600"
25514540,Maharaj,Buhle,2007-07-06,Female,buhle.maharaj4540@student.example.ac.za,081 555 2405,"34 Church St, Stellenbosch, 7600"
27841768,Sithole,Jason,2003-02-19,Male,jason.sithole1768@student.example.ac.za,073 555 8576,"Room 240, Bergzicht Residence, Stellenbosch, 7600"
22804025,Coetzee,Thandi,2006-09-02,Female,thandi.coetzee4025@student.example.ac.za,084 555 1214,"72 Plein St, Stellenbosch, 7600"
21876809,Nel,Thandi,2005-01-07,Female,thandi.nel6809@student.example.ac.za,072 555 9862,"Room 148, Pniel Court, Stellenbosch, 7600"
24844085,Engelbrecht,Zanele,2006-06-04,Female,zanele.engelbrecht4085@student.example.ac.za,082 555 3513,"Flat 13, 140 Dorp St, Stellenbosch, 7600"
27960203,Olivier,Ian,2007-09-07,Male,ian.olivier0203@student.example.ac.za,082 555 8299,"Room 166, Oude Molen Hall, Stellenbosch, 7600"
24881505,Van Wyk,Tshepo,2006-06-27,Male,tshepo.vanwyk1505@student.example.ac.za,078 555 9657,"101 Plein St, Stellenbosch, 7600"
25634263,Khumalo,Aisha,2007-05-26,Female,aisha.khumalo4263@student.example.ac.za,073 555 0577,"27 Andringa St, Stellenbosch, 7600"
22787624,Jacobs,Elri,2003-07-05,Female,elri.jacobs7624@student.example.ac.za,078 555 0892,"Flat 15, 156 Bird St, Stellenbosch, 7600"
25166581,Nel,Jaco,2006-07-13,Male,jaco.nel6581@student.example.ac.za,082 555 8567,"96 Neethling St, Stellenbosch, 7600"
23694718,Pillay,Thabo,2006-08-08,Male,thabo.pillay4718@student.example.ac.za,060 555 2962,"Flat 15, 129 Neethling St, Stellenbosch, 7600"
25729743,Mokoena,Sibusiso,2008-03-20,Male,sibusiso.mokoena9743@student.example.ac.za,081 555 8955,"Room 419, Oude Molen Hall, Stellenbosch, 7600"
22609986,Pather,Precious,2002-05-28,Female,precious.pather9986@student.example.ac.za,084 555 7546,"Room 261, Oude Molen Hall, Stellenbosch, 7600"
26452479,Molefe,Karabo,2003-12-15,Female,karabo.molefe2479@student.example.ac.za,082 555 7256,"Flat 4, 151 Neethling St, Stellenbosch, 7600"
20287199,Adams,Kayla,2005-02-06,Female,kayla.adams7199@student.example.ac.za,079 555 1326,"138 Victoria St, Stellenbosch, 7600"
27276474,Kruger,Jana,2006-04-23,Female,jana.kruger6474@student.example.ac.za,072 555 4109,"Room 117, Lentelus House, Stellenbosch, 7600"
21480520,Malan,Ashwin,2006-05-07,Male,ashwin.malan0520@student.example.ac.za,073 555 0124,"Room 381, Pniel Court, Stellenbosch, 7600"
26614208,Van der Merwe,Sibusiso,2007-07-12,Male,sibusiso.vandermerwe4208@student.example.ac.za,071 555 0037,"Flat 9, 45 Dorp St, Stellenbosch, 7600"
23087118,Petersen,Jaco,2006-04-07,Male,jaco.petersen7118@student.example.ac.za,071 555 9270,"Flat 14, 96 Plein St, Stellenbosch, 7600"
23989299,Nel,Anri,2001-06-16,Female,anri.nel9299@student.example.ac.za,073 555 9169,"Flat 5, 127 Ryneveld St, Stellenbosch, 7600"
22973385,Van Wyk,Naledi,2003-12-19,Female,naledi.vanwyk3385@student.example.ac.za,081 555 6063,"Room 336, Eikestad House, Stellenbosch, 7600"
21806339,Adams,Carmen,2002-05-29,Female,carmen.adams6339@student.example.ac.za,078 555 0772,"129 Banghoek Rd, Stellenbosch, 7600"
21119428,Swanepoel,Karabo,2003-02-15,Female,karabo.swanepoel9428@student.example.ac.za,060 555 3176,"Room 282, Lentelus House, Stellenbosch, 7600"
25290708,Nkosi,Amahle,2004-03-25,Female,amahle.nkosi0708@student.example.ac.za,083 555 5570,"95 Bird St, Stellenbosch, 7600"
21630834,Kruger,Xolani,2007-03-15,Male,xolani.kruger0834@student.example.ac.za,083 555 4342,"Room 333, Kruispad Hall, Stellenbosch, 7600"
27343982,Jansen,Zanele,2005-02-02,Female,zanele.jansen3982@student.example.ac.za,082 555 7280,"49 Neethling St, Stellenbosch, 7600"
25182069,Brits,Jason,2005-09-13,Male,jason.brits2069@student.example.ac.za,060 555 3748,"Room 350, Eikestad House, Stellenbosch, 7600"
26405030,Malan,Mandla,2002-03-28,Male,mandla.malan5030@student.example.ac.za,083 555 3401,"Flat 16, 77 Merriman Ave, Stellenbosch, 7600"
22281321,Mbeki,Imaan,2002-05-29,Female,imaan.mbeki1321@student.example.ac.za,083 555 2635,"45 Merriman Ave, Stellenbosch, 7600"
27804412,Jansen,Fikile,2004-01-13,Male,fikile.jansen4412@student.example.ac.za,060 555 7904,"129 Merriman Ave, Stellenbosch, 7600"
23011469,Lombard,Kabelo,2006-09-04,Male,kabelo.lombard1469@student.example.ac.za,060 555 0338,"145 Merriman Ave, Stellenbosch, 7600"
27525501,Pillay,Daniel,2000-07-15,Male,daniel.pillay5501@student.example.ac.za,081 555 7833,"Flat 24, 141 Ryneveld St, Stellenbosch, 7600"
25038927,Zulu,Hendrik,2005-06-03,Male,hendrik.zulu8927@student.example.ac.za,081 555 6365,"Flat 2, 155 Dorp St, Stellenbosch, 7600"
21223141,Maharaj,Zakhele,2005-06-05,Male,zakhele.maharaj3141@student.example.ac.za,078 555 7204,"138 Dorp St, Stellenbosch, 7600"
24130542,Olivier,Tshepo,2001-03-22,Male,tshepo.olivier0542@student.example.ac.za,076 555 2061,"Room 362, Rozendal Lodge, Stellenbosch, 7600"
24776863,Xaba,Tshepo,2005-04-26,Male,tshepo.xaba6863@student.example.ac.za,082 555 8449,"Room 372, Pniel Court, Stellenbosch, 7600"
26523295,Van Wyk,Fatima,2006-01-28,Female,fatima.vanwyk3295@student.example.ac.za,084 555 7482,"Room 290, Kruispad Hall, Stellenbosch, 7600"
27067558,Mbeki,Themba,2007-08-14,Male,themba.mbeki7558@student.example.ac.za,073 555 0477,"Room 219, Kruispad Hall, Stellenbosch, 7600"
21980458,Maharaj,Nomsa,2002-02-04,Female,nomsa.maharaj0458@student.example.ac.za,072 555 6432,"Flat 15, 113 Church St, Stellenbosch, 7600"
21480430,Radebe,Zoe,2007-12-03,Female,zoe.radebe0430@student.example.ac.za,082 555 0699,"132 Church St, Stellenbosch, 7600"
22718754,Du Plessis,Palesa,2003-08-19,Female,palesa.duplessis8754@student.example.ac.za,082 555 2209,"Flat 25, 39 Banghoek Rd, Stellenbosch, 7600"
27547302,Van der Merwe,Liezl,2002-06-23,Female,liezl.vandermerwe7302@student.example.ac.za,083 555 4975,"Room 413, Rozendal Lodge, Stellenbosch, 7600"
23864385,Xaba,Lerato,2004-09-16,Female,lerato.xaba4385@student.example.ac.za,082 555 3306,"Room 213, Rozendal Lodge, Stellenbosch, 7600"
20816168,Kruger,Kabelo,2007-05-07,Male,kabelo.kruger6168@student.example.ac.za,079 555 5553,"Room 375, Simonsberg House, Stellenbosch, 7600"
23365704,Adams,Siya,2004-11-28,Male,siya.adams5704@student.example.ac.za,072 555 9150,"Room 163, Kruispad Hall, Stellenbosch, 7600"
22284756,Maharaj,Nkosana,2005-05-18,Male,nkosana.maharaj4756@student.example.ac.za,078 555 4655,"Room 389, Rozendal Lodge, Stellenbosch, 7600"
22331089,Booysen,Jaco,2005-04-28,Male,jaco.booysen1089@student.example.ac.za,082 555 8223,"12 Banghoek Rd, Stellenbosch, 7600"
26318911,Kruger,Sarah,2005-06-08,Female,sarah.kruger8911@student.example.ac.za,073 555 0126,"Room 254, Lentelus House, Stellenbosch, 7600"
23883091,Mahlangu,Nkosana,2006-12-04,Male,nkosana.mahlangu3091@student.example.ac.za,084 555 9154,"Room 296, Lentelus House, Stellenbosch, 7600"
21372771,Xaba,Kayla,2007-02-22,Female,kayla.xaba2771@student.example.ac.za,078 555 6094,"6 Ryneveld St, Stellenbosch, 7600"
26347527,Venter,Elri,2003-05-21,Female,elri.venter7527@student.example.ac.za,078 555 7739,"Room 301, Rozendal Lodge, Stellenbosch, 7600"
21761624,Molefe,Rohan,2003-02-08,Male,rohan.molefe1624@student.example.ac.za,079 555 7722,"Flat 5, 26 Neethling St, Stellenbosch, 7600"
27310427,Naidoo,Precious,2007-03-11,Female,precious.naidoo0427@student.example.ac.za,079 555 2164,"Room 239, Lentelus House, Stellenbosch, 7600"
27189704,Pather,Wian,2004-10-20,Male,wian.pather9704@student.example.ac.za,082 555 3219,"Room 112, Bergzicht Residence, Stellenbosch, 7600"
26375417,Coetzee,Sibusiso,2003-12-27,Male,sibusiso.coetzee5417@student.example.ac.za,079 555 9203,"Flat 18, 137 Andringa St, Stellenbosch, 7600"
26872994,Khumalo,Lindiwe,2003-02-03,Female,lindiwe.khumalo2994@student.example.ac.za,078 555 1556,"Room 370, Eikestad House, Stellenbosch, 7600"
27006593,Hendricks,Lerato,2006-02-02,Female,lerato.hendricks6593@student.example.ac.za,083 555 0372,"Flat 8, 9 Ryneveld St, Stellenbosch, 7600"
24678724,Engelbrecht,Precious,2005-10-18,Female,precious.engelbrecht8724@student.example.ac.za,083 555 8571,"72 Helshoogte Rd, Stellenbosch, 7600"
22233206,Malan,Fikile,2004-11-29,Male,fikile.malan3206@student.example.ac.za,084 555 2358,"Room 274, Lentelus House, Stellenbosch, 7600"
24527644,Dlamini,Imaan,2006-11-09,Female,imaan.dlamini7644@student.example.ac.za,076 555 1556,"87 Helshoogte Rd, Stellenbosch, 7600"
26668546,Van Wyk,Olivia,2005-12-08,Female,olivia.vanwyk8546@student.example.ac.za,079 555 3678,"Room 324, Kruispad Hall, Stellenbosch, 7600"
27198180,Pather,Callum,2008-08-06,Male,callum.pather8180@student.example.ac.za,060 555 6335,"3 Bird St, Stellenbosch, 7600"
26045680,Molefe,Jason,2003-12-30,Male,jason.molefe5680@student.example.ac.za,073 555 1863,"Room 167, Eikestad House, Stellenbosch, 7600"
21560821,Botha,Dineo,2007-09-25,Female,dineo.botha0821@student.example.ac.za,060 555 5812,"Flat 14, 135 Banghoek Rd, Stellenbosch, 7600"
22692470,Naidoo,Tiaan,2006-09-01,Male,tiaan.naidoo2470@student.example.ac.za,079 555 1772,"139 Dorp St, Stellenbosch, 7600"
21730805,Le Roux,Zinhle,2004-09-03,Female,zinhle.leroux0805@student.example.ac.za,060 555 4681,"Room 265, Oude Molen Hall, Stellenbosch, 7600"
23197060,Botha,Buhle,2005-09-22,Female,buhle.botha7060@student.example.ac.za,084 555 9299,"Flat 9, 57 Ryneveld St, Stellenbosch, 7600"
23135648,Petersen,Lerato,2004-12-28,Female,lerato.petersen5648@student.example.ac.za,082 555 4217,"Room 222, Eikestad House, Stellenbosch, 7600"
24970648,Hendricks,Hendrik,2004-09-17,Male,hendrik.hendricks0648@student.example.ac.za,083 555 6888,"Room 351, Lentelus House, Stellenbosch, 7600"
25384582,Van der Merwe,Sarah,2007-09-13,Female,sarah.vandermerwe4582@student.example.ac.za,076 555 2760,"Room 321, Simonsberg House, Stellenbosch, 7600"
23951065,Radebe,Callum,2006-04-20,Male,callum.radebe1065@student.example.ac.za,076 555 7473,"21 Banghoek Rd, Stellenbosch, 7600"
25777998,Naidoo,Themba,2003-05-30,Male,themba.naidoo7998@student.example.ac.za,076 555 9189,"158 Church St, Stellenbosch, 7600"
21088911,Govender,Anri,2003-01-10,Female,anri.govender8911@student.example.ac.za,072 555 9663,"Room 310, Bergzicht Residence, Stellenbosch, 7600"
24488450,Brits,Liezl,2003-03-04,Female,liezl.brits8450@student.example.ac.za,071 555 9905,"Room 168, Rozendal Lodge, Stellenbosch, 7600"
25337270,Lombard,Anri,2000-07-30,Female,anri.lombard7270@student.example.ac.za,082 555 6228,"Flat 20, 85 Victoria St, Stellenbosch, 7600"
26752269,Cele,Rohan,2006-09-24,Male,rohan.cele2269@student.example.ac.za,076 555 0950,"19 Church St, Stellenbosch, 7600"
26669490,Nkosi,Ian,2003-09-05,Male,ian.nkosi9490@student.example.ac.za,084 555 1298,"96 Dorp St, Stellenbosch, 7600"
27409189,Steyn,Kagiso,2004-10-31,Male,kagiso.steyn9189@student.example.ac.za,072 555 1520,"Room 183, Oude Molen Hall, Stellenbosch, 7600"
22569488,Sithole,Mandla,2006-02-06,Male,mandla.sithole9488@student.example.ac.za,079 555 6380,"Flat 5, 3 Adam Tas Rd, Stellenbosch, 7600"
27854450,Venter,Amahle,2006-03-31,Non-binary,amahle.venter4450@student.example.ac.za,082 555 0445,"Room 298, Rozendal Lodge, Stellenbosch, 7600"
25529093,Engelbrecht,Siya,2006-08-14,Male,siya.engelbrecht9093@student.example.ac.za,073 555 1325,"Room 119, Pniel Court, Stellenbosch, 7600"
25049417,Visser,Jason,2002-02-05,Male,jason.visser9417@student.example.ac.za,072 555 0951,"Room 172, Lentelus House, Stellenbosch, 7600"
23973584,Smit,Nomsa,2007-08-13,Female,nomsa.smit3584@student.example.ac.za,079 555 1234,"Flat 25, 101 Helshoogte Rd, Stellenbosch, 7600"
26758013,Nkosi,Zakhele,2004-06-30,Male,zakhele.nkosi8013@student.example.ac.za,082 555 4437,"Room 391, Oude Molen Hall, Stellenbosch, 7600"
21102545,Khumalo,Tshepo,2004-09-22,Male,tshepo.khumalo2545@student.example.ac.za,078 555 8782,"136 Plein St, Stellenbosch, 7600"
23259927,Mbeki,Francois,2000-12-16,Non-binary,francois.mbeki9927@student.example.ac.za,084 555 3055,"84 Neethling St, Stellenbosch, 7600"
27146249,Molefe,Bianca,2005-10-10,Female,bianca.molefe6249@student.example.ac.za,082 555 9916,"Room 384, Eikestad House, Stellenbosch, 7600"
25300455,Jansen,Olivia,2006-05-20,Female,olivia.jansen0455@student.example.ac.za,081 555 1200,"Room 171, Oude Molen Hall, Stellenbosch, 7600"
26679147,Venter,Zanele,2006-05-31,Female,zanele.venter9147@student.example.ac.za,084 555 6190,"68 Andringa St, Stellenbosch, 7600"
27038376,Williams,Xolani,2004-03-26,Male,xolani.williams8376@student.example.ac.za,083 555 5385,"Flat 12, 63 Plein St, Stellenbosch, 7600"
22820879,Meyer,Faith,2005-06-04,Female,faith.meyer0879@student.example.ac.za,071 555 2223,"Flat 18, 129 Plein St, Stellenbosch, 7600"
27988673,Nkosi,Thandi,2007-02-20,Female,thandi.nkosi8673@student.example.ac.za,081 555 3158,"Room 328, Oude Molen Hall, Stellenbosch, 7600"
27615880,Molefe,Elri,2004-01-17,Female,elri.molefe5880@student.example.ac.za,079 555 5594,"Room 386, Pniel Court, Stellenbosch, 7600"
23553228,Tshabalala,Nomsa,2004-06-02,Female,nomsa.tshabalala3228@student.example.ac.za,073 555 8332,"Room 365, Oude Molen Hall, Stellenbosch, 7600"
25668626,Du Plessis,Siya,2004-01-31,Male,siya.duplessis8626@student.example.ac.za,083 555 9135,"19 Merriman Ave, Stellenbosch, 7600"
25806152,Swanepoel,Callum,2005-11-28,Male,callum.swanepoel6152@student.example.ac.za,076 555 8378,"Flat 20, 148 Helshoogte Rd, Stellenbosch, 7600"
22122893,Malan,Aisha,2004-04-04,Female,aisha.malan2893@student.example.ac.za,081 555 6975,"139 Victoria St, Stellenbosch, 7600"
25664785,Molefe,Callum,2003-07-24,Male,callum.molefe4785@student.example.ac.za,081 555 6234,"Room 220, Oude Molen Hall, Stellenbosch, 7600"
26457052,Mbeki,Thabo,2005-03-16,Male,thabo.mbeki7052@student.example.ac.za,076 555 8841,"Room 160, Pniel Court, Stellenbosch, 7600"
24470260,Xaba,Thabo,2004-11-05,Male,thabo.xaba0260@student.example.ac.za,081 555 6297,"154 Helshoogte Rd, Stellenbosch, 7600"
25844239,Le Roux,Imaan,2004-08-09,Female,imaan.leroux4239@student.example.ac.za,071 555 4930,"Flat 26, 113 Victoria St, Stellenbosch, 7600"
23775280,Mokoena,Tumelo,2002-09-08,Female,tumelo.mokoena5280@student.example.ac.za,082 555 6167,"Flat 20, 120 Adam Tas Rd, Stellenbosch, 7600"
25508782,Sithole,Sarah,2003-12-22,Female,sarah.sithole8782@student.example.ac.za,083 555 8412,"Room 121, Simonsberg House, Stellenbosch, 7600"
24647843,Cele,Deon,2005-05-29,Non-binary,deon.cele7843@student.example.ac.za,073 555 3245,"139 Church St, Stellenbosch, 7600"
21161779,Mahlangu,Precious,2007-03-12,Female,precious.mahlangu1779@student.example.ac.za,071 555 0630,"29 Dorp St, Stellenbosch, 7600"
23512293,Coetzee,Gareth,2002-10-02,Male,gareth.coetzee2293@student.example.ac.za,078 555 0765,"Flat 21, 99 Helshoogte Rd, Stellenbosch, 7600"
23192127,Radebe,Nomsa,2001-08-21,Female,nomsa.radebe2127@student.example.ac.za,084 555 8218,"Flat 16, 94 Adam Tas Rd, Stellenbosch, 7600"
25345275,Pather,Carmen,2006-05-26,Female,carmen.pather5275@student.example.ac.za,073 555 4482,"Room 136, Oude Molen Hall, Stellenbosch, 7600"
26516686,Van Wyk,Riaan,2007-09-11,Male,riaan.vanwyk6686@student.example.ac.za,079 555 1652,"105 Merriman Ave, Stellenbosch, 7600"
24914246,Zulu,Imaan,2006-07-30,Female,imaan.zulu4246@student.example.ac.za,072 555 2262,"142 Plein St, Stellenbosch, 7600"
20788911,Ndlovu,Olivia,2008-07-30,Female,olivia.ndlovu8911@student.example.ac.za,076 555 7065,"2 Neethling St, Stellenbosch, 7600"
23758408,Mbeki,Precious,2005-02-19,Female,precious.mbeki8408@student.example.ac.za,060 555 4246,"Room 229, Oude Molen Hall, Stellenbosch, 7600"
22517573,Zulu,Kayla,2007-04-03,Female,kayla.zulu7573@student.example.ac.za,071 555 7169,"Room 354, Lentelus House, Stellenbosch, 7600"
27156268,Ndlovu,Imaan,2004-06-28,Female,imaan.ndlovu6268@student.example.ac.za,071 555 8247,"Room 132, Bergzicht Residence, Stellenbosch, 7600"
27018221,Lombard,Imaan,2004-09-25,Female,imaan.lombard8221@student.example.ac.za,060 555 1312,"Room 312, Oude Molen Hall, Stellenbosch, 7600"
24982608,Coetzee,Kagiso,2001-12-14,Male,kagiso.coetzee2608@student.example.ac.za,081 555 0553,"93 Adam Tas Rd, Stellenbosch, 7600"
26638934,Cele,Lindiwe,2004-06-29,Female,lindiwe.cele8934@student.example.ac.za,083 555 5859,"Room 260, Kruispad Hall, Stellenbosch, 7600"
20413819,Ndlovu,Xolani,2005-06-22,Male,xolani.ndlovu3819@student.example.ac.za,076 555 2862,"Flat 29, 40 Adam Tas Rd, Stellenbosch, 7600"
26077673,Engelbrecht,Carmen,2006-06-14,Female,carmen.engelbrecht7673@student.example.ac.za,081 555 8930,"Flat 4, 148 Andringa St, Stellenbosch, 7600"
23281938,Zulu,Thabo,2007-12-07,Male,thabo.zulu1938@student.example.ac.za,060 555 7748,"Room 220, Bergzicht Residence, Stellenbosch, 7600"
25188428,Pather,Aisha,2000-06-26,Female,aisha.pather8428@student.example.ac.za,079 555 3551,"51 Bird St, Stellenbosch, 7600"
21661472,Nkosi,Thabo,2006-04-12,Male,thabo.nkosi1472@student.example.ac.za,071 555 7448,"116 Victoria St, Stellenbosch, 7600"
26990498,Mbeki,Liezl,2007-12-22,Female,liezl.mbeki0498@student.example.ac.za,078 555 0791,"Room 270, Bergzicht Residence, Stellenbosch, 7600"
27783078,Dlamini,Fatima,2005-06-05,Female,fatima.dlamini3078@student.example.ac.za,076 555 9139,"133 Ryneveld St, Stellenbosch, 7600"
21225111,Pillay,Bheki,2006-04-13,Male,bheki.pillay5111@student.example.ac.za,082 555 1264,"Room 103, Pniel Court, Stellenbosch, 7600"
21300622,Visser,Brandon,2005-01-13,Male,brandon.visser0622@student.example.ac.za,081 555 2650,"Room 141, Eikestad House, Stellenbosch, 7600"
21049758,Swanepoel,Pieter,2003-06-20,Male,pieter.swanepoel9758@student.example.ac.za,078 555 5864,"Room 175, Pniel Court, Stellenbosch, 7600"
26266314,Brits,Hannah,2003-03-12,Female,hannah.brits6314@student.example.ac.za,079 555 5023,"141 Merriman Ave, Stellenbosch, 7600"
24254597,Mahlangu,Tumi,2005-03-02,Prefer not to say,tumi.mahlangu4597@student.example.ac.za,071 555 7746,"Room 273, Eikestad House, Stellenbosch, 7600"
22371467,Maharaj,Anele,2006-01-13,Female,anele.maharaj1467@student.example.ac.za,071 555 4400,"Room 289, Eikestad House, Stellenbosch, 7600"
22495835,Xaba,Jason,2006-11-11,Male,jason.xaba5835@student.example.ac.za,072 555 4110,"Room 406, Lentelus House, Stellenbosch, 7600"
24524341,Van Wyk,Anri,2006-04-02,Female,anri.vanwyk4341@student.example.ac.za,071 555 0193,"90 Victoria St, Stellenbosch, 7600"
22798835,Maharaj,Thandi,2005-12-04,Female,thandi.maharaj8835@student.example.ac.za,076 555 5806,"Flat 1, 132 Merriman Ave, Stellenbosch, 7600"
21418716,Venter,Dineo,2002-08-25,Non-binary,dineo.venter8716@student.example.ac.za,073 555 0771,"Room 204, Oude Molen Hall, Stellenbosch, 7600"
20325844,Dlamini,Chanel,2003-11-10,Female,chanel.dlamini5844@student.example.ac.za,078 555 3861,"3 Victoria St, Stellenbosch, 7600"
22301377,Fourie,Wian,2006-05-02,Male,wian.fourie1377@student.example.ac.za,081 555 2076,"16 Merriman Ave, Stellenbosch, 7600"
26862597,Brits,Pieter,2006-09-10,Male,pieter.brits2597@student.example.ac.za,073 555 8353,"90 Bird St, Stellenbosch, 7600"
26315762,Mokoena,Daniel,2004-09-26,Male,daniel.mokoena5762@student.example.ac.za,071 555 8388,"63 Bird St, Stellenbosch, 7600"
26998598,Mahlangu,Jason,2006-04-26,Male,jason.mahlangu8598@student.example.ac.za,081 555 7063,"Flat 9, 129 Victoria St, Stellenbosch, 7600"
24130887,Kruger,Zakhele,2004-11-02,Male,zakhele.kruger0887@student.example.ac.za,083 555 9949,"Room 377, Oude Molen Hall, Stellenbosch, 7600"
23025604,Malan,Faith,2004-09-23,Female,faith.malan5604@student.example.ac.za,076 555 2677,"Room 262, Kruispad Hall, Stellenbosch, 7600"
21982341,Jansen,Nkosana,2006-07-07,Male,nkosana.jansen2341@student.example.ac.za,073 555 6512,"Room 200, Lentelus House, Stellenbosch, 7600"
25566203,Lombard,Hannah,2003-05-10,Female,hannah.lombard6203@student.example.ac.za,071 555 6107,"Room 261, Kruispad Hall, Stellenbosch, 7600"
26890110,Ndlovu,Zinhle,2005-03-15,Female,zinhle.ndlovu0110@student.example.ac.za,083 555 7194,"Room 161, Kruispad Hall, Stellenbosch, 7600"
20459459,Coetzee,Bheki,2002-10-04,Male,bheki.coetzee9459@student.example.ac.za,071 555 6658,"Room 309, Pniel Court, Stellenbosch, 7600"
26148197,Ndlovu,Daniel,2005-12-25,Male,daniel.ndlovu8197@student.example.ac.za,073 555 2212,"Flat 27, 40 Adam Tas Rd, Stellenbosch, 7600"
22660803,Tshabalala,Kayla,2006-02-03,Female,kayla.tshabalala0803@student.example.ac.za,073 555 2089,"Room 153, Eikestad House, Stellenbosch, 7600"
27632015,Sithole,Deon,2001-06-20,Male,deon.sithole2015@student.example.ac.za,078 555 6591,"Room 205, Kruispad Hall, Stellenbosch, 7600"
20554106,Kruger,Liezl,2006-12-21,Female,liezl.kruger4106@student.example.ac.za,060 555 7018,"Flat 12, 150 Merriman Ave, Stellenbosch, 7600"
20335853,Jacobs,Nkosana,2006-05-13,Male,nkosana.jacobs5853@student.example.ac.za,071 555 6762,"Room 154, Eikestad House, Stellenbosch, 7600"
20065112,Mokoena,Tshepo,2007-11-13,Male,tshepo.mokoena5112@student.example.ac.za,076 555 5216,"34 Victoria St, Stellenbosch, 7600"
27645187,Lombard,Hendrik,2005-06-23,Male,hendrik.lombard5187@student.example.ac.za,072 555 9766,"145 Victoria St, Stellenbosch, 7600"
22046110,Zulu,Xolani,2004-10-05,Male,xolani.zulu6110@student.example.ac.za,071 555 1870,"Flat 18, 121 Banghoek Rd, Stellenbosch, 7600"
27862820,Dlamini,Liam,2000-06-14,Male,liam.dlamini2820@student.example.ac.za,082 555 6704,"Flat 2, 42 Adam Tas Rd, Stellenbosch, 7600"
20131564,Jansen,Dineo,2007-03-20,Female,dineo.jansen1564@student.example.ac.za,073 555 9838,"117 Helshoogte Rd, Stellenbosch, 7600"
25824455,Van Wyk,Xolani,2006-03-31,Male,xolani.vanwyk4455@student.example.ac.za,082 555 1861,"Room 226, Bergzicht Residence, Stellenbosch, 7600"
20245742,Nkosi,Tiaan,2001-04-09,Male,tiaan.nkosi5742@student.example.ac.za,078 555 4868,"Room 101, Lentelus House, Stellenbosch, 7600"
26228416,Nkosi,Liam,2008-05-05,Male,liam.nkosi8416@student.example.ac.za,084 555 6614,"Room 284, Eikestad House, Stellenbosch, 7600"
21810302,Pillay,Jaco,2003-02-04,Male,jaco.pillay0302@student.example.ac.za,060 555 1130,"Room 252, Eikestad House, Stellenbosch, 7600"
23092798,Ndlovu,Anri,2000-07-16,Female,anri.ndlovu2798@student.example.ac.za,081 555 1171,"86 Ryneveld St, Stellenbosch, 7600"
23930082,Pillay,Rohan,2004-11-10,Male,rohan.pillay0082@student.example.ac.za,060 555 2178,"Room 339, Kruispad Hall, Stellenbosch, 7600"
21218302,Botha,Palesa,2007-11-15,Female,palesa.botha8302@student.example.ac.za,076 555 7425,"Room 365, Lentelus House, Stellenbosch, 7600"
23400139,Xaba,Bheki,2004-07-30,Male,bheki.xaba0139@student.example.ac.za,060 555 1952,"Room 284, Bergzicht Residence, Stellenbosch, 7600"
21231400,Tshabalala,Nomsa,2008-05-15,Female,nomsa.tshabalala1400@student.example.ac.za,072 555 5817,"Room 255, Simonsberg House, Stellenbosch, 7600"
27455599,Olivier,Daniel,2004-05-24,Male,daniel.olivier5599@student.example.ac.za,079 555 0580,"Room 333, Simonsberg House, Stellenbosch, 7600"
20495427,Venter,Liezl,2005-06-12,Female,liezl.venter5427@student.example.ac.za,082 555 4620,"Room 374, Bergzicht Residence, Stellenbosch, 7600"
26447413,Govender,Zakhele,2003-06-28,Male,zakhele.govender7413@student.example.ac.za,071 555 7872,"Flat 15, 135 Neethling St, Stellenbosch, 7600"
23425826,Van der Merwe,Kabelo,2004-04-12,Male,kabelo.vandermerwe5826@student.example.ac.za,083 555 2388,"Flat 9, 136 Banghoek Rd, Stellenbosch, 7600"
21123285,Maharaj,Mandla,2006-04-25,Male,mandla.maharaj3285@student.example.ac.za,060 555 4870,"Flat 14, 58 Ryneveld St, Stellenbosch, 7600"
23046798,Du Plessis,Thandi,2007-03-11,Female,thandi.duplessis6798@student.example.ac.za,073 555 5643,"Room 104, Oude Molen Hall, Stellenbosch, 7600"
22890264,Kruger,Andile,2006-05-17,Male,andile.kruger0264@student.example.ac.za,078 555 3742,"Room 113, Rozendal Lodge, Stellenbosch, 7600"
21752371,Mokoena,Callum,2003-01-11,Male,callum.mokoena2371@student.example.ac.za,060 555 4217,"57 Banghoek Rd, Stellenbosch, 7600"
22298092,Brits,Siya,2007-07-15,Male,siya.brits8092@student.example.ac.za,060 555 1052,"141 Church St, Stellenbosch, 7600"
27334501,Swanepoel,Chloe,2005-07-17,Female,chloe.swanepoel4501@student.example.ac.za,071 555 8877,"159 Ryneveld St, Stellenbosch, 7600"
20310935,Hendricks,Mpho,2007-08-16,Male,mpho.hendricks0935@student.example.ac.za,084 555 5687,"Room 223, Oude Molen Hall, Stellenbosch, 7600"
27367977,Jansen,Kayla,2004-06-29,Female,kayla.jansen7977@student.example.ac.za,072 555 6558,"89 Ryneveld St, Stellenbosch, 7600"
22840636,Naidoo,Themba,2006-07-04,Male,themba.naidoo0636@student.example.ac.za,083 555 2834,"Room 244, Eikestad House, Stellenbosch, 7600"
20674208,Khumalo,Fatima,2005-08-12,Female,fatima.khumalo4208@student.example.ac.za,078 555 3598,"Room 396, Oude Molen Hall, Stellenbosch, 7600"
25641122,Fourie,Fatima,2006-08-03,Female,fatima.fourie1122@student.example.ac.za,072 555 4707,"88 Merriman Ave, Stellenbosch, 7600"
26059572,Coetzee,Brandon,2004-08-02,Male,brandon.coetzee9572@student.example.ac.za,084 555 2749,"60 Neethling St, Stellenbosch, 7600"
24905064,Swanepoel,Siya,2004-03-23,Male,siya.swanepoel5064@student.example.ac.za,079 555 1254,"Room 183, Rozendal Lodge, Stellenbosch, 7600"
20259302,Adams,Deon,2005-10-28,Male,deon.adams9302@student.example.ac.za,079 555 1899,"Room 382, Simonsberg House, Stellenbosch, 7600"
20453174,Jacobs,Liam,2004-08-04,Male,liam.jacobs3174@student.example.ac.za,071 555 2430,"Flat 10, 61 Neethling St, Stellenbosch, 7600"
23279398,Malan,Nomsa,2001-01-09,Female,nomsa.malan9398@student.example.ac.za,076 555 9415,"Room 200, Lentelus House, Stellenbosch, 7600"
24881434,Coetzee,Xolani,2003-02-19,Male,xolani.coetzee1434@student.example.ac.za,078 555 7982,"Room 367, Eikestad House, Stellenbosch, 7600"
25762323,Maharaj,Jana,2005-03-21,Female,jana.maharaj2323@student.example.ac.za,083 555 4592,"61 Adam Tas Rd, Stellenbosch, 7600"
27897144,Zulu,Karabo,2002-11-24,Female,karabo.zulu7144@student.example.ac.za,073 555 5769,"Room 250, Lentelus House, Stellenbosch, 7600"
23253603,Coetzee,Palesa,2001-03-15,Female,palesa.coetzee3603@student.example.ac.za,078 555 8487,"Room 300, Lentelus House, Stellenbosch, 7600"
23490651,Sithole,Elri,2004-06-28,Female,elri.sithole0651@student.example.ac.za,082 555 8672,"Flat 14, 80 Church St, Stellenbosch, 7600"
27958555,Kruger,Imaan,2006-01-02,Female,imaan.kruger8555@student.example.ac.za,060 555 9988,"66 Adam Tas Rd, Stellenbosch, 7600"
27625066,Pillay,Reanette,2007-05-15,Female,reanette.pillay5066@student.example.ac.za,072 555 5187,"Room 138, Kruispad Hall, Stellenbosch, 7600"
24417580,Petersen,Chloe,2003-09-06,Female,chloe.petersen7580@student.example.ac.za,083 555 7968,"Flat 12, 8 Victoria St, Stellenbosch, 7600"
24655233,Engelbrecht,Hendrik,2004-05-13,Male,hendrik.engelbrecht5233@student.example.ac.za,071 555 2105,"Room 121, Simonsberg House, Stellenbosch, 7600"
22786680,Jansen,Faith,2004-11-10,Female,faith.jansen6680@student.example.ac.za,072 555 2671,"60 Victoria St, Stellenbosch, 7600"
23074986,Radebe,Emma,2004-02-19,Female,emma.radebe4986@student.example.ac.za,084 555 3259,"113 Bird St, Stellenbosch, 7600"
21582035,Zulu,Fikile,2004-12-03,Male,fikile.zulu2035@student.example.ac.za,071 555 7307,"136 Neethling St, Stellenbosch, 7600"
20806792,Mahlangu,Faith,2003-09-21,Female,faith.mahlangu6792@student.example.ac.za,076 555 0012,"Room 415, Kruispad Hall, Stellenbosch, 7600"
23436150,Steyn,Zakhele,2003-10-26,Male,zakhele.steyn6150@student.example.ac.za,082 555 2018,"90 Helshoogte Rd, Stellenbosch, 7600"
21889205,Mahlangu,Liezl,2007-11-06,Female,liezl.mahlangu9205@student.example.ac.za,072 555 7905,"Room 295, Simonsberg House, Stellenbosch, 7600"
27753800,Visser,Tumi,2006-10-26,Non-binary,tumi.visser3800@student.example.ac.za,076 555 2821,"54 Dorp St, Stellenbosch, 7600"
22688135,Khumalo,Daniel,2007-08-30,Male,daniel.khumalo8135@student.example.ac.za,079 555 1695,"Room 369, Pniel Court, Stellenbosch, 7600"
27489566,Booysen,Nomsa,2006-06-17,Female,nomsa.booysen9566@student.example.ac.za,076 555 9111,"Room 128, Kruispad Hall, Stellenbosch, 7600"
27663621,Cele,Chanel,2005-06-08,Female,chanel.cele3621@student.example.ac.za,073 555 7682,"Flat 3, 136 Ryneveld St, Stellenbosch, 7600"
26829601,Pretorius,Lungile,2003-06-28,Male,lungile.pretorius9601@student.example.ac.za,072 555 4915,"31 Merriman Ave, Stellenbosch, 7600"
26797778,Coetzee,Gugu,2007-02-09,Female,gugu.coetzee7778@student.example.ac.za,076 555 0384,"Room 103, Pniel Court, Stellenbosch, 7600"
24707558,Pather,Gugu,2005-07-21,Female,gugu.pather7558@student.example.ac.za,084 555 7679,"Room 199, Eikestad House, Stellenbosch, 7600"
22880229,Kruger,Olivia,2004-11-04,Female,olivia.kruger0229@student.example.ac.za,076 555 0940,"Flat 6, 28 Church St, Stellenbosch, 7600"
21449795,Govender,Mandla,2007-04-27,Male,mandla.govender9795@student.example.ac.za,084 555 7127,"16 Neethling St, Stellenbosch, 7600"
22098543,Van Wyk,Zoe,2004-06-16,Female,zoe.vanwyk8543@student.example.ac.za,078 555 1084,"Room 268, Oude Molen Hall, Stellenbosch, 7600"
20055270,Naidoo,Ethan,2002-01-17,Male,ethan.naidoo5270@student.example.ac.za,071 555 8876,"Room 138, Eikestad House, Stellenbosch, 7600"
25363208,Booysen,Hannah,2006-05-15,Female,hannah.booysen3208@student.example.ac.za,060 555 4466,"131 Bird St, Stellenbosch, 7600"
27628944,Pretorius,Daniel,2007-05-01,Male,daniel.pretorius8944@student.example.ac.za,082 555 3678,"Room 140, Eikestad House, Stellenbosch, 7600"
27493304,Radebe,Fatima,2001-09-26,Female,fatima.radebe3304@student.example.ac.za,083 555 1651,"Room 147, Bergzicht Residence, Stellenbosch, 7600"
24247151,Nkosi,Nomsa,2004-06-11,Female,nomsa.nkosi7151@student.example.ac.za,078 555 1579,"Room 182, Kruispad Hall, Stellenbosch, 7600"
21713570,Malan,Imaan,2003-12-02,Female,imaan.malan3570@student.example.ac.za,083 555 2633,"Flat 7, 136 Banghoek Rd, Stellenbosch, 7600"
23754268,Van Wyk,Fikile,2007-06-22,Male,fikile.vanwyk4268@student.example.ac.za,083 555 1295,"Room 397, Eikestad House, Stellenbosch, 7600"
24846034,Zulu,Jaco,2006-12-18,Male,jaco.zulu6034@student.example.ac.za,083 555 8755,"Flat 20, 105 Andringa St, Stellenbosch, 7600"
21615989,Malan,Palesa,2006-06-22,Female,palesa.malan5989@student.example.ac.za,081 555 2918,"Flat 19, 57 Merriman Ave, Stellenbosch, 7600"
25419600,Khumalo,Ethan,2006-07-19,Male,ethan.khumalo9600@student.example.ac.za,060 555 4030,"Room 357, Bergzicht Residence, Stellenbosch, 7600"
24428438,Sithole,Mpho,2005-07-21,Male,mpho.sithole8438@student.example.ac.za,084 555 0965,"120 Neethling St, Stellenbosch, 7600"
21181897,Coetzee,Tiaan,2001-04-06,Male,tiaan.coetzee1897@student.example.ac.za,083 555 3542,"Flat 3, 153 Bird St, Stellenbosch, 7600"
20970524,Jacobs,Reanette,2006-08-11,Female,reanette.jacobs0524@student.example.ac.za,078 555 5014,"74 Banghoek Rd, Stellenbosch, 7600"
22758687,Tshabalala,Yusuf,2003-06-04,Male,yusuf.tshabalala8687@student.example.ac.za,082 555 7683,"102 Neethling St, Stellenbosch, 7600"
20394111,Radebe,Andile,2008-04-21,Male,andile.radebe4111@student.example.ac.za,084 555 8344,"145 Ryneveld St, Stellenbosch, 7600"
23195860,Swanepoel,Tiaan,2002-11-06,Male,tiaan.swanepoel5860@student.example.ac.za,084 555 5862,"Flat 21, 48 Ryneveld St, Stellenbosch, 7600"
25486237,Van der Merwe,Precious,2005-05-01,Female,precious.vandermerwe6237@student.example.ac.za,060 555 4158,"2 Dorp St, Stellenbosch, 7600"
24143590,Mbeki,Anri,2004-02-29,Female,anri.mbeki3590@student.example.ac.za,079 555 9293,"Room 316, Kruispad Hall, Stellenbosch, 7600"
27893649,Steyn,Zinhle,2005-06-29,Female,zinhle.steyn3649@student.example.ac.za,082 555 2340,"Room 201, Bergzicht Residence, Stellenbosch, 7600"
26788114,Hendricks,Wian,2006-07-03,Male,wian.hendricks8114@student.example.ac.za,072 555 9681,"Room 163, Bergzicht Residence, Stellenbosch, 7600"
27467143,Kruger,Kabelo,2005-09-30,Male,kabelo.kruger7143@student.example.ac.za,081 555 2094,"Flat 25, 14 Helshoogte Rd, Stellenbosch, 7600"
24174208,Petersen,Kayla,2004-01-02,Female,kayla.petersen4208@student.example.ac.za,078 555 0236,"Room 112, Pniel Court, Stellenbosch, 7600"
22516857,Hendricks,Zakhele,2000-08-29,Male,zakhele.hendricks6857@student.example.ac.za,073 555 9001,"Room 414, Eikestad House, Stellenbosch, 7600"
24525555,Xaba,Chloe,2003-11-06,Female,chloe.xaba5555@student.example.ac.za,073 555 1479,"Room 104, Simonsberg House, Stellenbosch, 7600"
27701716,Pretorius,Ian,2006-09-25,Male,ian.pretorius1716@student.example.ac.za,072 555 7585,"Room 343, Lentelus House, Stellenbosch, 7600"
23015454,Molefe,Kayla,2007-04-19,Female,kayla.molefe5454@student.example.ac.za,060 555 7828,"Room 159, Simonsberg House, Stellenbosch, 7600"
25929997,Steyn,Ian,2006-11-02,Male,ian.steyn9997@student.example.ac.za,084 555 6160,"Room 343, Pniel Court, Stellenbosch, 7600"
23169717,Swanepoel,Thabo,2001-08-07,Male,thabo.swanepoel9717@student.example.ac.za,060 555 8203,"Room 308, Eikestad House, Stellenbosch, 7600"
26224387,Ndlovu,Chanel,2002-11-28,Female,chanel.ndlovu4387@student.example.ac.za,079 555 7635,"115 Plein St, Stellenbosch, 7600"
26349007,Zulu,Gareth,2006-06-21,Male,gareth.zulu9007@student.example.ac.za,071 555 1472,"Flat 18, 46 Banghoek Rd, Stellenbosch, 7600"
25496646,Smit,Bheki,2002-05-09,Male,bheki.smit6646@student.example.ac.za,083 555 3121,"Room 180, Eikestad House, Stellenbosch, 7600"
24847455,Malan,Mpho,2003-01-29,Male,mpho.malan7455@student.example.ac.za,081 555 8801,"Flat 26, 10 Dorp St, Stellenbosch, 7600"
23593036,Sithole,Lerato,2005-12-29,Female,lerato.sithole3036@student.example.ac.za,081 555 8461,"Room 120, Bergzicht Residence, Stellenbosch, 7600"
21619670,Govender,Chanel,2005-09-17,Female,chanel.govender9670@student.example.ac.za,072 555 2888,"10 Adam Tas Rd, Stellenbosch, 7600"
27564751,Mbeki,Nomsa,2002-11-27,Female,nomsa.mbeki4751@student.example.ac.za,071 555 7751,"Room 354, Lentelus House, Stellenbosch, 7600"
24804909,Petersen,Jason,2007-07-18,Male,jason.petersen4909@student.example.ac.za,082 555 2756,"Room 144, Kruispad Hall, Stellenbosch, 7600"
25246877,Adams,Zanele,2004-07-27,Female,zanele.adams6877@student.example.ac.za,060 555 1905,"Flat 19, 17 Andringa St, Stellenbosch, 7600"
21674577,Xaba,Precious,2007-04-24,Female,precious.xaba4577@student.example.ac.za,073 555 2297,"Flat 2, 96 Bird St, Stellenbosch, 7600"
20391965,Petersen,Sibusiso,2006-08-10,Male,sibusiso.petersen1965@student.example.ac.za,078 555 9498,"46 Church St, Stellenbosch, 7600"
23698380,Le Roux,Jaco,2006-07-15,Male,jaco.leroux8380@student.example.ac.za,076 555 1915,"Room 165, Rozendal Lodge, Stellenbosch, 7600"
27049042,Pretorius,Zinhle,2006-03-25,Female,zinhle.pretorius9042@student.example.ac.za,072 555 7179,"Flat 8, 43 Church St, Stellenbosch, 7600"
21932139,Swanepoel,Brandon,2006-05-28,Male,brandon.swanepoel2139@student.example.ac.za,083 555 6563,"111 Merriman Ave, Stellenbosch, 7600"
23392951,Coetzee,Anri,2005-04-02,Non-binary,anri.coetzee2951@student.example.ac.za,073 555 9865,"64 Merriman Ave, Stellenbosch, 7600"
22896744,Zulu,Aisha,2000-01-16,Female,aisha.zulu6744@student.example.ac.za,072 555 2172,"Room 349, Oude Molen Hall, Stellenbosch, 7600"
26952413,Brits,Sarah,2002-05-28,Female,sarah.brits2413@student.example.ac.za,079 555 7740,"Flat 19, 38 Merriman Ave, Stellenbosch, 7600"
20817770,Van Wyk,Faith,2004-06-09,Female,faith.vanwyk7770@student.example.ac.za,083 555 9666,"Flat 3, 75 Plein St, Stellenbosch, 7600"
23451293,Petersen,Nomsa,2006-10-18,Female,nomsa.petersen1293@student.example.ac.za,071 555 1003,"Room 349, Eikestad House, Stellenbosch, 7600"
27124119,Zulu,Zinhle,2001-12-01,Female,zinhle.zulu4119@student.example.ac.za,082 555 4806,"Room 235, Rozendal Lodge, Stellenbosch, 7600"
23391816,Smit,Ashwin,2006-09-28,Male,ashwin.smit1816@student.example.ac.za,083 555 0248,"106 Ryneveld St, Stellenbosch, 7600"
20887249,Du Plessis,Fatima,2000-04-12,Female,fatima.duplessis7249@student.example.ac.za,078 555 0194,"Flat 26, 50 Helshoogte Rd, Stellenbosch, 7600"
24374435,Govender,Pieter,2006-06-02,Male,pieter.govender4435@student.example.ac.za,083 555 2686,"80 Bird St, Stellenbosch, 7600"
24794688,Olivier,Hendrik,2004-04-12,Male,hendrik.olivier4688@student.example.ac.za,072 555 4257,"116 Neethling St, Stellenbosch, 7600"
22984334,Steyn,Megan,2003-12-07,Female,megan.steyn4334@student.example.ac.za,060 555 4321,"Flat 14, 48 Andringa St, Stellenbosch, 7600"
22561406,Ndlovu,Jaco,2007-05-17,Male,jaco.ndlovu1406@student.example.ac.za,073 555 1534,"Room 415, Pniel Court, Stellenbosch, 7600"
25245231,Xaba,Ian,2005-06-29,Male,ian.xaba5231@student.example.ac.za,081 555 2945,"Flat 24, 146 Merriman Ave, Stellenbosch, 7600"
23013914,Kruger,Wian,2003-06-30,Male,wian.kruger3914@student.example.ac.za,079 555 3547,"Flat 17, 92 Helshoogte Rd, Stellenbosch, 7600"
22562989,Molefe,Kagiso,2005-07-04,Male,kagiso.molefe2989@student.example.ac.za,079 555 5987,"Room 167, Simonsberg House, Stellenbosch, 7600"
22955048,Botha,Brandon,2007-06-09,Male,brandon.botha5048@student.example.ac.za,071 555 0330,"Room 297, Pniel Court, Stellenbosch, 7600"
27098248,Van der Merwe,Nomsa,2001-06-04,Female,nomsa.vandermerwe8248@student.example.ac.za,078 555 9618,"Room 273, Lentelus House, Stellenbosch, 7600"
27418381,Zulu,Mandla,2004-10-07,Male,mandla.zulu8381@student.example.ac.za,071 555 2385,"Room 183, Kruispad Hall, Stellenbosch, 7600"
23663629,Tshabalala,Liezl,2006-05-05,Female,liezl.tshabalala3629@student.example.ac.za,081 555 5956,"36 Neethling St, Stellenbosch, 7600"
20937219,Engelbrecht,Gareth,2006-01-03,Male,gareth.engelbrecht7219@student.example.ac.za,078 555 0817,"Flat 26, 158 Ryneveld St, Stellenbosch, 7600"
26653193,Xaba,Callum,2005-07-07,Male,callum.xaba3193@student.example.ac.za,079 555 4842,"Flat 29, 46 Andringa St, Stellenbosch, 7600"
26291296,Molefe,Pieter,2006-10-24,Male,pieter.molefe1296@student.example.ac.za,079 555 6065,"Room 373, Bergzicht Residence, Stellenbosch, 7600"
20298088,Du Plessis,Elri,2004-07-04,Female,elri.duplessis8088@student.example.ac.za,081 555 8064,"Room 412, Simonsberg House, Stellenbosch, 7600"
27530021,Mokoena,Gugu,2006-07-12,Female,gugu.mokoena0021@student.example.ac.za,084 555 6839,"54 Neethling St, Stellenbosch, 7600"
26332287,Mokoena,Sarah,2005-02-11,Female,sarah.mokoena2287@student.example.ac.za,082 555 7389,"Room 338, Oude Molen Hall, Stellenbosch, 7600"
24033346,Booysen,Zanele,2005-07-21,Female,zanele.booysen3346@student.example.ac.za,083 555 5614,"105 Plein St, Stellenbosch, 7600"
25586101,Mokoena,Sibusiso,2006-01-16,Male,sibusiso.mokoena6101@student.example.ac.za,082 555 9673,"Room 418, Bergzicht Residence, Stellenbosch, 7600"
21155147,Naidoo,Imaan,2005-07-04,Female,imaan.naidoo5147@student.example.ac.za,083 555 1616,"Room 152, Lentelus House, Stellenbosch, 7600"
21076701,Ndlovu,Ian,2005-10-29,Male,ian.ndlovu6701@student.example.ac.za,082 555 4730,"Flat 9, 21 Plein St, Stellenbosch, 7600"
26775203,Kruger,Hannah,2007-12-09,Female,hannah.kruger5203@student.example.ac.za,076 555 5807,"Flat 4, 19 Neethling St, Stellenbosch, 7600"
20985373,Nel,Ian,2007-12-11,Male,ian.nel5373@student.example.ac.za,073 555 2250,"Room 215, Eikestad House, Stellenbosch, 7600"
22336729,Coetzee,Sarah,2005-02-07,Female,sarah.coetzee6729@student.example.ac.za,083 555 3483,"4 Plein St, Stellenbosch, 7600"
21431755,Naidoo,Daniel,2004-11-20,Male,daniel.naidoo1755@student.example.ac.za,060 555 6006,"Flat 3, 12 Banghoek Rd, Stellenbosch, 7600"
20391931,Mokoena,Emma,2006-03-13,Female,emma.mokoena1931@student.example.ac.za,081 555 4076,"Flat 27, 2 Adam Tas Rd, Stellenbosch, 7600"
21009632,Naidoo,Jason,2007-07-05,Male,jason.naidoo9632@student.example.ac.za,078 555 9084,"Flat 10, 77 Andringa St, Stellenbosch, 7600"
20037549,Le Roux,Neo,2006-09-20,Male,neo.leroux7549@student.example.ac.za,076 555 2695,"Room 172, Pniel Court, Stellenbosch, 7600"
20147810,Malan,Sarah,2007-02-02,Female,sarah.malan7810@student.example.ac.za,082 555 2927,"Room 138, Kruispad Hall, Stellenbosch, 7600"
24728201,Pillay,Amahle,2007-11-16,Female,amahle.pillay8201@student.example.ac.za,081 555 6441,"Room 311, Oude Molen Hall, Stellenbosch, 7600"
23815368,Sithole,Olivia,2001-06-23,Female,olivia.sithole5368@student.example.ac.za,083 555 8370,"Room 372, Eikestad House, Stellenbosch, 7600"
21677578,Swanepoel,Jason,2004-07-23,Male,jason.swanepoel7578@student.example.ac.za,084 555 9684,"53 Ryneveld St, Stellenbosch, 7600"
21209412,Le Roux,Kayla,2002-03-27,Female,kayla.leroux9412@student.example.ac.za,078 555 4203,"Flat 1, 141 Andringa St, Stellenbosch, 7600"
22350118,Coetzee,Neo,2007-12-12,Male,neo.coetzee0118@student.example.ac.za,072 555 5705,"75 Andringa St, Stellenbosch, 7600"
20744419,Smit,Tiaan,2006-12-15,Male,tiaan.smit4419@student.example.ac.za,073 555 6863,"62 Church St, Stellenbosch, 7600"
26854440,Sithole,Rohan,2004-02-22,Male,rohan.sithole4440@student.example.ac.za,084 555 4086,"108 Ryneveld St, Stellenbosch, 7600"
24223661,Mbeki,Callum,2003-07-20,Male,callum.mbeki3661@student.example.ac.za,071 555 7081,"Room 394, Oude Molen Hall, Stellenbosch, 7600"
22132207,Naidoo,Tiaan,2007-11-03,Male,tiaan.naidoo2207@student.example.ac.za,076 555 2945,"145 Merriman Ave, Stellenbosch, 7600"
22868777,Nel,Zinhle,2004-12-26,Female,zinhle.nel8777@student.example.ac.za,084 555 0942,"Flat 28, 120 Victoria St, Stellenbosch, 7600"
24153495,Adams,Kabelo,2002-10-25,Male,kabelo.adams3495@student.example.ac.za,071 555 5640,"Room 170, Pniel Court, Stellenbosch, 7600"
24033328,Mokoena,Zakhele,2007-05-10,Male,zakhele.mokoena3328@student.example.ac.za,081 555 5286,"137 Helshoogte Rd, Stellenbosch, 7600"
22311923,Lombard,Alex,2003-04-09,Non-binary,alex.lombard1923@student.example.ac.za,071 555 0757,"Room 317, Lentelus House, Stellenbosch, 7600"
21801976,Smit,Fatima,2004-04-04,Female,fatima.smit1976@student.example.ac.za,083 555 8624,"Flat 7, 67 Ryneveld St, Stellenbosch, 7600"
22659927,Pillay,Carmen,2004-06-10,Female,carmen.pillay9927@student.example.ac.za,083 555 5886,"Room 267, Simonsberg House, Stellenbosch, 7600"
27711698,Jansen,Ashwin,2005-07-03,Male,ashwin.jansen1698@student.example.ac.za,076 555 6536,"94 Plein St, Stellenbosch, 7600"
21492179,Lombard,Riaan,2006-08-14,Male,riaan.lombard2179@student.example.ac.za,078 555 2454,"Room 264, Rozendal Lodge, Stellenbosch, 7600"
23525445,Adams,Chloe,2007-04-13,Female,chloe.adams5445@student.example.ac.za,083 555 2017,"Room 102, Lentelus House, Stellenbosch, 7600"
27501486,Olivier,Ethan,2007-03-15,Male,ethan.olivier1486@student.example.ac.za,083 555 2316,"Room 356, Kruispad Hall, Stellenbosch, 7600"
26702377,Malan,Maya,2005-02-07,Female,maya.malan2377@student.example.ac.za,081 555 2103,"103 Ryneveld St, Stellenbosch, 7600"
22948312,Fourie,Hannah,2005-08-20,Female,hannah.fourie8312@student.example.ac.za,082 555 5838,"Room 170, Rozendal Lodge, Stellenbosch, 7600"
26692518,Van Wyk,Gareth,2002-06-04,Male,gareth.vanwyk2518@student.example.ac.za,082 555 0503,"Room 319, Eikestad House, Stellenbosch, 7600"
24308918,Pretorius,Francois,2007-12-04,Male,francois.pretorius8918@student.example.ac.za,081 555 5171,"Room 162, Eikestad House, Stellenbosch, 7600"
24078655,Sithole,Bheki,2005-09-03,Male,bheki.sithole8655@student.example.ac.za,072 555 3384,"Room 242, Pniel Court, Stellenbosch, 7600"
24600219,Pather,Palesa,2004-03-08,Female,palesa.pather0219@student.example.ac.za,081 555 6658,"Flat 9, 34 Plein St, Stellenbosch, 7600"
25390037,Fourie,Thandi,2006-10-08,Female,thandi.fourie0037@student.example.ac.za,084 555 6970,"Room 250, Lentelus House, Stellenbosch, 7600"
27413084,Van der Merwe,Chanel,2007-06-05,Female,chanel.vandermerwe3084@student.example.ac.za,082 555 7678,"105 Banghoek Rd, Stellenbosch, 7600"
20192041,Govender,Zanele,2005-01-29,Female,zanele.govender2041@student.example.ac.za,084 555 4832,"Room 203, Oude Molen Hall, Stellenbosch, 7600"
20264575,Pretorius,Carmen,2004-05-29,Female,carmen.pretorius4575@student.example.ac.za,078 555 9087,"Flat 21, 34 Church St, Stellenbosch, 7600"
22158874,Nkosi,Maya,2003-05-12,Female,maya.nkosi8874@student.example.ac.za,084 555 3492,"Room 257, Rozendal Lodge, Stellenbosch, 7600"
22455601,Mahlangu,Anele,2002-03-21,Female,anele.mahlangu5601@student.example.ac.za,073 555 5207,"Room 124, Kruispad Hall, Stellenbosch, 7600"
22434738,Molefe,Thabo,2007-05-11,Male,thabo.molefe4738@student.example.ac.za,060 555 6368,"Room 345, Simonsberg House, Stellenbosch, 7600"
21972047,Van Wyk,Anele,2003-02-08,Female,anele.vanwyk2047@student.example.ac.za,079 555 2257,"44 Adam Tas Rd, Stellenbosch, 7600"
20528305,Smit,Nomsa,2006-04-27,Female,nomsa.smit8305@student.example.ac.za,079 555 3975,"Room 194, Kruispad Hall, Stellenbosch, 7600"
23523206,Zulu,Sarah,2006-05-27,Female,sarah.zulu3206@student.example.ac.za,079 555 8656,"Room 304, Rozendal Lodge, Stellenbosch, 7600"
27118069,Mbeki,Olivia,2005-02-16,Female,olivia.mbeki8069@student.example.ac.za,076 555 1803,"78 Ryneveld St, Stellenbosch, 7600"
24973192,Visser,Faith,2002-07-07,Female,faith.visser3192@student.example.ac.za,071 555 3588,"41 Bird St, Stellenbosch, 7600"
24115775,Nel,Andile,2005-07-06,Male,andile.nel5775@student.example.ac.za,071 555 3793,"Flat 29, 150 Ryneveld St, Stellenbosch, 7600"
21186384,Olivier,Neo,2000-09-27,Male,neo.olivier6384@student.example.ac.za,076 555 5014,"Flat 3, 56 Merriman Ave, Stellenbosch, 7600"
23173513,Khumalo,Olivia,2005-05-15,Female,olivia.khumalo3513@student.example.ac.za,083 555 9242,"Flat 7, 134 Neethling St, Stellenbosch, 7600"
21016145,Pretorius,Christiaan,2002-04-15,Male,christiaan.pretorius6145@student.example.ac.za,060 555 9429,"61 Helshoogte Rd, Stellenbosch, 7600"
24310340,Hendricks,Siya,2004-07-07,Male,siya.hendricks0340@student.example.ac.za,083 555 0834,"Room 139, Pniel Court, Stellenbosch, 7600"
23113974,Xaba,Megan,2000-05-26,Female,megan.xaba3974@student.example.ac.za,078 555 8107,"Room 302, Kruispad Hall, Stellenbosch, 7600"
26451108,Pretorius,Karabo,2000-05-03,Female,karabo.pretorius1108@student.example.ac.za,082 555 8165,"92 Neethling St, Stellenbosch, 7600"
27176806,Fourie,Christiaan,2002-01-25,Male,christiaan.fourie6806@student.example.ac.za,083 555 9787,"21 Andringa St, Stellenbosch, 7600"
21915050,Mokoena,Nomsa,2003-12-31,Female,nomsa.mokoena5050@student.example.ac.za,072 555 0892,"Room 168, Bergzicht Residence, Stellenbosch, 7600"
27538944,Nel,Amahle,2007-05-01,Female,amahle.nel8944@student.example.ac.za,076 555 2909,"Room 402, Kruispad Hall, Stellenbosch, 7600"
25418689,Pather,Anri,2004-04-23,Female,anri.pather8689@student.example.ac.za,073 555 8740,"Flat 14, 61 Bird St, Stellenbosch, 7600"
25536538,Williams,Hendrik,2007-06-29,Male,hendrik.williams6538@student.example.ac.za,083 555 4671,"79 Andringa St, Stellenbosch, 7600"
25206008,Engelbrecht,Yusuf,2001-12-07,Male,yusuf.engelbrecht6008@student.example.ac.za,083 555 1379,"Room 333, Eikestad House, Stellenbosch, 7600"
23090927,Petersen,Jaco,2003-08-28,Male,jaco.petersen0927@student.example.ac.za,084 555 0467,"Room 148, Eikestad House, Stellenbosch, 7600"
24218283,Meyer,Rohan,2006-01-03,Male,rohan.meyer8283@student.example.ac.za,081 555 2158,"134 Dorp St, Stellenbosch, 7600"
25896737,Petersen,Deon,2004-02-28,Male,deon.petersen6737@student.example.ac.za,060 555 3267,"Room 369, Bergzicht Residence, Stellenbosch, 7600"
27696999,Naidoo,Ian,2005-06-30,Male,ian.naidoo6999@student.example.ac.za,083 555 2847,"123 Victoria St, Stellenbosch, 7600"
21885982,Dlamini,Jason,2007-12-10,Male,jason.dlamini5982@student.example.ac.za,084 555 9640,"Room 188, Kruispad Hall, Stellenbosch, 7600"
25517938,Sithole,Zinhle,2008-05-22,Female,zinhle.sithole7938@student.example.ac.za,078 555 9678,"Room 345, Bergzicht Residence, Stellenbosch, 7600"
25849489,Molefe,Nkosana,2006-05-27,Male,nkosana.molefe9489@student.example.ac.za,079 555 4816,"Flat 6, 64 Church St, Stellenbosch, 7600"
23736681,Sithole,Dineo,2005-12-13,Female,dineo.sithole6681@student.example.ac.za,078 555 5803,"29 Dorp St, Stellenbosch, 7600"
21611858,Zulu,Kagiso,2001-06-21,Male,kagiso.zulu1858@student.example.ac.za,073 555 1537,"63 Neethling St, Stellenbosch, 7600"
26697734,Van Wyk,Themba,2003-07-11,Male,themba.vanwyk7734@student.example.ac.za,073 555 4809,"Room 282, Pniel Court, Stellenbosch, 7600"
25688532,Ndlovu,Fatima,2004-05-09,Female,fatima.ndlovu8532@student.example.ac.za,076 555 6794,"Flat 14, 130 Dorp St, Stellenbosch, 7600"
21530955,Naidoo,Chloe,2003-04-12,Female,chloe.naidoo0955@student.example.ac.za,072 555 2464,"53 Helshoogte Rd, Stellenbosch, 7600"
20649037,Nkosi,Andile,2007-10-25,Male,andile.nkosi9037@student.example.ac.za,073 555 1036,"Room 188, Pniel Court, Stellenbosch, 7600"
27322876,Xaba,Zoe,2005-12-08,Female,zoe.xaba2876@student.example.ac.za,081 555 4825,"Room 266, Kruispad Hall, Stellenbosch, 7600"
25746176,Booysen,Maya,2003-12-10,Female,maya.booysen6176@student.example.ac.za,071 555 9267,"142 Plein St, Stellenbosch, 7600"
26635916,Malan,Thabo,2003-02-27,Male,thabo.malan5916@student.example.ac.za,076 555 6965,"3 Adam Tas Rd, Stellenbosch, 7600"
27088801,Smit,Precious,2006-09-30,Female,precious.smit8801@student.example.ac.za,078 555 9469,"5 Andringa St, Stellenbosch, 7600"
21012053,Williams,Thabo,2004-10-28,Male,thabo.williams2053@student.example.ac.za,082 555 0493,"57 Banghoek Rd, Stellenbosch, 7600"
24123609,Sithole,Zoe,2003-12-29,Female,zoe.sithole3609@student.example.ac.za,083 555 7432,"Room 127, Rozendal Lodge, Stellenbosch, 7600"
26577194,Pather,Christiaan,2005-09-22,Male,christiaan.pather7194@student.example.ac.za,071 555 3011,"Room 172, Simonsberg House, Stellenbosch, 7600"
24382977,Engelbrecht,Thandi,2005-05-29,Female,thandi.engelbrecht2977@student.example.ac.za,079 555 1953,"Room 366, Oude Molen Hall, Stellenbosch, 7600"
23265843,Cele,Zakhele,2004-12-11,Male,zakhele.cele5843@student.example.ac.za,060 555 8398,"18 Adam Tas Rd, Stellenbosch, 7600"
20466411,Sithole,Zanele,2005-08-14,Female,zanele.sithole6411@student.example.ac.za,076 555 5083,"Room 319, Kruispad Hall, Stellenbosch, 7600"
20385902,Malan,Thabo,2004-04-19,Male,thabo.malan5902@student.example.ac.za,060 555 5555,"Room 157, Bergzicht Residence, Stellenbosch, 7600"
23260481,Van der Merwe,Bianca,2005-06-30,Female,bianca.vandermerwe0481@student.example.ac.za,072 555 5421,"Room 132, Lentelus House, Stellenbosch, 7600"
25365557,Molefe,Rohan,2002-07-10,Male,rohan.molefe5557@student.example.ac.za,076 555 7390,"137 Ryneveld St, Stellenbosch, 7600"
26376874,Ndlovu,Nomsa,2004-04-06,Female,nomsa.ndlovu6874@student.example.ac.za,076 555 8318,"Room 214, Lentelus House, Stellenbosch, 7600"
20383922,Naidoo,Bianca,2004-12-15,Female,bianca.naidoo3922@student.example.ac.za,083 555 3154,"Flat 1, 20 Bird St, Stellenbosch, 7600"
22213958,Williams,Jana,2005-02-19,Female,jana.williams3958@student.example.ac.za,079 555 2746,"Flat 2, 47 Plein St, Stellenbosch, 7600"
20811772,Radebe,Deon,2002-03-09,Male,deon.radebe1772@student.example.ac.za,076 555 2032,"Flat 3, 71 Plein St, Stellenbosch, 7600"
23902005,Adams,Tumelo,2003-09-01,Female,tumelo.adams2005@student.example.ac.za,084 555 9802,"118 Andringa St, Stellenbosch, 7600"
21131809,Du Plessis,Daniel,2006-06-21,Male,daniel.duplessis1809@student.example.ac.za,079 555 3834,"Flat 15, 32 Helshoogte Rd, Stellenbosch, 7600"
20540603,Radebe,Callum,2007-11-17,Male,callum.radebe0603@student.example.ac.za,073 555 3817,"Room 335, Simonsberg House, Stellenbosch, 7600"
20446030,Cele,Anri,2006-12-30,Female,anri.cele6030@student.example.ac.za,072 555 3089,"96 Ryneveld St, Stellenbosch, 7600"
23221414,Meyer,Deon,2003-12-21,Male,deon.meyer1414@student.example.ac.za,082 555 0031,"Room 350, Simonsberg House, Stellenbosch, 7600"
27803838,Maharaj,Andile,2002-01-26,Male,andile.maharaj3838@student.example.ac.za,082 555 3270,"133 Ryneveld St, Stellenbosch, 7600"
23964777,Ndlovu,Ethan,2005-06-09,Male,ethan.ndlovu4777@student.example.ac.za,078 555 6048,"Flat 14, 54 Merriman Ave, Stellenbosch, 7600"
23829416,Zulu,Palesa,2005-07-08,Female,palesa.zulu9416@student.example.ac.za,084 555 8977,"Room 104, Bergzicht Residence, Stellenbosch, 7600"
26267152,Meyer,Ethan,2001-09-10,Male,ethan.meyer7152@student.example.ac.za,073 555 5026,"2 Neethling St, Stellenbosch, 7600"
24596085,Adams,Karabo,2000-12-06,Female,karabo.adams6085@student.example.ac.za,079 555 9236,"Flat 23, 49 Ryneveld St, Stellenbosch, 7600"
25624815,Hendricks,Riaan,2005-11-17,Male,riaan.hendricks4815@student.example.ac.za,079 555 5111,"Room 324, Kruispad Hall, Stellenbosch, 7600"
22231747,Hendricks,Xolani,2004-10-04,Male,xolani.hendricks1747@student.example.ac.za,081 555 4210,"9 Neethling St, Stellenbosch, 7600"
21593330,Coetzee,Liam,2003-12-01,Male,liam.coetzee3330@student.example.ac.za,079 555 2203,"72 Helshoogte Rd, Stellenbosch, 7600"
22399222,Mahlangu,Jordan,2007-10-01,Prefer not to say,jordan.mahlangu9222@student.example.ac.za,060 555 8356,"Room 340, Eikestad House, Stellenbosch, 7600"
26457158,Xaba,Ian,2006-09-08,Male,ian.xaba7158@student.example.ac.za,084 555 6574,"115 Victoria St, Stellenbosch, 7600"
20972454,Swanepoel,Tumelo,2006-10-31,Female,tumelo.swanepoel2454@student.example.ac.za,060 555 9353,"Room 312, Simonsberg House, Stellenbosch, 7600"
23332845,Ndlovu,Gugu,2007-04-13,Female,gugu.ndlovu2845@student.example.ac.za,081 555 6365,"Flat 2, 27 Helshoogte Rd, Stellenbosch, 7600"
22696169,Williams,Elri,2005-12-01,Female,elri.williams6169@student.example.ac.za,081 555 0279,"Flat 9, 55 Merriman Ave, Stellenbosch, 7600"
26936494,Booysen,Deon,2007-10-17,Male,deon.booysen6494@student.example.ac.za,078 555 3773,"116 Merriman Ave, Stellenbosch, 7600"
23280131,Brits,Jana,2006-10-02,Female,jana.brits0131@student.example.ac.za,072 555 6606,"Flat 6, 152 Dorp St, Stellenbosch, 7600"
21355072,Booysen,Amahle,2006-08-05,Female,amahle.booysen5072@student.example.ac.za,071 555 3024,"Room 391, Eikestad House, Stellenbosch, 7600"
23491926,Sithole,Chloe,2004-04-17,Non-binary,chloe.sithole1926@student.example.ac.za,078 555 3483,"Room 127, Eikestad House, Stellenbosch, 7600"
27494592,Petersen,Riaan,2006-08-23,Male,riaan.petersen4592@student.example.ac.za,076 555 1463,"36 Ryneveld St, Stellenbosch, 7600"
26951010,Botha,Taylor,2006-08-22,Non-binary,taylor.botha1010@student.example.ac.za,079 555 3660,"Room 190, Eikestad House, Stellenbosch, 7600"
23711460,Meyer,Reanette,2008-03-12,Female,reanette.meyer1460@student.example.ac.za,071 555 2981,"Room 375, Kruispad Hall, Stellenbosch, 7600"
20017621,Mahlangu,Kabelo,2007-07-09,Male,kabelo.mahlangu7621@student.example.ac.za,072 555 3869,"85 Bird St, Stellenbosch, 7600"
26806889,Swanepoel,Hendrik,2008-04-17,Male,hendrik.swanepoel6889@student.example.ac.za,079 555 0234,"Flat 1, 39 Ryneveld St, Stellenbosch, 7600"
24408995,Mahlangu,Ashwin,2003-02-17,Male,ashwin.mahlangu8995@student.example.ac.za,060 555 2779,"85 Dorp St, Stellenbosch, 7600"
22027694,Malan,Hendrik,2005-02-22,Male,hendrik.malan7694@student.example.ac.za,083 555 8236,"Room 152, Rozendal Lodge, Stellenbosch, 7600"
20580956,Williams,Zinhle,2005-12-19,Female,zinhle.williams0956@student.example.ac.za,076 555 1080,"Room 204, Lentelus House, Stellenbosch, 7600"
20658352,Brits,Nkosana,2005-04-22,Male,nkosana.brits8352@student.example.ac.za,071 555 1498,"58 Helshoogte Rd, Stellenbosch, 7600"
22444740,Booysen,Wian,2006-04-04,Male,wian.booysen4740@student.example.ac.za,073 555 0739,"120 Church St, Stellenbosch, 7600"
26724847,Dlamini,Anri,2003-02-19,Female,anri.dlamini4847@student.example.ac.za,082 555 6883,"146 Adam Tas Rd, Stellenbosch, 7600"
20440805,Jacobs,Pieter,2004-05-23,Male,pieter.jacobs0805@student.example.ac.za,076 555 7271,"139 Church St, Stellenbosch, 7600"
23401745,Zulu,Themba,2001-01-10,Male,themba.zulu1745@student.example.ac.za,083 555 5010,"80 Dorp St, Stellenbosch, 7600"
25043220,Xaba,Nomsa,2003-03-24,Female,nomsa.xaba3220@student.example.ac.za,079 555 4736,"Flat 27, 122 Church St, Stellenbosch, 7600"
26673512,Naidoo,Sarah,2004-06-04,Female,sarah.naidoo3512@student.example.ac.za,073 555 7913,"Flat 22, 120 Plein St, Stellenbosch, 7600"
23548852,Meyer,Chanel,2006-03-11,Female,chanel.meyer8852@student.example.ac.za,083 555 1314,"Room 184, Kruispad Hall, Stellenbosch, 7600"
24561681,Swanepoel,Dineo,2003-03-06,Female,dineo.swanepoel1681@student.example.ac.za,081 555 5048,"Flat 24, 3 Andringa St, Stellenbosch, 7600"
24795734,Venter,Ethan,2006-08-15,Male,ethan.venter5734@student.example.ac.za,081 555 4991,"108 Dorp St, Stellenbosch, 7600"
20219106,Du Plessis,Tumi,2004-10-06,Prefer not to say,tumi.duplessis9106@student.example.ac.za,084 555 3453,"155 Victoria St, Stellenbosch, 7600"
24853128,Van der Merwe,Ashwin,2005-08-30,Male,ashwin.vandermerwe3128@student.example.ac.za,083 555 0553,"Room 119, Rozendal Lodge, Stellenbosch, 7600"
22890498,Lombard,Fikile,2007-04-13,Male,fikile.lombard0498@student.example.ac.za,083 555 1327,"Room 328, Eikestad House, Stellenbosch, 7600"
27880440,Engelbrecht,Riaan,2003-08-14,Male,riaan.engelbrecht0440@student.example.ac.za,083 555 0139,"Room 259, Lentelus House, Stellenbosch, 7600"
26267100,Molefe,Chloe,2005-05-23,Female,chloe.molefe7100@student.example.ac.za,076 555 8051,"Room 108, Eikestad House, Stellenbosch, 7600"
22973263,Ndlovu,Thandi,2008-03-27,Female,thandi.ndlovu3263@student.example.ac.za,082 555 6555,"Flat 18, 134 Adam Tas Rd, Stellenbosch, 7600"
23647710,Molefe,Tumelo,2006-08-06,Female,tumelo.molefe7710@student.example.ac.za,081 555 1099,"Flat 24, 23 Merriman Ave, Stellenbosch, 7600"
20402765,Venter,Tshepo,2003-10-26,Male,tshepo.venter2765@student.example.ac.za,060 555 6348,"Room 269, Oude Molen Hall, Stellenbosch, 7600"
24183573,Lombard,Andile,2005-06-03,Male,andile.lombard3573@student.example.ac.za,082 555 8623,"144 Plein St, Stellenbosch, 7600"
27503944,Mbeki,Zoe,2004-08-09,Female,zoe.mbeki3944@student.example.ac.za,081 555 9937,"Room 399, Lentelus House, Stellenbosch, 7600"
26291129,Petersen,Anri,2003-10-20,Female,anri.petersen1129@student.example.ac.za,084 555 9300,"111 Plein St, Stellenbosch, 7600"
23825426,Khumalo,Sibusiso,2005-02-02,Male,sibusiso.khumalo5426@student.example.ac.za,079 555 7848,"Room 124, Eikestad House, Stellenbosch, 7600"
24814766,Nel,Ashwin,2000-02-22,Male,ashwin.nel4766@student.example.ac.za,084 555 2364,"Room 155, Lentelus House, Stellenbosch, 7600"
22638084,Lombard,Bianca,2005-07-09,Female,bianca.lombard8084@student.example.ac.za,076 555 3205,"Room 326, Rozendal Lodge, Stellenbosch, 7600"
21644818,Visser,Nomsa,2001-09-22,Female,nomsa.visser4818@student.example.ac.za,078 555 1096,"122 Helshoogte Rd, Stellenbosch, 7600"
25977453,Maharaj,Siya,2005-07-12,Male,siya.maharaj7453@student.example.ac.za,084 555 7391,"Room 235, Rozendal Lodge, Stellenbosch, 7600"
20236829,Le Roux,Palesa,2007-11-05,Female,palesa.leroux6829@student.example.ac.za,083 555 8686,"Room 359, Oude Molen Hall, Stellenbosch, 7600"
23202779,Pillay,Hannah,2007-02-03,Female,hannah.pillay2779@student.example.ac.za,082 555 6610,"Room 163, Kruispad Hall, Stellenbosch, 7600"
27088866,Brits,Dineo,2005-07-25,Prefer not to say,dineo.brits8866@student.example.ac.za,082 555 7039,"Room 213, Pniel Court, Stellenbosch, 7600"
23648533,Olivier,Xolani,2005-10-13,Male,xolani.olivier8533@student.example.ac.za,073 555 5603,"128 Church St, Stellenbosch, 7600"
27859474,Lombard,Nomsa,2008-01-13,Female,nomsa.lombard9474@student.example.ac.za,078 555 0643,"Room 350, Oude Molen Hall, Stellenbosch, 7600"
24041400,Brits,Lerato,2007-10-22,Female,lerato.brits1400@student.example.ac.za,078 555 4698,"117 Victoria St, Stellenbosch, 7600"
26956034,Ndlovu,Emma,2003-06-21,Female,emma.ndlovu6034@student.example.ac.za,073 555 2146,"Room 204, Pniel Court, Stellenbosch, 7600"
24396966,Tshabalala,Zanele,2005-10-15,Female,zanele.tshabalala6966@student.example.ac.za,084 555 4909,"Room 299, Simonsberg House, Stellenbosch, 7600"
21558088,Dlamini,Nomsa,2005-09-29,Female,nomsa.dlamini8088@student.example.ac.za,084 555 7459,"69 Dorp St, Stellenbosch, 7600"
24745966,Botha,Chloe,2007-09-24,Non-binary,chloe.botha5966@student.example.ac.za,079 555 4399,"Room 367, Simonsberg House, Stellenbosch, 7600"
25633165,Mahlangu,Faith,2002-07-20,Female,faith.mahlangu3165@student.example.ac.za,084 555 3732,"146 Victoria St, Stellenbosch, 7600"
27407708,Williams,Megan,2007-08-30,Female,megan.williams7708@student.example.ac.za,072 555 8523,"Room 134, Pniel Court, Stellenbosch, 7600"
21915633,Khumalo,Thandi,2005-10-15,Female,thandi.khumalo5633@student.example.ac.za,081 555 1674,"Room 116, Rozendal Lodge, Stellenbosch, 7600"
25985609,Smit,Jaco,2006-01-09,Male,jaco.smit5609@student.example.ac.za,060 555 0658,"13 Ryneveld St, Stellenbosch, 7600"
22424601,Nkosi,Christiaan,2000-06-09,Male,christiaan.nkosi4601@student.example.ac.za,071 555 5092,"95 Neethling St, Stellenbosch, 7600"
23486981,Le Roux,Bianca,2001-04-22,Female,bianca.leroux6981@student.example.ac.za,071 555 4146,"Flat 17, 58 Adam Tas Rd, Stellenbosch, 7600"
20874734,Coetzee,Aisha,2006-08-30,Female,aisha.coetzee4734@student.example.ac.za,076 555 6623,"Flat 12, 96 Bird St, Stellenbosch, 7600"
26883821,Le Roux,Kayla,2005-02-08,Female,kayla.leroux3821@student.example.ac.za,078 555 7871,"134 Helshoogte Rd, Stellenbosch, 7600"
21067845,Mahlangu,Chanel,2006-07-14,Female,chanel.mahlangu7845@student.example.ac.za,084 555 8472,"148 Dorp St, Stellenbosch, 7600"
26541542,Adams,Rohan,2004-02-23,Male,rohan.adams1542@student.example.ac.za,060 555 3071,"107 Dorp St, Stellenbosch, 7600"
25917024,Xaba,Hendrik,2007-12-23,Male,hendrik.xaba7024@student.example.ac.za,083 555 3059,"2 Plein St, Stellenbosch, 7600"
26192838,Van der Merwe,Christiaan,2004-07-11,Male,christiaan.vandermerwe2838@student.example.ac.za,078 555 1909,"Flat 27, 148 Victoria St, Stellenbosch, 7600"
21585604,Olivier,Faith,2008-05-12,Female,faith.olivier5604@student.example.ac.za,084 555 9325,"Room 286, Rozendal Lodge, Stellenbosch, 7600"
22793741,Khumalo,Mandla,2005-12-05,Male,mandla.khumalo3741@student.example.ac.za,083 555 3101,"Room 194, Eikestad House, Stellenbosch, 7600"
25430790,Dlamini,Sarah,2001-03-20,Female,sarah.dlamini0790@student.example.ac.za,079 555 0391,"Room 157, Simonsberg House, Stellenbosch, 7600"
22360141,Van Wyk,Megan,2005-03-23,Female,megan.vanwyk0141@student.example.ac.za,082 555 8850,"62 Helshoogte Rd, Stellenbosch, 7600"
24401035,Nel,Dineo,2006-12-25,Female,dineo.nel1035@student.example.ac.za,073 555 9811,"Flat 11, 112 Ryneveld St, Stellenbosch, 7600"
21910700,Van der Merwe,Gugu,2006-01-20,Female,gugu.vandermerwe0700@student.example.ac.za,076 555 9958,"5 Victoria St, Stellenbosch, 7600"
27962364,Radebe,Chloe,2007-06-16,Female,chloe.radebe2364@student.example.ac.za,081 555 7016,"Room 256, Kruispad Hall, Stellenbosch, 7600"
20313624,Swanepoel,Yusuf,2003-04-07,Male,yusuf.swanepoel3624@student.example.ac.za,072 555 0526,"99 Merriman Ave, Stellenbosch, 7600"
20863556,Maharaj,Lerato,2005-06-27,Female,lerato.maharaj3556@student.example.ac.za,072 555 7006,"Room 151, Eikestad House, Stellenbosch, 7600"
26391120,Tshabalala,Olivia,2005-07-09,Female,olivia.tshabalala1120@student.example.ac.za,084 555 7890,"Flat 12, 6 Andringa St, Stellenbosch, 7600"
25124461,Olivier,Buhle,2008-05-21,Female,buhle.olivier4461@student.example.ac.za,072 555 0616,"111 Adam Tas Rd, Stellenbosch, 7600"
25896401,Radebe,Liezl,2005-01-06,Female,liezl.radebe6401@student.example.ac.za,071 555 2975,"149 Adam Tas Rd, Stellenbosch, 7600"
22687773,Steyn,Precious,2003-05-20,Female,precious.steyn7773@student.example.ac.za,081 555 6309,"40 Victoria St, Stellenbosch, 7600"
23354800,Hendricks,Tumelo,2005-07-29,Female,tumelo.hendricks4800@student.example.ac.za,072 555 5332,"Flat 5, 104 Plein St, Stellenbosch, 7600"
20358277,Booysen,Olivia,2006-10-28,Female,olivia.booysen8277@student.example.ac.za,081 555 1731,"Flat 17, 55 Plein St, Stellenbosch, 7600"
26526840,Smit,Carmen,2004-03-15,Female,carmen.smit6840@student.example.ac.za,073 555 9751,"Room 341, Oude Molen Hall, Stellenbosch, 7600"
26280529,Olivier,Ethan,2004-01-23,Male,ethan.olivier0529@student.example.ac.za,084 555 3678,"Room 303, Rozendal Lodge, Stellenbosch, 7600"
26529093,Engelbrecht,Maya,2003-07-31,Female,maya.engelbrecht9093@student.example.ac.za,084 555 6511,"Room 316, Bergzicht Residence, Stellenbosch, 7600"
26220750,Du Plessis,Olivia,2007-07-16,Female,olivia.duplessis0750@student.example.ac.za,081 555 8364,"133 Andringa St, Stellenbosch, 7600"
22383609,Naidoo,Maya,2002-12-13,Female,maya.naidoo3609@student.example.ac.za,084 555 2246,"18 Banghoek Rd, Stellenbosch, 7600"
24855919,Malan,Daniel,2005-05-04,Non-binary,daniel.malan5919@student.example.ac.za,081 555 9634,"Flat 24, 145 Plein St, Stellenbosch, 7600"
26417604,Petersen,Kagiso,2002-08-02,Male,kagiso.petersen7604@student.example.ac.za,082 555 7937,"131 Victoria St, Stellenbosch, 7600"
27830118,Ndlovu,Tumelo,2007-07-21,Female,tumelo.ndlovu0118@student.example.ac.za,071 555 9038,"Flat 24, 29 Merriman Ave, Stellenbosch, 7600"
24520200,Pretorius,Lerato,2006-09-02,Female,lerato.pretorius0200@student.example.ac.za,082 555 0948,"Room 331, Bergzicht Residence, Stellenbosch, 7600"
23101456,Williams,Ethan,2008-08-06,Male,ethan.williams1456@student.example.ac.za,076 555 9560,"Room 233, Pniel Court, Stellenbosch, 7600"
22150885,Mokoena,Nomsa,2003-06-12,Female,nomsa.mokoena0885@student.example.ac.za,082 555 9587,"Room 258, Oude Molen Hall, Stellenbosch, 7600"
27239492,Du Plessis,Reanette,2005-06-09,Female,reanette.duplessis9492@student.example.ac.za,073 555 4264,"Flat 17, 1 Ryneveld St, Stellenbosch, 7600"
22878301,Dlamini,Francois,2007-05-25,Male,francois.dlamini8301@student.example.ac.za,083 555 1095,"Room 243, Pniel Court, Stellenbosch, 7600"
23224194,Du Plessis,Zoe,2005-09-01,Female,zoe.duplessis4194@student.example.ac.za,084 555 4542,"Room 254, Pniel Court, Stellenbosch, 7600"
20430347,Le Roux,Francois,2005-10-23,Male,francois.leroux0347@student.example.ac.za,072 555 7146,"91 Church St, Stellenbosch, 7600"
27031024,Fourie,Maya,2000-12-06,Female,maya.fourie1024@student.example.ac.za,084 555 8181,"Room 156, Rozendal Lodge, Stellenbosch, 7600"
22137303,Nel,Faith,2006-03-05,Female,faith.nel7303@student.example.ac.za,082 555 8591,"43 Bird St, Stellenbosch, 7600"
23883497,Du Plessis,Lerato,2005-12-08,Female,lerato.duplessis3497@student.example.ac.za,076 555 4431,"Room 289, Rozendal Lodge, Stellenbosch, 7600"
26546134,Nel,Zoe,2003-05-05,Female,zoe.nel6134@student.example.ac.za,078 555 5770,"Flat 18, 92 Ryneveld St, Stellenbosch, 7600"
25651930,Smit,Zinhle,2006-05-28,Female,zinhle.smit1930@student.example.ac.za,079 555 4238,"38 Church St, Stellenbosch, 7600"
20311516,Du Plessis,Imaan,2004-11-20,Female,imaan.duplessis1516@student.example.ac.za,060 555 3643,"137 Merriman Ave, Stellenbosch, 7600"
22972039,Engelbrecht,Emma,2007-11-08,Female,emma.engelbrecht2039@student.example.ac.za,081 555 9505,"82 Merriman Ave, Stellenbosch, 7600"
27561556,Mokoena,Anri,2006-04-21,Female,anri.mokoena1556@student.example.ac.za,078 555 8058,"Room 307, Pniel Court, Stellenbosch, 7600"
21334349,Du Plessis,Anri,2006-05-28,Female,anri.duplessis4349@student.example.ac.za,072 555 8397,"145 Merriman Ave, Stellenbosch, 7600"
23564560,Meyer,Daniel,2004-09-20,Male,daniel.meyer4560@student.example.ac.za,084 555 6637,"Flat 2, 11 Victoria St, Stellenbosch, 7600"
26161095,Van Wyk,Hendrik,2005-07-29,Male,hendrik.vanwyk1095@student.example.ac.za,078 555 4441,"61 Dorp St, Stellenbosch, 7600"
23779424,Maharaj,Jaco,2005-09-26,Male,jaco.maharaj9424@student.example.ac.za,060 555 0106,"Room 270, Simonsberg House, Stellenbosch, 7600"
23177755,Venter,Kayla,2005-03-15,Female,kayla.venter7755@student.example.ac.za,078 555 0656,"Room 180, Rozendal Lodge, Stellenbosch, 7600"
20025594,Petersen,Yusuf,2005-10-02,Male,yusuf.petersen5594@student.example.ac.za,084 555 2302,"87 Merriman Ave, Stellenbosch, 7600"
27409936,Malan,Gareth,2007-12-08,Male,gareth.malan9936@student.example.ac.za,081 555 1277,"83 Victoria St, Stellenbosch, 7600"
26867686,Nkosi,Anele,2007-03-16,Female,anele.nkosi7686@student.example.ac.za,083 555 2275,"Room 198, Lentelus House, Stellenbosch, 7600"
24106699,Molefe,Chanel,2006-05-26,Female,chanel.molefe6699@student.example.ac.za,081 555 0355,"Room 364, Simonsberg House, Stellenbosch, 7600"
20284216,Khumalo,Anele,2007-10-13,Female,anele.khumalo4216@student.example.ac.za,081 555 5234,"Flat 6, 41 Banghoek Rd, Stellenbosch, 7600"
23264484,Adams,Karabo,2003-11-19,Female,karabo.adams4484@student.example.ac.za,083 555 8893,"Room 332, Kruispad Hall, Stellenbosch, 7600"
22870245,Lombard,Megan,2005-12-05,Female,megan.lombard0245@student.example.ac.za,071 555 2386,"Room 336, Bergzicht Residence, Stellenbosch, 7600"
25441174,Jacobs,Nkosana,2005-03-05,Male,nkosana.jacobs1174@student.example.ac.za,073 555 2785,"Room 182, Rozendal Lodge, Stellenbosch, 7600"
27245117,Jansen,Carmen,2006-09-18,Female,carmen.jansen5117@student.example.ac.za,079 555 8835,"Flat 28, 106 Victoria St, Stellenbosch, 7600"
24622281,Maharaj,Bianca,2003-08-30,Female,bianca.maharaj2281@student.example.ac.za,072 555 3445,"Room 245, Oude Molen Hall, Stellenbosch, 7600"
25028677,Mokoena,Tiaan,2007-03-13,Male,tiaan.mokoena8677@student.example.ac.za,081 555 7398,"65 Neethling St, Stellenbosch, 7600"
21039036,Ndlovu,Zanele,2005-07-10,Female,zanele.ndlovu9036@student.example.ac.za,082 555 1118,"Room 392, Simonsberg House, Stellenbosch, 7600"
24826503,Booysen,Rohan,2006-01-09,Male,rohan.booysen6503@student.example.ac.za,076 555 1369,"92 Banghoek Rd, Stellenbosch, 7600"
24457019,Jacobs,Yusuf,2006-08-24,Male,yusuf.jacobs7019@student.example.ac.za,060 555 2441,"34 Banghoek Rd, Stellenbosch, 7600"
27746544,Visser,Fatima,2007-07-16,Female,fatima.visser6544@student.example.ac.za,060 555 7704,"49 Adam Tas Rd, Stellenbosch, 7600"
20315234,Jacobs,Precious,2004-11-16,Female,precious.jacobs5234@student.example.ac.za,081 555 6939,"80 Adam Tas Rd, Stellenbosch, 7600"
20512365,Swanepoel,Zakhele,2003-03-14,Male,zakhele.swanepoel2365@student.example.ac.za,079 555 9699,"Room 370, Simonsberg House, Stellenbosch, 7600"
22522285,Mahlangu,Liezl,2007-10-04,Female,liezl.mahlangu2285@student.example.ac.za,071 555 8801,"133 Banghoek Rd, Stellenbosch, 7600"
27076665,Dlamini,Dineo,2007-12-19,Female,dineo.dlamini6665@student.example.ac.za,060 555 6621,"Flat 25, 129 Banghoek Rd, Stellenbosch, 7600"
22084233,Van Wyk,Francois,2007-02-16,Male,francois.vanwyk4233@student.example.ac.za,076 555 4786,"Room 360, Lentelus House, Stellenbosch, 7600"
20545091,Venter,Liezl,2004-04-01,Female,liezl.venter5091@student.example.ac.za,084 555 1672,"Flat 13, 76 Andringa St, Stellenbosch, 7600"
26553962,Jacobs,Ethan,2005-09-11,Male,ethan.jacobs3962@student.example.ac.za,079 555 8175,"109 Plein St, Stellenbosch, 7600"
22433709,Radebe,Tshepo,2001-11-07,Male,tshepo.radebe3709@student.example.ac.za,071 555 6233,"Flat 26, 92 Adam Tas Rd, Stellenbosch, 7600"
24238420,Mokoena,Ian,2006-11-29,Male,ian.mokoena8420@student.example.ac.za,084 555 6399,"Room 384, Eikestad House, Stellenbosch, 7600"
20686066,Visser,Sibusiso,2000-01-19,Male,sibusiso.visser6066@student.example.ac.za,076 555 4582,"Room 251, Oude Molen Hall, Stellenbosch, 7600"
22902365,Williams,Jana,2005-04-26,Female,jana.williams2365@student.example.ac.za,081 555 1886,"Flat 10, 93 Neethling St, Stellenbosch, 7600"
25262695,Lombard,Jaco,2006-06-12,Male,jaco.lombard2695@student.example.ac.za,079 555 8227,"Room 215, Lentelus House, Stellenbosch, 7600"
23028893,Tshabalala,Nkosana,2005-06-20,Male,nkosana.tshabalala8893@student.example.ac.za,082 555 3695,"Flat 12, 70 Helshoogte Rd, Stellenbosch, 7600"
25441548,Olivier,Ashwin,2000-04-03,Male,ashwin.olivier1548@student.example.ac.za,084 555 7396,"Room 144, Rozendal Lodge, Stellenbosch, 7600"
25993007,Van der Merwe,Gugu,2006-06-07,Female,gugu.vandermerwe3007@student.example.ac.za,071 555 7487,"Flat 26, 81 Andringa St, Stellenbosch, 7600"
24380174,Swanepoel,Yusuf,2006-07-27,Male,yusuf.swanepoel0174@student.example.ac.za,072 555 7596,"Room 258, Rozendal Lodge, Stellenbosch, 7600"
22806238,Cele,Lungile,2003-06-24,Male,lungile.cele6238@student.example.ac.za,060 555 1132,"Flat 22, 98 Neethling St, Stellenbosch, 7600"
21989359,Maharaj,Daniel,2008-02-21,Male,daniel.maharaj9359@student.example.ac.za,079 555 0374,"Flat 4, 28 Helshoogte Rd, Stellenbosch, 7600"
21241923,Zulu,Rohan,2005-02-20,Male,rohan.zulu1923@student.example.ac.za,072 555 7005,"Room 381, Kruispad Hall, Stellenbosch, 7600"
24602254,Engelbrecht,Yusuf,2004-09-23,Male,yusuf.engelbrecht2254@student.example.ac.za,071 555 5422,"143 Victoria St, Stellenbosch, 7600"
27582264,Zulu,Karabo,2006-12-19,Female,karabo.zulu2264@student.example.ac.za,076 555 0548,"28 Church St, Stellenbosch, 7600"
25072294,Dlamini,Brandon,2002-10-28,Male,brandon.dlamini2294@student.example.ac.za,082 555 5367,"Room 255, Pniel Court, Stellenbosch, 7600"
26798046,Naidoo,Hannah,2005-05-27,Female,hannah.naidoo8046@student.example.ac.za,081 555 5279,"Room 399, Kruispad Hall, Stellenbosch, 7600"
25921718,Jacobs,Tshepo,2000-04-23,Male,tshepo.jacobs1718@student.example.ac.za,071 555 9561,"Room 369, Oude Molen Hall, Stellenbosch, 7600"
21359745,Pretorius,Lungile,2004-01-25,Male,lungile.pretorius9745@student.example.ac.za,083 555 3503,"Room 415, Kruispad Hall, Stellenbosch, 7600"
27449142,Zulu,Brandon,2006-06-22,Male,brandon.zulu9142@student.example.ac.za,073 555 8757,"Room 391, Oude Molen Hall, Stellenbosch, 7600"
20580783,Pillay,Amahle,2006-12-23,Female,amahle.pillay0783@student.example.ac.za,078 555 1539,"Room 338, Rozendal Lodge, Stellenbosch, 7600"
22941937,Jansen,Mpho,2004-04-03,Male,mpho.jansen1937@student.example.ac.za,072 555 9942,"Room 246, Kruispad Hall, Stellenbosch, 7600"
22023842,Booysen,Palesa,2005-06-30,Female,palesa.booysen3842@student.example.ac.za,060 555 7132,"Room 346, Pniel Court, Stellenbosch, 7600"
26286170,Malan,Bheki,2003-03-20,Male,bheki.malan6170@student.example.ac.za,072 555 5616,"Flat 1, 6 Adam Tas Rd, Stellenbosch, 7600"
26323243,Venter,Francois,2005-07-16,Male,francois.venter3243@student.example.ac.za,073 555 8428,"94 Adam Tas Rd, Stellenbosch, 7600"
24150888,Pillay,Chloe,2006-10-31,Female,chloe.pillay0888@student.example.ac.za,071 555 5096,"Room 397, Bergzicht Residence, Stellenbosch, 7600"
27618331,Mokoena,Amahle,2007-03-24,Female,amahle.mokoena8331@student.example.ac.za,078 555 8322,"Flat 26, 8 Merriman Ave, Stellenbosch, 7600"
23633942,Radebe,Thandi,2006-01-04,Female,thandi.radebe3942@student.example.ac.za,082 555 1880,"31 Ryneveld St, Stellenbosch, 7600"
21726170,Van Wyk,Anele,2006-01-14,Female,anele.vanwyk6170@student.example.ac.za,083 555 4948,"Room 325, Kruispad Hall, Stellenbosch, 7600"
23967853,Mahlangu,Nomsa,2005-08-14,Female,nomsa.mahlangu7853@student.example.ac.za,081 555 4376,"Flat 18, 45 Church St, Stellenbosch, 7600"
25378908,Brits,Chloe,2004-05-18,Female,chloe.brits8908@student.example.ac.za,083 555 3678,"Flat 26, 2 Plein St, Stellenbosch, 7600"
27599711,Zulu,Deon,2003-08-26,Male,deon.zulu9711@student.example.ac.za,076 555 4454,"Room 337, Pniel Court, Stellenbosch, 7600"
25569455,Sithole,Buhle,2004-12-30,Female,buhle.sithole9455@student.example.ac.za,073 555 1997,"Room 406, Simonsberg House, Stellenbosch, 7600"
20368489,Mbeki,Gareth,2005-01-27,Male,gareth.mbeki8489@student.example.ac.za,082 555 3496,"Room 280, Bergzicht Residence, Stellenbosch, 7600"
21796716,Malan,Kabelo,2002-04-18,Male,kabelo.malan6716@student.example.ac.za,073 555 1072,"Flat 7, 159 Adam Tas Rd, Stellenbosch, 7600"
22479166,Olivier,Lungile,2004-12-02,Male,lungile.olivier9166@student.example.ac.za,081 555 1522,"82 Banghoek Rd, Stellenbosch, 7600"
22364355,Fourie,Aisha,2004-09-18,Female,aisha.fourie4355@student.example.ac.za,083 555 9624,"Flat 27, 83 Adam Tas Rd, Stellenbosch, 7600"
25368138,Coetzee,Jaco,2003-08-27,Male,jaco.coetzee8138@student.example.ac.za,078 555 0776,"2 Merriman Ave, Stellenbosch, 7600"
25279900,Steyn,Liezl,2005-11-07,Female,liezl.steyn9900@student.example.ac.za,060 555 8035,"144 Plein St, Stellenbosch, 7600"
20643116,Fourie,Riaan,2003-11-11,Male,riaan.fourie3116@student.example.ac.za,060 555 4940,"Flat 8, 5 Neethling St, Stellenbosch, 7600"
26757730,Van der Merwe,Pieter,2005-06-21,Male,pieter.vandermerwe7730@student.example.ac.za,076 555 7319,"Room 265, Eikestad House, Stellenbosch, 7600"
23104207,Williams,Xolani,2005-08-25,Male,xolani.williams4207@student.example.ac.za,078 555 4278,"Room 122, Bergzicht Residence, Stellenbosch, 7600"
24571753,Smit,Fikile,2007-04-26,Male,fikile.smit1753@student.example.ac.za,060 555 6891,"Room 197, Eikestad House, Stellenbosch, 7600"
25599588,Venter,Lindiwe,2003-01-14,Female,lindiwe.venter9588@student.example.ac.za,082 555 4403,"Room 295, Bergzicht Residence, Stellenbosch, 7600"
23489716,Molefe,Ethan,2006-06-11,Male,ethan.molefe9716@student.example.ac.za,071 555 6243,"149 Plein St, Stellenbosch, 7600"
20291879,Radebe,Chloe,2003-04-14,Female,chloe.radebe1879@student.example.ac.za,072 555 9638,"99 Church St, Stellenbosch, 7600"
23885518,Lombard,Riaan,2006-02-11,Male,riaan.lombard5518@student.example.ac.za,078 555 7828,"140 Neethling St, Stellenbosch, 7600"
24203682,Nel,Gareth,2004-05-12,Male,gareth.nel3682@student.example.ac.za,076 555 1908,"56 Plein St, Stellenbosch, 7600"
26744009,Malan,Jana,2004-04-06,Female,jana.malan4009@student.example.ac.za,072 555 3338,"Room 318, Rozendal Lodge, Stellenbosch, 7600"
21639899,Maharaj,Riaan,2006-01-28,Male,riaan.maharaj9899@student.example.ac.za,081 555 0195,"Room 133, Lentelus House, Stellenbosch, 7600"
27122177,Khumalo,Chanel,2007-02-24,Female,chanel.khumalo2177@student.example.ac.za,082 555 8886,"Room 389, Lentelus House, Stellenbosch, 7600"
24051657,Williams,Bianca,2006-09-19,Female,bianca.williams1657@student.example.ac.za,071 555 1473,"Room 351, Kruispad Hall, Stellenbosch, 7600"
21685138,Mokoena,Hendrik,2006-03-19,Male,hendrik.mokoena5138@student.example.ac.za,084 555 3626,"Flat 19, 157 Ryneveld St, Stellenbosch, 7600"
25768730,Govender,Deon,2006-08-17,Male,deon.govender8730@student.example.ac.za,082 555 7442,"Room 416, Bergzicht Residence, Stellenbosch, 7600"
27090901,Van der Merwe,Pieter,2007-07-01,Male,pieter.vandermerwe0901@student.example.ac.za,084 555 7308,"Room 152, Pniel Court, Stellenbosch, 7600"
23584231,Mbeki,Anri,2006-07-21,Female,anri.mbeki4231@student.example.ac.za,083 555 7033,"Room 374, Pniel Court, Stellenbosch, 7600"
25933034,Petersen,Siya,2008-01-05,Male,siya.petersen3034@student.example.ac.za,071 555 6122,"Flat 10, 111 Dorp St, Stellenbosch, 7600"
24144125,Le Roux,Mpho,2006-09-26,Male,mpho.leroux4125@student.example.ac.za,072 555 6377,"Flat 27, 157 Neethling St, Stellenbosch, 7600"
26685739,Smit,Precious,2003-12-11,Female,precious.smit5739@student.example.ac.za,073 555 6651,"Flat 8, 97 Ryneveld St, Stellenbosch, 7600"
25148071,Nel,Ashwin,2002-11-10,Male,ashwin.nel8071@student.example.ac.za,071 555 6306,"Flat 10, 54 Banghoek Rd, Stellenbosch, 7600"
25203251,Van der Merwe,Buhle,2005-01-10,Female,buhle.vandermerwe3251@student.example.ac.za,076 555 8882,"Room 254, Pniel Court, Stellenbosch, 7600"
27076988,Coetzee,Bheki,2005-08-03,Male,bheki.coetzee6988@student.example.ac.za,060 555 6751,"37 Merriman Ave, Stellenbosch, 7600"
23438014,Steyn,Faith,2004-02-27,Female,faith.steyn8014@student.example.ac.za,078 555 8609,"98 Merriman Ave, Stellenbosch, 7600"
27056941,Zulu,Precious,2003-08-27,Female,precious.zulu6941@student.example.ac.za,071 555 3191,"114 Plein St, Stellenbosch, 7600"
24454810,Ndlovu,Palesa,2008-04-21,Female,palesa.ndlovu4810@student.example.ac.za,082 555 2397,"Room 106, Eikestad House, Stellenbosch, 7600"
21180912,Olivier,Lindiwe,2001-05-07,Female,lindiwe.olivier0912@student.example.ac.za,081 555 4886,"117 Merriman Ave, Stellenbosch, 7600"
20132345,Pather,Zinhle,2003-11-27,Female,zinhle.pather2345@student.example.ac.za,081 555 4523,"Room 380, Lentelus House, Stellenbosch, 7600"
27221213,Pretorius,Xolani,2006-08-11,Male,xolani.pretorius1213@student.example.ac.za,083 555 0552,"111 Neethling St, Stellenbosch, 7600"
25693614,Mokoena,Gugu,2006-11-23,Female,gugu.mokoena3614@student.example.ac.za,060 555 5948,"158 Victoria St, Stellenbosch, 7600"
26473506,Mbeki,Elri,2004-05-21,Female,elri.mbeki3506@student.example.ac.za,084 555 1854,"Room 214, Pniel Court, Stellenbosch, 7600"
21753131,Jansen,Naledi,2005-10-11,Female,naledi.jansen3131@student.example.ac.za,083 555 2815,"Room 346, Lentelus House, Stellenbosch, 7600"
25097294,Mokoena,Jana,2003-06-24,Female,jana.mokoena7294@student.example.ac.za,060 555 3774,"Room 196, Bergzicht Residence, Stellenbosch, 7600"
23226876,Sithole,Emma,2007-09-07,Female,emma.sithole6876@student.example.ac.za,072 555 3082,"Room 112, Bergzicht Residence, Stellenbosch, 7600"
27964842,Nel,Zakhele,2003-04-15,Male,zakhele.nel4842@student.example.ac.za,083 555 9697,"Room 301, Eikestad House, Stellenbosch, 7600"
26855722,Pillay,Neo,2004-10-06,Male,neo.pillay5722@student.example.ac.za,079 555 3113,"Flat 23, 3 Bird St, Stellenbosch, 7600"
24480773,Williams,Sarah,2001-11-07,Female,sarah.williams0773@student.example.ac.za,072 555 8119,"Flat 20, 83 Banghoek Rd, Stellenbosch, 7600"
20486146,Brits,Elri,2006-04-11,Female,elri.brits6146@student.example.ac.za,079 555 9721,"Flat 15, 114 Church St, Stellenbosch, 7600"
21561792,Pillay,Callum,2002-11-09,Male,callum.pillay1792@student.example.ac.za,073 555 6947,"Flat 4, 46 Plein St, Stellenbosch, 7600"
26487720,Le Roux,Wian,2008-08-14,Male,wian.leroux7720@student.example.ac.za,072 555 8428,"Flat 15, 144 Merriman Ave, Stellenbosch, 7600"
23597466,Jacobs,Amahle,2004-10-19,Female,amahle.jacobs7466@student.example.ac.za,072 555 5510,"8 Plein St, Stellenbosch, 7600"
23212005,Botha,Lerato,2006-02-10,Female,lerato.botha2005@student.example.ac.za,060 555 5195,"Room 169, Kruispad Hall, Stellenbosch, 7600"
21512708,Maharaj,Callum,2006-01-18,Male,callum.maharaj2708@student.example.ac.za,081 555 7759,"Room 209, Rozendal Lodge, Stellenbosch, 7600"
27986640,Jacobs,Wian,2006-11-22,Male,wian.jacobs6640@student.example.ac.za,073 555 1006,"Room 357, Bergzicht Residence, Stellenbosch, 7600"
27832227,Malan,Mandla,2002-12-23,Male,mandla.malan2227@student.example.ac.za,079 555 1504,"Room 249, Kruispad Hall, Stellenbosch, 7600"
25146580,Engelbrecht,Jason,2007-01-11,Male,jason.engelbrecht6580@student.example.ac.za,082 555 5919,"133 Dorp St, Stellenbosch, 7600"
24451358,Pillay,Daniel,2006-08-08,Male,daniel.pillay1358@student.example.ac.za,079 555 0008,"Room 264, Rozendal Lodge, Stellenbosch, 7600"
23462847,Naidoo,Xolani,2002-05-02,Male,xolani.naidoo2847@student.example.ac.za,084 555 7471,"Room 272, Bergzicht Residence, Stellenbosch, 7600"
20488923,Naidoo,Zanele,2007-01-12,Female,zanele.naidoo8923@student.example.ac.za,081 555 1069,"Flat 17, 52 Merriman Ave, Stellenbosch, 7600"
26567335,Maharaj,Naledi,2003-11-17,Female,naledi.maharaj7335@student.example.ac.za,071 555 4022,"Flat 10, 51 Banghoek Rd, Stellenbosch, 7600"
22749514,Adams,Olivia,2006-11-26,Female,olivia.adams9514@student.example.ac.za,084 555 6957,"Room 307, Bergzicht Residence, Stellenbosch, 7600"
20697815,Botha,Naledi,2005-10-28,Female,naledi.botha7815@student.example.ac.za,082 555 8964,"Room 157, Oude Molen Hall, Stellenbosch, 7600"
23063042,Malan,Thabo,2006-07-02,Male,thabo.malan3042@student.example.ac.za,076 555 6331,"Flat 6, 35 Merriman Ave, Stellenbosch, 7600"
21525067,Venter,Andile,2004-06-12,Male,andile.venter5067@student.example.ac.za,060 555 3852,"118 Adam Tas Rd, Stellenbosch, 7600"
27082628,Meyer,Kabelo,2006-11-27,Male,kabelo.meyer2628@student.example.ac.za,072 555 0362,"112 Neethling St, Stellenbosch, 7600"
26310972,Visser,Brandon,2005-04-25,Male,brandon.visser0972@student.example.ac.za,078 555 5621,"Room 255, Pniel Court, Stellenbosch, 7600"
27286484,Booysen,Rohan,2004-01-02,Male,rohan.booysen6484@student.example.ac.za,082 555 3344,"Flat 24, 26 Dorp St, Stellenbosch, 7600"
22530796,Venter,Thabo,2006-07-09,Male,thabo.venter0796@student.example.ac.za,083 555 3937,"Room 150, Pniel Court, Stellenbosch, 7600"
22846015,Maharaj,Kagiso,2008-02-08,Male,kagiso.maharaj6015@student.example.ac.za,072 555 3980,"Flat 2, 74 Ryneveld St, Stellenbosch, 7600"
25497854,Cele,Faith,2007-12-01,Female,faith.cele7854@student.example.ac.za,079 555 7052,"Room 167, Rozendal Lodge, Stellenbosch, 7600"
23968732,Steyn,Jaco,2002-01-26,Male,jaco.steyn8732@student.example.ac.za,073 555 0445,"Room 265, Kruispad Hall, Stellenbosch, 7600"
20011738,Fourie,Carmen,2007-05-18,Female,carmen.fourie1738@student.example.ac.za,073 555 8442,"58 Plein St, Stellenbosch, 7600"
26745820,Xaba,Aisha,2008-02-07,Female,aisha.xaba5820@student.example.ac.za,072 555 1090,"Room 317, Eikestad House, Stellenbosch, 7600"
20569703,Maharaj,Mandla,2006-05-14,Male,mandla.maharaj9703@student.example.ac.za,071 555 8173,"78 Neethling St, Stellenbosch, 7600"
27265920,Nkosi,Lindiwe,2006-09-16,Female,lindiwe.nkosi5920@student.example.ac.za,084 555 9761,"Room 332, Rozendal Lodge, Stellenbosch, 7600"
23336054,Pretorius,Buhle,2006-01-28,Female,buhle.pretorius6054@student.example.ac.za,060 555 3960,"10 Bird St, Stellenbosch, 7600"
25083680,Ndlovu,Christiaan,2003-11-01,Male,christiaan.ndlovu3680@student.example.ac.za,072 555 8561,"Room 374, Simonsberg House, Stellenbosch, 7600"
22983053,Coetzee,Olivia,2005-01-07,Female,olivia.coetzee3053@student.example.ac.za,076 555 5073,"Flat 28, 100 Neethling St, Stellenbosch, 7600"
21536357,Govender,Zinhle,2003-02-24,Female,zinhle.govender6357@student.example.ac.za,073 555 3176,"Flat 20, 106 Banghoek Rd, Stellenbosch, 7600"
20955521,Cele,Xolani,2005-10-30,Male,xolani.cele5521@student.example.ac.za,076 555 7972,"41 Church St, Stellenbosch, 7600"
23260595,Meyer,Olivia,2006-10-22,Female,olivia.meyer0595@student.example.ac.za,081 555 2409,"Flat 19, 60 Dorp St, Stellenbosch, 7600"
22234085,Xaba,Thabo,2007-10-10,Male,thabo.xaba4085@student.example.ac.za,079 555 3740,"Flat 17, 77 Bird St, Stellenbosch, 7600"
25649130,Smit,Imaan,2002-01-04,Female,imaan.smit9130@student.example.ac.za,060 555 1453,"9 Ryneveld St, Stellenbosch, 7600"
27506423,Sithole,Anele,2008-05-02,Female,anele.sithole6423@student.example.ac.za,084 555 3146,"Room 147, Rozendal Lodge, Stellenbosch, 7600"
22217408,Botha,Imaan,2004-02-10,Female,imaan.botha7408@student.example.ac.za,081 555 7413,"104 Church St, Stellenbosch, 7600"
21626955,Swanepoel,Faith,2006-12-02,Female,faith.swanepoel6955@student.example.ac.za,071 555 9730,"147 Helshoogte Rd, Stellenbosch, 7600"
25015557,Le Roux,Emma,2000-09-30,Female,emma.leroux5557@student.example.ac.za,084 555 9611,"115 Merriman Ave, Stellenbosch, 7600"
24874934,Van der Merwe,Xolani,2002-10-26,Male,xolani.vandermerwe4934@student.example.ac.za,079 555 1372,"Room 254, Eikestad House, Stellenbosch, 7600"
27596921,Xaba,Fikile,2006-05-25,Male,fikile.xaba6921@student.example.ac.za,082 555 2932,"Flat 24, 86 Helshoogte Rd, Stellenbosch, 7600"
20167542,Maharaj,Daniel,2006-06-28,Male,daniel.maharaj7542@student.example.ac.za,078 555 3813,"Room 324, Oude Molen Hall, Stellenbosch, 7600"
25166298,Naidoo,Jaco,2007-04-28,Male,jaco.naidoo6298@student.example.ac.za,073 555 5641,"Flat 8, 109 Ryneveld St, Stellenbosch, 7600"
23907619,Coetzee,Siya,2004-02-11,Male,siya.coetzee7619@student.example.ac.za,079 555 0130,"Flat 29, 142 Dorp St, Stellenbosch, 7600"
25260739,Lombard,Maya,2005-01-02,Female,maya.lombard0739@student.example.ac.za,072 555 7015,"Flat 5, 139 Banghoek Rd, Stellenbosch, 7600"
24094473,Kruger,Elri,2006-10-03,Female,elri.kruger4473@student.example.ac.za,060 555 4571,"94 Andringa St, Stellenbosch, 7600"
25886716,Mokoena,Aisha,2006-12-06,Female,aisha.mokoena6716@student.example.ac.za,083 555 0744,"Room 258, Simonsberg House, Stellenbosch, 7600"
24402686,Du Plessis,Precious,2006-06-27,Female,precious.duplessis2686@student.example.ac.za,060 555 6986,"Room 393, Kruispad Hall, Stellenbosch, 7600"
20175590,Nel,Hannah,2006-07-18,Female,hannah.nel5590@student.example.ac.za,072 555 5985,"Room 156, Rozendal Lodge, Stellenbosch, 7600"
22106803,Kruger,Zoe,2006-03-12,Female,zoe.kruger6803@student.example.ac.za,071 555 6613,"Room 213, Lentelus House, Stellenbosch, 7600"
25220077,Kruger,Maya,2005-10-27,Female,maya.kruger0077@student.example.ac.za,071 555 2994,"147 Merriman Ave, Stellenbosch, 7600"
22192299,Visser,Mpho,2005-05-14,Male,mpho.visser2299@student.example.ac.za,078 555 8285,"42 Helshoogte Rd, Stellenbosch, 7600"
21810519,Maharaj,Nomsa,2007-11-14,Female,nomsa.maharaj0519@student.example.ac.za,073 555 6834,"Room 374, Simonsberg House, Stellenbosch, 7600"
26257873,Ndlovu,Nkosana,2004-08-06,Male,nkosana.ndlovu7873@student.example.ac.za,073 555 9966,"Room 246, Kruispad Hall, Stellenbosch, 7600"
25240762,Le Roux,Deon,2007-05-25,Male,deon.leroux0762@student.example.ac.za,078 555 1627,"Flat 22, 88 Bird St, Stellenbosch, 7600"
27228367,Nel,Lungile,2003-12-10,Male,lungile.nel8367@student.example.ac.za,076 555 7823,"78 Adam Tas Rd, Stellenbosch, 7600"
20654342,Malan,Rohan,2007-02-08,Male,rohan.malan4342@student.example.ac.za,081 555 7896,"Room 142, Pniel Court, Stellenbosch, 7600"
22510867,Brits,Riaan,2005-02-08,Male,riaan.brits0867@student.example.ac.za,079 555 2260,"Room 404, Kruispad Hall, Stellenbosch, 7600"
26632391,Lombard,Wian,2005-08-21,Male,wian.lombard2391@student.example.ac.za,071 555 6482,"140 Andringa St, Stellenbosch, 7600"
24324440,Sithole,Hannah,2005-10-02,Female,hannah.sithole4440@student.example.ac.za,060 555 0095,"Room 235, Kruispad Hall, Stellenbosch, 7600"
24145044,Mbeki,Fikile,2006-06-19,Male,fikile.mbeki5044@student.example.ac.za,078 555 1455,"81 Bird St, Stellenbosch, 7600"
22449818,Mokoena,Zoe,2005-11-03,Female,zoe.mokoena9818@student.example.ac.za,073 555 6706,"Room 337, Eikestad House, Stellenbosch, 7600"
21300178,Govender,Fatima,2002-04-06,Female,fatima.govender0178@student.example.ac.za,072 555 7664,"Room 312, Bergzicht Residence, Stellenbosch, 7600"
22987997,Du Plessis,Carmen,2004-06-25,Female,carmen.duplessis7997@student.example.ac.za,083 555 1151,"Flat 25, 80 Banghoek Rd, Stellenbosch, 7600"
27836475,Steyn,Neo,2005-06-22,Male,neo.steyn6475@student.example.ac.za,083 555 7256,"Room 404, Kruispad Hall, Stellenbosch, 7600"
20025814,Nkosi,Callum,2006-07-11,Male,callum.nkosi5814@student.example.ac.za,060 555 5068,"114 Ryneveld St, Stellenbosch, 7600"
27001274,Brits,Faith,2006-07-07,Female,faith.brits1274@student.example.ac.za,072 555 4218,"Flat 27, 49 Dorp St, Stellenbosch, 7600"
27019341,Coetzee,Tiaan,2005-10-21,Male,tiaan.coetzee9341@student.example.ac.za,079 555 3754,"Room 297, Lentelus House, Stellenbosch, 7600"
